frame,bass,low_mid,mid,high_mid,high,beat,energy
1,0.001774,0.002499,1.5e-05,8e-06,5e-06,0.0,0.001946
2,0.001819,0.002937,8e-06,1e-06,1e-06,0.0,0.002024
3,0.003043,0.003866,1.9e-05,2e-06,0.0,0.0,0.003308
4,0.004555,0.006,7.5e-05,3e-06,0.0,0.0,0.004968
5,0.005914,0.009169,0.000116,3e-06,0.0,0.0,0.006553
6,0.008845,0.012658,0.000214,8e-06,1e-06,1.0,0.009723
7,0.013031,0.017347,0.000154,7e-06,1e-06,1.0,0.014225
8,0.016404,0.020846,0.000189,1.4e-05,2e-06,0.0,0.017833
9,0.016752,0.022776,0.000566,1.7e-05,2e-06,0.0,0.018328
10,0.020706,0.028858,0.00089,1.6e-05,2e-06,0.0,0.022708
11,0.022996,0.035281,0.000628,3.2e-05,6e-06,0.0,0.025456
12,0.025574,0.040035,0.000466,3.8e-05,3e-06,0.0,0.028366
13,0.028757,0.042596,0.000313,6e-05,5e-06,0.0,0.031713
14,0.031088,0.046158,0.000507,2.2e-05,3e-06,0.0,0.034294
15,0.036083,0.053696,0.000213,4.5e-05,1.3e-05,0.0,0.039808
16,0.034843,0.056547,0.000655,6.9e-05,1.9e-05,0.0,0.038796
17,0.036047,0.064923,0.000719,9.1e-05,1.1e-05,0.0,0.040615
18,0.038857,0.071099,0.001085,0.000109,1.8e-05,0.0,0.043868
19,0.039982,0.070079,0.001116,4.7e-05,1.2e-05,0.0,0.044909
20,0.040416,0.07269,0.000893,8e-05,9e-06,0.0,0.045531
21,0.043806,0.073702,0.000707,8e-05,1.5e-05,0.0,0.048968
22,0.04476,0.076847,0.003223,8.2e-05,1.4e-05,0.0,0.050182
23,0.051069,0.090298,0.006146,0.000117,1.2e-05,0.0,0.057485
24,0.049746,0.074937,0.002487,0.000128,2.3e-05,0.0,0.054979
25,0.052023,0.075318,0.003156,0.000177,2.2e-05,0.0,0.057276
26,0.058643,0.084259,0.003566,0.000237,1.6e-05,0.0,0.064517
27,0.052026,0.076758,0.001587,0.000247,2.4e-05,0.0,0.057365
28,0.051686,0.072169,0.001225,0.000268,1.4e-05,0.0,0.056681
29,0.049849,0.070719,0.001232,0.000306,1.9e-05,0.0,0.054751
30,0.060861,0.081843,0.002397,0.000391,6.1e-05,0.0,0.066523
31,0.065634,0.097364,0.005445,0.000596,0.00019,0.0,0.072456
32,0.064332,0.107279,0.007369,0.00108,6.6e-05,0.0,0.071929
33,0.072267,0.096956,0.00609,0.000921,6.7e-05,0.0,0.079017
34,0.057329,0.101478,0.003849,0.001614,6.6e-05,0.0,0.064501
35,0.055896,0.103199,0.003557,0.000784,4.8e-05,0.0,0.063201
36,0.062407,0.095939,0.005492,0.000802,4.6e-05,0.0,0.069148
37,0.06464,0.080015,0.005145,0.000616,8.5e-05,0.0,0.070175
38,0.05833,0.07949,0.008032,0.001132,5.8e-05,0.0,0.063914
39,0.051672,0.085344,0.008224,0.001798,9.6e-05,0.0,0.057745
40,0.054085,0.067244,0.010061,0.001915,0.000132,0.0,0.058818
41,0.060864,0.081922,0.009955,0.001884,0.000205,0.0,0.066636
42,0.064166,0.091916,0.009726,0.002583,0.000301,0.0,0.070655
43,0.058051,0.088589,0.013995,0.004555,0.000381,0.0,0.0644
44,0.059762,0.071012,0.008704,0.006014,0.00039,0.0,0.064722
45,0.056469,0.062603,0.025024,0.005261,0.000412,0.0,0.061048
46,0.061651,0.056741,0.022269,0.010414,0.000533,0.0,0.065725
47,0.054242,0.050881,0.019588,0.004329,0.000421,0.0,0.057889
48,0.054643,0.040864,0.018054,0.003401,0.00039,0.0,0.05752
49,0.054809,0.050787,0.016526,0.008843,0.000528,0.0,0.058411
50,0.06399,0.040621,0.023491,0.013723,0.000511,0.0,0.066869
51,0.049864,0.039314,0.025573,0.008157,0.000643,0.0,0.052772
52,0.05069,0.032418,0.022926,0.003742,0.001039,0.0,0.053035
53,0.060945,0.032631,0.015891,0.008289,0.002888,0.0,0.06314
54,0.058185,0.030719,0.014008,0.010701,0.001348,0.0,0.060237
55,0.062033,0.047032,0.027731,0.012988,0.001959,0.0,0.065461
56,0.058756,0.047902,0.039771,0.015278,0.001064,0.0,0.06244
57,0.071384,0.093926,0.036789,0.047854,0.001621,0.0,0.078414
58,0.066467,0.070689,0.041713,0.04236,0.002442,0.0,0.071863
59,0.059955,0.038206,0.044989,0.08139,0.004745,0.0,0.063096
60,0.061049,0.035376,0.045044,0.073843,0.004086,0.0,0.063959
61,0.06045,0.035547,0.087442,0.104076,0.006288,0.0,0.064005
62,0.061931,0.019182,0.117051,0.087136,0.003409,0.0,0.064628
63,0.068989,0.031645,0.111278,0.087582,0.009454,0.0,0.072483
64,0.063409,0.027093,0.111836,0.093285,0.008405,0.0,0.066624
65,0.062031,0.033176,0.096129,0.11338,0.006887,0.0,0.065531
66,0.065208,0.028893,0.132341,0.148737,0.006917,0.0,0.068918
67,0.066255,0.031429,0.123781,0.133418,0.007818,0.0,0.070004
68,0.060846,0.032907,0.117675,0.159599,0.012132,0.0,0.064709
69,0.069176,0.030078,0.124729,0.058912,0.006613,0.0,0.072684
70,0.066409,0.031751,0.017775,0.005169,0.001185,0.0,0.068516
71,0.061649,0.045123,0.167139,0.015863,0.005455,0.0,0.066834
72,0.067291,0.040577,0.231036,0.033965,0.001934,0.0,0.072993
73,0.060363,0.04506,0.251442,0.040953,0.002511,0.0,0.066741
74,0.053862,0.047127,0.273893,0.043196,0.002622,0.0,0.060753
75,0.069609,0.044481,0.328659,0.034704,0.003316,0.0,0.076911
76,0.060483,0.059584,0.342113,0.036276,0.002437,0.0,0.069163
77,0.068575,0.078829,0.322576,0.037017,0.001316,0.0,0.078362
78,0.064233,0.095814,0.382437,0.041921,0.001945,0.0,0.076139
79,0.060281,0.096501,0.449485,0.035223,0.001773,0.0,0.073166
80,0.081886,0.098976,0.476484,0.047068,0.001821,0.0,0.095178
81,0.072389,0.106709,0.49368,0.043847,0.004217,0.0,0.086557
82,0.077096,0.079581,0.443011,0.02527,0.005202,0.0,0.088488
83,0.0703,0.048527,0.138468,0.01992,0.001705,0.0,0.075291
84,0.065717,0.033367,0.02624,0.008827,0.001172,0.0,0.068072
85,0.069065,0.047996,0.07883,0.016729,0.001518,0.0,0.07321
86,0.058995,0.049251,0.102395,0.016667,0.001624,0.0,0.06363
87,0.067376,0.049286,0.059119,0.01118,0.001187,0.0,0.071353
88,0.066422,0.039847,0.058724,0.019051,0.00055,0.0,0.069713
89,0.072107,0.028959,0.071023,0.025601,0.000816,0.0,0.074722
90,0.077996,0.020778,0.066351,0.010056,0.001713,0.0,0.079866
91,0.080712,0.026049,0.05084,0.069829,0.000929,0.0,0.082848
92,0.077867,0.040565,0.046636,0.022115,0.000615,0.0,0.080965
93,0.068702,0.035952,0.063919,0.007947,0.000456,0.0,0.071736
94,0.083421,0.051846,0.067016,0.008905,0.000368,0.0,0.08757
95,0.08687,0.041575,0.063957,0.012911,0.000373,0.0,0.090193
96,0.075022,0.045503,0.088998,0.014301,0.000663,0.0,0.07907
97,0.075697,0.039891,0.075461,0.008179,0.000919,0.0,0.079128
98,0.072743,0.041711,0.069127,0.020553,0.001018,0.0,0.076268
99,0.083921,0.079382,0.062439,0.009849,0.000937,0.0,0.090055
100,0.076745,0.087047,0.06122,0.016994,0.002427,0.0,0.0835
101,0.071886,0.085614,0.046064,0.011767,0.001566,0.0,0.078357
102,0.078136,0.098191,0.037765,0.016852,0.001116,0.0,0.085391
103,0.05713,0.094382,0.058982,0.023908,0.00075,0.0,0.064563
104,0.070015,0.102605,0.028859,0.00471,0.001293,0.0,0.077519
105,0.08054,0.124962,0.028459,0.021806,0.000891,0.0,0.089652
106,0.064759,0.090109,0.04379,0.011839,0.000806,0.0,0.071588
107,0.07339,0.049951,0.031566,0.006778,0.000796,0.0,0.07699
108,0.061919,0.040267,0.034037,0.019514,0.001146,0.0,0.06494
109,0.06493,0.054476,0.052165,0.021086,0.000616,0.0,0.069235
110,0.066918,0.046725,0.067375,0.007029,0.00068,0.0,0.070813
111,0.064737,0.06262,0.054716,0.015854,0.000643,0.0,0.069675
112,0.062092,0.04523,0.078132,0.01577,0.000591,0.0,0.066073
113,0.065601,0.048957,0.083205,0.003791,0.000761,0.0,0.069881
114,0.060753,0.04294,0.047485,0.01674,0.000476,0.0,0.064161
115,0.053012,0.057864,0.04848,0.006986,0.000711,0.0,0.057585
116,0.054849,0.052956,0.066795,0.008113,0.000361,0.0,0.059294
117,0.047646,0.043941,0.088985,0.008971,0.000697,0.0,0.051777
118,0.044639,0.042376,0.048157,0.010711,0.000381,0.0,0.048126
119,0.058812,0.037939,0.057443,0.01088,0.000813,0.0,0.061987
120,0.051343,0.040759,0.055294,0.005794,0.000702,0.0,0.054747
121,0.055965,0.065911,0.035117,0.009403,0.000713,0.0,0.060937
122,0.065704,0.052148,0.050232,0.011821,0.000609,0.0,0.069787
123,0.057355,0.035033,0.046683,0.009796,0.000598,0.0,0.060176
124,0.05976,0.062228,0.045575,0.026039,0.000824,0.0,0.0646
125,0.06016,0.066451,0.063694,0.023936,0.000881,0.0,0.065555
126,0.061005,0.051657,0.052116,0.01538,0.000525,0.0,0.06512
127,0.064881,0.080601,0.069045,0.010256,0.000824,0.0,0.071341
128,0.0685,0.043819,0.063103,0.00802,0.000515,0.0,0.07211
129,0.088206,0.064602,0.055931,0.009317,0.000293,0.0,0.093118
130,0.080829,0.066201,0.035355,0.008312,0.00029,0.0,0.085635
131,0.080385,0.101157,0.056518,0.007214,0.000438,0.0,0.088082
132,0.086638,0.067731,0.064234,0.010814,0.000655,0.0,0.09191
133,0.083049,0.061721,0.067428,0.006706,0.000657,0.0,0.087938
134,0.083734,0.040476,0.045967,0.011065,0.000615,0.0,0.086752
135,0.087949,0.051005,0.044016,0.010469,0.000713,0.0,0.091691
136,0.096543,0.064706,0.045414,0.008095,0.000438,0.0,0.101254
137,0.095565,0.039632,0.064341,0.018278,0.000818,0.0,0.098692
138,0.093871,0.047471,0.059184,0.018748,0.000702,0.0,0.097525
139,0.101321,0.050566,0.112421,0.006827,0.001076,0.0,0.105851
140,0.108208,0.05037,0.083545,0.015992,0.001188,0.0,0.112295
141,0.108854,0.063223,0.156833,0.013001,0.000968,0.0,0.114882
142,0.100588,0.045195,0.170125,0.009666,0.002056,0.0,0.105512
143,0.096609,0.054835,0.095024,0.009905,0.001967,0.0,0.101261
144,0.113645,0.052224,0.100898,0.012933,0.002426,0.0,0.118059
145,0.08716,0.052497,0.099878,0.011154,0.001283,0.0,0.091779
146,0.098382,0.082648,0.142207,0.022178,0.001929,0.0,0.105753
147,0.095798,0.078904,0.174363,0.017183,0.00197,0.0,0.103338
148,0.075015,0.056763,0.18178,0.011586,0.003588,0.0,0.081156
149,0.093056,0.053482,0.139059,0.031642,0.003868,0.0,0.098271
150,0.089976,0.052495,0.145418,0.02734,0.002576,0.0,0.09522
151,0.100953,0.052551,0.202637,0.043996,0.005064,0.0,0.106923
152,0.112638,0.043336,0.182389,0.05235,0.004479,0.0,0.117573
153,0.097352,0.044852,0.241427,0.031568,0.007354,0.0,0.103281
154,0.103939,0.068075,0.25401,0.04132,0.003477,0.0,0.111734
155,0.109538,0.089781,0.263518,0.031362,0.006461,0.0,0.119017
156,0.093146,0.098344,0.1043,0.063258,0.004944,0.0,0.101283
157,0.083529,0.038045,0.299625,0.062077,0.004802,0.0,0.089899
158,0.108568,0.045413,0.276288,0.051034,0.010959,0.0,0.114961
159,0.097101,0.071452,0.347282,0.034523,0.010533,0.0,0.106454
160,0.099626,0.062527,0.303689,0.055469,0.007362,0.0,0.107741
161,0.091043,0.094565,0.280759,0.049673,0.008116,0.0,0.101286
162,0.08734,0.127005,0.237138,0.040423,0.007255,0.0,0.099417
163,0.090696,0.132339,0.274691,0.047773,0.009566,0.0,0.103667
164,0.099453,0.09356,0.285757,0.064595,0.011806,0.0,0.109652
165,0.10025,0.086611,0.292419,0.061709,0.004816,0.0,0.11001
166,0.088232,0.074254,0.360033,0.052672,0.004149,0.0,0.098065
167,0.087745,0.063431,0.352943,0.057872,0.004706,0.0,0.096689
168,0.085822,0.043118,0.36035,0.056,0.006631,0.0,0.093366
169,0.079677,0.046303,0.306052,0.042225,0.005908,0.0,0.086744
170,0.086852,0.066256,0.255316,0.047034,0.004971,0.0,0.09467
171,0.074034,0.068565,0.202804,0.036485,0.002474,0.0,0.08139
172,0.081113,0.056393,0.05299,0.006944,0.000178,0.0,0.085424
173,0.086426,0.050321,0.07307,0.01422,0.002013,0.0,0.09053
174,0.077094,0.04948,0.102985,0.016395,0.001824,0.0,0.081616
175,0.093809,0.056116,0.110445,0.020037,0.002083,0.0,0.098805
176,0.078143,0.062744,0.118967,0.02011,0.002649,0.0,0.083868
177,0.085714,0.048492,0.035131,0.00775,0.000753,0.0,0.089161
178,0.098483,0.04267,0.023578,0.004384,0.00066,0.0,0.101236
179,0.095877,0.052169,0.056803,0.005231,0.001086,0.0,0.09981
180,0.084236,0.068066,0.061827,0.010163,0.000801,0.0,0.089518
181,0.083534,0.044401,0.085529,0.005779,0.000688,0.0,0.087374
182,0.091674,0.050117,0.041612,0.009729,0.000761,0.0,0.095288
183,0.08756,0.041538,0.024818,0.015146,0.000745,0.0,0.090348
184,0.083043,0.052629,0.058288,0.008579,0.000457,0.0,0.087133
185,0.088968,0.06267,0.051105,0.006917,0.000894,0.0,0.09366
186,0.094759,0.081062,0.040843,0.007194,0.00066,0.0,0.100637
187,0.089034,0.070966,0.070041,0.008392,0.000371,0.0,0.094603
188,0.083149,0.07653,0.070026,0.01156,0.00035,0.0,0.089183
189,0.080767,0.067573,0.04758,0.005707,0.000481,0.0,0.085837
190,0.083727,0.038142,0.054324,0.010056,0.000906,0.0,0.086683
191,0.076418,0.029479,0.03611,0.004582,0.000907,0.0,0.078529
192,0.07959,0.046134,0.062901,0.004676,0.000767,0.0,0.083279
193,0.07499,0.046347,0.064743,0.014195,0.0005,0.0,0.078772
194,0.071632,0.065408,0.031655,0.006897,0.000393,0.0,0.076397
195,0.09387,0.042133,0.023805,0.016403,0.000402,0.0,0.096643
196,0.0926,0.022802,0.03594,0.004061,0.00051,0.0,0.094087
197,0.087418,0.022273,0.04363,0.004361,0.000375,0.0,0.089009
198,0.091249,0.0283,0.052427,0.012941,0.000325,0.0,0.093394
199,0.095251,0.053074,0.064702,0.008632,0.000214,0.0,0.099369
200,0.092235,0.051949,0.042475,0.006854,0.000503,0.0,0.095988
201,0.093357,0.03522,0.044028,0.005157,0.000243,0.0,0.095874
202,0.092744,0.039255,0.02835,0.014583,0.00019,0.0,0.09537
203,0.084609,0.035199,0.023082,0.004316,0.000318,0.0,0.086905
204,0.082172,0.043741,0.031568,0.004984,0.000289,0.0,0.085239
205,0.085948,0.050468,0.059256,0.003631,0.000179,0.0,0.08986
206,0.089729,0.059759,0.02533,0.00369,0.000148,0.0,0.093844
207,0.083023,0.064619,0.012184,0.00718,6.6e-05,0.0,0.087378
208,0.084435,0.088839,0.014795,0.005999,0.000119,0.0,0.090616
209,0.080987,0.076475,0.025443,0.002868,0.000139,0.0,0.086412
210,0.073228,0.066074,0.025895,0.004992,0.000103,0.0,0.077948
211,0.074916,0.047652,0.031324,0.003406,8.5e-05,0.0,0.078324
212,0.072,0.045752,0.015668,0.00185,0.000101,0.0,0.075073
213,0.083367,0.02981,0.027986,0.003113,0.000119,0.0,0.085336
214,0.068071,0.021917,0.020405,0.0022,0.000143,0.0,0.069465
215,0.075383,0.032901,0.025686,0.001976,0.000121,0.0,0.07761
216,0.078113,0.050193,0.014762,0.001573,0.00017,0.0,0.081458
217,0.080956,0.091159,0.016452,0.00242,7.9e-05,0.0,0.087351
218,0.073654,0.102823,0.015482,0.002024,8.6e-05,0.0,0.08096
219,0.07786,0.054786,0.030395,0.003787,6.9e-05,0.0,0.081763
220,0.081538,0.056235,0.018373,0.001266,8.5e-05,0.0,0.085354
221,0.070518,0.045488,0.018004,0.001984,7.9e-05,0.0,0.073614
222,0.074485,0.045195,0.016309,0.002721,9.8e-05,0.0,0.077507
223,0.085083,0.046481,0.008,0.002343,6.8e-05,0.0,0.088007
224,0.078483,0.037371,0.005574,0.002503,7.5e-05,0.0,0.080747
225,0.090233,0.029637,0.010401,0.001822,8.9e-05,0.0,0.091896
226,0.074583,0.023942,0.008539,0.002639,7.5e-05,0.0,0.075917
227,0.081455,0.057924,0.021789,0.001993,0.000129,0.0,0.085445
228,0.078564,0.041398,0.00424,0.001478,8.8e-05,0.0,0.081107
229,0.082353,0.034682,0.011535,0.001707,8.4e-05,0.0,0.084466
230,0.090398,0.03803,0.015253,0.002135,6e-05,0.0,0.092751
231,0.103387,0.041226,0.011621,0.001541,4.7e-05,0.0,0.105829
232,0.10397,0.02677,0.016394,0.001482,5.5e-05,0.0,0.105396
233,0.098668,0.030035,0.007808,0.002055,6.4e-05,0.0,0.100261
234,0.099612,0.023803,0.00817,0.001499,8.8e-05,0.0,0.100738
235,0.108743,0.02908,0.010978,0.001348,6.1e-05,0.0,0.11023
236,0.123417,0.021034,0.006277,0.002043,4.1e-05,0.0,0.124131
237,0.107398,0.024019,0.00643,0.001838,6.2e-05,0.0,0.108459
238,0.097413,0.024038,0.004433,0.003162,5.6e-05,0.0,0.098526
239,0.089545,0.0341,0.005139,0.00228,3.5e-05,0.0,0.091475
240,0.078467,0.019688,0.006985,0.002036,4.1e-05,0.0,0.079433
241,0.08893,0.030676,0.009357,0.002232,5.3e-05,0.0,0.090666
242,0.099819,0.033162,0.007283,0.00209,3.2e-05,0.0,0.101629
243,0.095498,0.019313,0.005059,0.001712,9.3e-05,0.0,0.09628
244,0.110292,0.044419,0.005731,0.002715,8.1e-05,0.0,0.112841
245,0.084804,0.032243,0.015392,0.001599,6.7e-05,0.0,0.08677
246,0.079694,0.068384,0.009182,0.001589,6.9e-05,0.0,0.084305
247,0.101706,0.036554,0.005195,0.001578,4.3e-05,0.0,0.103725
248,0.112307,0.054205,0.004329,0.001708,5.9e-05,0.0,0.115548
249,0.110053,0.045903,0.004553,0.001662,5e-05,0.0,0.112697
250,0.109518,0.044541,0.002336,0.001273,4e-05,0.0,0.112034
251,0.098483,0.070535,0.005514,0.00136,4e-05,0.0,0.10306
252,0.10064,0.076368,0.004958,0.001099,5.2e-05,0.0,0.105627
253,0.100087,0.090061,0.005723,0.001365,4e-05,0.0,0.106108
254,0.101767,0.042702,0.003777,0.000817,4.4e-05,0.0,0.104223
255,0.097703,0.04022,0.007141,0.00074,4.7e-05,0.0,0.10005
256,0.104494,0.08822,0.020136,0.004452,0.000643,0.0,0.110545
257,0.106455,0.115926,0.083206,0.03158,0.004974,0.0,0.115458
258,0.087379,0.126705,0.156547,0.032413,0.005527,0.0,0.098326
259,0.088263,0.115501,0.156536,0.050344,0.00507,0.0,0.098401
260,0.106493,0.083623,0.185517,0.03949,0.004713,0.0,0.114493
261,0.095398,0.117595,0.14844,0.056948,0.004654,0.0,0.105539
262,0.087083,0.056344,0.120449,0.031685,0.00411,0.0,0.092304
263,0.089176,0.041571,0.177395,0.044302,0.005725,0.0,0.094076
264,0.087449,0.045208,0.13792,0.065043,0.00654,0.0,0.092134
265,0.084095,0.069051,0.155075,0.041499,0.00946,0.0,0.090772
266,0.089331,0.080482,0.060452,0.024001,0.007239,0.0,0.095504
267,0.091602,0.124678,0.051647,0.022631,0.001611,0.0,0.100925
268,0.102197,0.089628,0.085476,0.031194,0.003132,0.0,0.109305
269,0.090268,0.097883,0.090755,0.013299,0.003768,0.0,0.098122
270,0.103483,0.095287,0.052184,0.019447,0.005692,0.0,0.11053
271,0.092726,0.075721,0.054892,0.040522,0.003915,0.0,0.098472
272,0.092484,0.096042,0.088541,0.022735,0.002638,0.0,0.100169
273,0.106751,0.069745,0.108953,0.02152,0.001454,0.0,0.112646
274,0.121489,0.125304,0.175601,0.033295,0.003561,0.0,0.132332
275,0.106042,0.05123,0.147903,0.048913,0.002534,0.0,0.11114
276,0.107499,0.054453,0.171035,0.039523,0.002872,0.0,0.113123
277,0.101867,0.04268,0.174878,0.053316,0.006158,0.0,0.106735
278,0.109418,0.043468,0.15811,0.054155,0.007064,0.0,0.114061
279,0.107796,0.034606,0.200958,0.061095,0.007001,0.0,0.112386
280,0.094017,0.036518,0.231035,0.037528,0.005078,0.0,0.09922
281,0.08942,0.037728,0.187719,0.044721,0.006646,0.0,0.094174
282,0.08639,0.035528,0.207682,0.032922,0.00676,0.0,0.091253
283,0.102456,0.050783,0.24236,0.037589,0.006803,0.0,0.108811
284,0.119573,0.058948,0.272331,0.0664,0.005763,0.0,0.126862
285,0.100342,0.053148,0.212982,0.071679,0.008361,0.0,0.10655
286,0.089221,0.033548,0.217952,0.075372,0.007618,0.0,0.094129
287,0.096407,0.036194,0.214867,0.059481,0.009684,0.0,0.101388
288,0.084416,0.053449,0.223808,0.045775,0.012394,0.0,0.09087
289,0.094193,0.057466,0.25699,0.046315,0.008213,0.0,0.101322
290,0.111808,0.030413,0.210226,0.067905,0.011242,0.0,0.116193
291,0.106193,0.030851,0.2434,0.069317,0.011962,0.0,0.111106
292,0.099229,0.049011,0.352015,0.097632,0.010377,0.0,0.10707
293,0.113598,0.062022,0.30985,0.10131,0.010725,0.0,0.121732
294,0.106041,0.051679,0.309871,0.081514,0.013571,0.0,0.113428
295,0.095154,0.03473,0.261036,0.089522,0.01116,0.0,0.100715
296,0.10069,0.027058,0.215295,0.080482,0.014991,0.0,0.105001
297,0.09302,0.042539,0.282834,0.073987,0.013046,0.0,0.099446
298,0.084705,0.037562,0.358144,0.103789,0.016012,0.0,0.091899
299,0.094908,0.022837,0.352301,0.104816,0.016235,0.0,0.10085
300,0.092932,0.031806,0.287297,0.116369,0.015206,0.0,0.098696
301,0.101686,0.026947,0.278855,0.120051,0.014679,0.0,0.106912
302,0.102048,0.023819,0.325183,0.104197,0.012222,0.0,0.10764
303,0.100284,0.042151,0.418368,0.116795,0.019932,0.0,0.108541
304,0.088878,0.044044,0.283912,0.095991,0.0173,0.0,0.095502
305,0.105535,0.050224,0.31823,0.061945,0.018377,0.0,0.112897
306,0.093831,0.043701,0.380232,0.04906,0.0172,0.0,0.101616
307,0.086714,0.027622,0.279093,0.07892,0.009095,0.0,0.092036
308,0.088862,0.035084,0.256806,0.058657,0.009196,0.0,0.094385
309,0.072697,0.045632,0.071416,0.031382,0.003068,0.0,0.076564
310,0.093208,0.058536,0.159714,0.034331,0.004433,0.0,0.099083
311,0.10081,0.033361,0.165056,0.050397,0.003535,0.0,0.104854
312,0.104666,0.040312,0.210331,0.048416,0.002687,0.0,0.109809
313,0.092872,0.045834,0.24431,0.056348,0.002204,0.0,0.098991
314,0.095518,0.03861,0.233476,0.057961,0.004145,0.0,0.100934
315,0.104806,0.050167,0.284222,0.068303,0.003861,0.0,0.111719
316,0.098444,0.058315,0.335003,0.038738,0.005474,0.0,0.10665
317,0.102321,0.045902,0.386627,0.062136,0.008004,0.0,0.110315
318,0.109797,0.04607,0.345594,0.088868,0.004406,0.0,0.117236
319,0.124536,0.061422,0.27344,0.04526,0.004488,0.0,0.13195
320,0.132924,0.044727,0.285972,0.020211,0.003741,0.0,0.139157
321,0.113677,0.049724,0.027068,0.005962,0.00058,0.0,0.11689
322,0.063408,0.033787,0.024854,0.008456,0.000701,0.0,0.065792
323,0.140612,0.03068,0.042653,0.009714,0.001155,0.0,0.14242
324,0.164148,0.061583,0.037877,0.017407,0.001298,0.0,0.168026
325,0.136625,0.051305,0.050569,0.012221,0.00211,0.0,0.140111
326,0.155204,0.059722,0.04323,0.011103,0.001036,0.0,0.159073
327,0.161812,0.051207,0.063256,0.016093,0.000796,0.0,0.165278
328,0.156949,0.032442,0.046448,0.007159,0.000733,0.0,0.158811
329,0.167865,0.057944,0.047341,0.011317,0.001165,0.0,0.171562
330,0.141991,0.04075,0.035176,0.007186,0.001301,0.0,0.144433
331,0.132376,0.063415,0.036475,0.012779,0.001112,0.0,0.136605
332,0.13664,0.041476,0.052237,0.008533,0.000752,0.0,0.139411
333,0.140526,0.042772,0.046261,0.008583,0.000683,0.0,0.143283
334,0.135804,0.058728,0.047849,0.01138,0.001141,0.0,0.13981
335,0.141915,0.035948,0.04825,0.009903,0.001173,0.0,0.144182
336,0.139266,0.031015,0.030032,0.011312,0.001758,0.0,0.140941
337,0.137468,0.033779,0.038648,0.011877,0.001515,0.0,0.139481
338,0.132185,0.046027,0.034955,0.020178,0.001239,0.0,0.135114
339,0.118784,0.086093,0.032105,0.006839,0.001243,0.0,0.124735
340,0.128288,0.06535,0.027473,0.013213,0.001155,0.0,0.132571
341,0.135759,0.040707,0.036998,0.015395,0.001374,0.0,0.138284
342,0.118687,0.069344,0.050345,0.010835,0.001334,0.0,0.123647
343,0.131166,0.070239,0.028398,0.023168,0.00177,0.0,0.135821
344,0.141197,0.063415,0.030897,0.015929,0.001218,0.0,0.145289
345,0.124673,0.070523,0.056818,0.00939,0.001428,0.0,0.12976
346,0.137588,0.054975,0.047958,0.013928,0.001913,0.0,0.141307
347,0.140116,0.048344,0.047268,0.017135,0.000777,0.0,0.143319
348,0.119818,0.040509,0.051234,0.013733,0.001178,0.0,0.12264
349,0.118879,0.052326,0.03316,0.01633,0.001059,0.0,0.122347
350,0.131309,0.061677,0.044505,0.014775,0.001368,0.0,0.135529
351,0.151425,0.042458,0.0573,0.021172,0.00175,0.0,0.154247
352,0.130816,0.069789,0.054457,0.025042,0.001559,0.0,0.135797
353,0.122327,0.053285,0.064732,0.014553,0.000987,0.0,0.126266
354,0.133621,0.049208,0.064986,0.015347,0.00168,0.0,0.137175
355,0.134394,0.038602,0.05909,0.016571,0.001949,0.0,0.137074
356,0.122246,0.052252,0.081257,0.015618,0.001832,0.0,0.126335
357,0.127026,0.057866,0.063783,0.02489,0.00197,0.0,0.131275
358,0.141096,0.053117,0.056,0.010404,0.001629,0.0,0.144753
359,0.128,0.049248,0.048306,0.021526,0.002346,0.0,0.131384
360,0.146239,0.057842,0.055427,0.021779,0.00234,0.0,0.150221
361,0.135018,0.041845,0.060406,0.01911,0.001699,0.0,0.137957
362,0.129048,0.04484,0.049863,0.01722,0.002083,0.0,0.13211
363,0.12579,0.038468,0.065401,0.0089,0.001501,0.0,0.128598
364,0.125799,0.055422,0.060211,0.015417,0.001332,0.0,0.12981
365,0.123793,0.048081,0.058747,0.012411,0.002224,0.0,0.127248
366,0.142022,0.045113,0.056488,0.01685,0.002123,0.0,0.145094
367,0.167192,0.052198,0.056838,0.011532,0.002519,0.0,0.170596
368,0.156896,0.030923,0.063611,0.007309,0.003254,0.0,0.158879
369,0.142637,0.052698,0.062548,0.008085,0.001079,0.0,0.146336
370,0.159551,0.048764,0.042138,0.009376,0.001606,0.0,0.162553
371,0.141447,0.047943,0.051142,0.011483,0.001292,0.0,0.144652
372,0.12624,0.033399,0.049437,0.014834,0.001097,0.0,0.128462
373,0.12164,0.027943,0.062458,0.015398,0.002625,0.0,0.123669
374,0.137541,0.026063,0.068529,0.015558,0.002051,0.0,0.139391
375,0.13464,0.032414,0.056563,0.014613,0.002289,0.0,0.13682
376,0.140646,0.021665,0.060807,0.018335,0.003034,0.0,0.142045
377,0.152199,0.019364,0.056529,0.012707,0.001731,0.0,0.153271
378,0.136508,0.026641,0.049545,0.011954,0.002713,0.0,0.138145
379,0.123555,0.040983,0.072526,0.019514,0.00478,0.0,0.126684
380,0.128491,0.066561,0.086105,0.016858,0.002264,0.0,0.133665
381,0.144446,0.059322,0.090496,0.015381,0.003087,0.0,0.149016
382,0.129263,0.051975,0.109221,0.017999,0.003573,0.0,0.133661
383,0.150636,0.064746,0.104072,0.013282,0.003751,0.0,0.155743
384,0.128176,0.060343,0.103375,0.017328,0.005157,0.0,0.133125
385,0.134025,0.046254,0.110194,0.021669,0.003849,0.0,0.137981
386,0.148576,0.049327,0.144302,0.018828,0.005766,0.0,0.153108
387,0.139654,0.045631,0.134562,0.029007,0.006583,0.0,0.143864
388,0.134952,0.056224,0.146119,0.041916,0.010238,0.0,0.140166
389,0.120888,0.077686,0.231059,0.025896,0.006458,0.0,0.128931
390,0.108556,0.086684,0.217137,0.025365,0.011073,0.0,0.117173
391,0.15786,0.049046,0.177953,0.020538,0.011308,0.0,0.162759
392,0.093543,0.03113,0.184795,0.03455,0.015942,0.0,0.097717
393,0.116039,0.05358,0.265756,0.034413,0.008135,0.0,0.12281
394,0.150833,0.08982,0.229244,0.026637,0.007234,0.0,0.159528
395,0.12637,0.08888,0.167069,0.060048,0.012895,0.0,0.134397
396,0.15259,0.123868,0.155832,0.067384,0.011125,0.0,0.162881
397,0.176244,0.166082,0.152938,0.04772,0.010883,0.0,0.189424
398,0.157803,0.185158,0.200403,0.052326,0.012917,0.0,0.173195
399,0.108768,0.080128,0.239877,0.071927,0.009406,0.0,0.117286
400,0.085052,0.087703,0.195949,0.072568,0.008511,0.0,0.093719
401,0.078398,0.096035,0.193715,0.059299,0.007864,0.0,0.087682
402,0.1336,0.0731,0.20087,0.071681,0.006271,0.0,0.140875
403,0.140409,0.045725,0.229663,0.069366,0.004687,0.0,0.145982
404,0.118963,0.034868,0.179919,0.037666,0.004841,0.0,0.12316
405,0.14095,0.037347,0.133228,0.035678,0.004078,0.0,0.144527
406,0.127973,0.041212,0.110381,0.037155,0.004664,0.0,0.13163
407,0.109251,0.045175,0.104499,0.014743,0.003727,0.0,0.113225
408,0.097557,0.052755,0.074877,0.028716,0.001815,0.0,0.101808
409,0.094249,0.032609,0.053372,0.016018,0.001822,0.0,0.096711
410,0.098244,0.028481,0.038235,0.013676,0.001335,0.0,0.100158
411,0.099015,0.033048,0.039685,0.0111,0.001042,0.0,0.101278
412,0.116617,0.042595,0.046831,0.007146,0.001106,0.0,0.119547
413,0.08875,0.023343,0.040727,0.004204,0.000458,0.0,0.090372
414,0.103136,0.022185,0.030706,0.002527,0.000333,0.0,0.104423
415,0.079084,0.030988,0.037055,0.005817,0.000573,0.0,0.081301
416,0.090658,0.021016,0.027795,0.004039,0.000156,0.0,0.091916
417,0.045717,0.043706,0.034776,0.005074,0.000259,0.0,0.049102
418,0.127805,0.044627,0.010857,0.012511,0.000136,0.0,0.130323
419,0.150062,0.068774,0.01745,0.004598,0.00011,0.0,0.154283
420,0.159272,0.0669,0.017174,0.004118,0.000101,0.0,0.163279
421,0.130377,0.081838,0.009327,0.002872,6.7e-05,0.0,0.135607
422,0.134743,0.086113,0.010361,0.001762,6.2e-05,0.0,0.14027
423,0.132359,0.071825,0.018732,0.008675,3e-05,0.0,0.136966
424,0.13409,0.105476,0.012842,0.002233,3.1e-05,0.0,0.141098
425,0.137669,0.07494,0.014499,0.003097,2.9e-05,0.0,0.142401
426,0.14312,0.103565,0.013587,0.001098,4.9e-05,0.0,0.149925
427,0.154448,0.107905,0.010359,0.001149,5.5e-05,0.0,0.161445
428,0.147,0.132134,0.014621,0.001738,2.9e-05,0.0,0.155917
429,0.146986,0.097076,0.009119,0.002826,3.4e-05,0.0,0.153221
430,0.144571,0.120521,0.003708,0.002483,1.7e-05,0.0,0.152496
431,0.152113,0.137161,0.004152,0.000995,1.8e-05,0.0,0.161221
432,0.166105,0.131353,0.006018,0.000669,1.1e-05,0.0,0.174699
433,0.145364,0.09304,0.010064,0.002394,2.2e-05,0.0,0.151323
434,0.141819,0.102015,0.010914,0.002385,1.6e-05,0.0,0.148484
435,0.126862,0.100115,0.003809,0.001584,1.9e-05,0.0,0.133402
436,0.15488,0.104504,0.004986,0.001371,1e-05,0.0,0.161549
437,0.149528,0.133108,0.005991,0.002212,7e-06,0.0,0.158382
438,0.123861,0.122064,0.006377,0.001074,7e-06,0.0,0.132091
439,0.143235,0.120445,0.008765,0.000555,7e-06,0.0,0.151229
440,0.114288,0.101839,0.007409,0.000823,6e-06,0.0,0.121099
441,0.143483,0.102731,0.005679,0.001225,4e-06,0.0,0.150116
442,0.151185,0.099728,0.00273,0.000776,3e-06,0.0,0.157495
443,0.118089,0.091063,0.002028,0.001686,3e-06,0.0,0.123998
444,0.12962,0.082452,0.003522,0.000897,5e-06,0.0,0.13482
445,0.121627,0.06872,0.005428,0.000465,2e-06,0.0,0.12589
446,0.127396,0.086676,0.007452,0.000982,4e-06,0.0,0.13298
447,0.124247,0.073541,0.005054,0.000455,4e-06,0.0,0.128844
448,0.125395,0.092417,0.003794,0.000299,4e-06,0.0,0.131371
449,0.129283,0.075067,0.005362,0.000269,8e-06,0.0,0.133959
450,0.114909,0.072726,0.00984,0.000616,3e-06,0.0,0.119582
451,0.115924,0.065139,0.008563,0.00014,6e-06,0.0,0.120006
452,0.11112,0.068846,0.008407,0.000258,4e-06,0.0,0.115512
453,0.132079,0.123325,0.002808,0.000334,1.1e-05,0.0,0.140291
454,0.118461,0.095359,0.027802,0.00499,0.000725,0.0,0.125043
455,0.109628,0.116881,0.064673,0.040356,0.008261,0.0,0.118442
456,0.118396,0.119684,0.106871,0.053919,0.00769,0.0,0.127948
457,0.103307,0.127967,0.094144,0.077348,0.008835,0.0,0.113459
458,0.119092,0.149479,0.088416,0.074074,0.008104,0.0,0.130641
459,0.108529,0.09632,0.081476,0.036992,0.003856,0.0,0.116043
460,0.118286,0.084176,0.240998,0.11923,0.008283,0.0,0.12713
461,0.123858,0.084341,0.279952,0.122283,0.006393,0.0,0.133206
462,0.096809,0.125641,0.301667,0.078868,0.007202,0.0,0.109656
463,0.095199,0.070078,0.078581,0.020882,0.004685,0.0,0.100793
464,0.106279,0.13446,0.147856,0.064004,0.012873,0.0,0.117597
465,0.098663,0.159361,0.216811,0.051417,0.011818,0.0,0.112806
466,0.11708,0.175415,0.170476,0.051875,0.010881,0.0,0.13165
467,0.104072,0.158847,0.129577,0.037861,0.009857,0.0,0.116928
468,0.110743,0.172865,0.099981,0.052567,0.008203,0.0,0.124216
469,0.111356,0.060224,0.16823,0.050587,0.005345,0.0,0.117362
470,0.11078,0.042559,0.193427,0.033965,0.004934,0.0,0.115789
471,0.092641,0.060688,0.225667,0.062351,0.007591,0.0,0.099625
472,0.096472,0.051465,0.225557,0.056969,0.007141,0.0,0.102729
473,0.089215,0.03945,0.220477,0.072838,0.007496,0.0,0.094592
474,0.107243,0.052137,0.230845,0.084619,0.009136,0.0,0.113588
475,0.118788,0.081631,0.279231,0.073774,0.00774,0.0,0.127878
476,0.101641,0.057783,0.238086,0.103166,0.007199,0.0,0.10858
477,0.10408,0.044224,0.200808,0.05069,0.012635,0.0,0.109393
478,0.109476,0.069282,0.176321,0.066506,0.005988,0.0,0.116308
479,0.108262,0.073893,0.205006,0.06702,0.00757,0.0,0.115837
480,0.094988,0.079795,0.175535,0.025366,0.008459,0.0,0.102631
481,0.093294,0.092894,0.140383,0.018657,0.00652,0.0,0.101436
482,0.094385,0.068498,0.167714,0.023774,0.005673,0.0,0.101082
483,0.085313,0.070233,0.167072,0.028359,0.005599,0.0,0.092209
484,0.093586,0.053521,0.183248,0.035377,0.003668,0.0,0.099406
485,0.099822,0.054818,0.153111,0.028895,0.005236,0.0,0.105271
486,0.117919,0.066873,0.149597,0.026941,0.003831,0.0,0.124076
487,0.095143,0.057835,0.123712,0.028728,0.003736,0.0,0.100453
488,0.117366,0.062403,0.12769,0.039469,0.00302,0.0,0.122919
489,0.104308,0.05199,0.119879,0.030049,0.003796,0.0,0.109063
490,0.092065,0.061349,0.118557,0.025964,0.002711,0.0,0.097585
491,0.09938,0.054672,0.137747,0.02902,0.002909,0.0,0.104613
492,0.100169,0.083833,0.131009,0.030833,0.004035,0.0,0.107478
493,0.092949,0.084935,0.131805,0.025604,0.003377,0.0,0.100396
494,0.096032,0.074785,0.128477,0.020372,0.002119,0.0,0.102646
495,0.098998,0.069765,0.115182,0.016016,0.002495,0.0,0.105028
496,0.10526,0.060724,0.119658,0.015572,0.00338,0.0,0.11063
497,0.103464,0.053728,0.125778,0.01525,0.003398,0.0,0.108409
498,0.098258,0.051999,0.109874,0.012392,0.004467,0.0,0.102893
499,0.099685,0.06366,0.108268,0.012689,0.002044,0.0,0.105155
500,0.0917,0.059741,0.106372,0.016141,0.001454,0.0,0.09692
501,0.104985,0.052541,0.076317,0.009219,0.003007,0.0,0.109148
502,0.101586,0.053586,0.043355,0.010529,0.001015,0.0,0.105407
503,0.101332,0.048632,0.062344,0.005025,0.000964,0.0,0.105035
504,0.092673,0.047665,0.07417,0.018017,0.001566,0.0,0.096553
505,0.103778,0.05637,0.104086,0.013656,0.002287,0.0,0.10862
506,0.105447,0.057315,0.143964,0.034726,0.004008,0.0,0.110925
507,0.084307,0.064736,0.156365,0.040409,0.002402,0.0,0.090677
508,0.098315,0.038572,0.193679,0.044713,0.00314,0.0,0.103144
509,0.08753,0.045842,0.20038,0.053864,0.004417,0.0,0.09309
510,0.098151,0.046106,0.174319,0.067665,0.005237,0.0,0.103319
511,0.102471,0.048075,0.080164,0.077854,0.007127,0.0,0.106493
512,0.097531,0.046326,0.079329,0.103253,0.004357,0.0,0.101494
513,0.112312,0.050876,0.108323,0.067569,0.007288,0.0,0.116833
514,0.087496,0.055138,0.14706,0.106208,0.005096,0.0,0.093116
515,0.021383,0.051958,0.179415,0.078721,0.004349,0.0,0.02766
516,0.060546,0.097925,0.039216,0.022501,0.001874,0.0,0.067945
517,0.133041,0.095378,0.174455,0.022086,0.008854,0.0,0.141533
518,0.125923,0.050302,0.147286,0.031631,0.005593,0.0,0.130762
519,0.108979,0.041482,0.117045,0.042718,0.004301,0.0,0.112901
520,0.122863,0.067615,0.134618,0.063609,0.004769,0.0,0.128899
521,0.119971,0.079368,0.117218,0.062794,0.003494,0.0,0.126666
522,0.092987,0.074604,0.179203,0.065872,0.003204,0.0,0.10038
523,0.107975,0.05645,0.150955,0.041381,0.005504,0.0,0.113475
524,0.101092,0.045155,0.136028,0.061652,0.005733,0.0,0.105637
525,0.106443,0.060741,0.12753,0.049689,0.009795,0.0,0.111972
526,0.132686,0.056575,0.144766,0.070147,0.007669,0.0,0.137974
527,0.095604,0.037112,0.161668,0.057604,0.004637,0.0,0.099933
528,0.113616,0.046768,0.195386,0.073115,0.005043,0.0,0.119011
529,0.098399,0.041511,0.209001,0.079048,0.009259,0.0,0.103714
530,0.106427,0.045831,0.19418,0.034705,0.005362,0.0,0.111724
531,0.144878,0.060017,0.188014,0.068328,0.007949,0.0,0.150913
532,0.132788,0.053748,0.207677,0.072947,0.010411,0.0,0.138724
533,0.114804,0.061675,0.212346,0.098327,0.013401,0.0,0.121575
534,0.12178,0.041691,0.220726,0.058404,0.007039,0.0,0.127053
535,0.130951,0.043897,0.266102,0.054275,0.009211,0.0,0.136928
536,0.118074,0.066067,0.214296,0.076329,0.01141,0.0,0.125135
537,0.123503,0.042132,0.318096,0.080358,0.011944,0.0,0.130157
538,0.09689,0.056754,0.22918,0.092213,0.014574,0.0,0.103649
539,0.113494,0.039736,0.172618,0.071144,0.017922,0.0,0.118056
540,0.113996,0.041495,0.304078,0.082888,0.014275,0.0,0.120489
541,0.100355,0.026365,0.355881,0.088272,0.012505,0.0,0.106538
542,0.104998,0.033951,0.385146,0.095357,0.018897,0.0,0.112121
543,0.143647,0.042982,0.376799,0.100699,0.016038,0.0,0.151043
544,0.122205,0.045269,0.424069,0.145524,0.022019,0.0,0.130655
545,0.115681,0.055435,0.418793,0.131052,0.0231,0.0,0.124841
546,0.118719,0.067827,0.451507,0.122365,0.01522,0.0,0.129206
547,0.113644,0.120358,0.446564,0.110349,0.026218,0.0,0.127992
548,0.112582,0.091227,0.350298,0.11451,0.010869,0.0,0.12347
549,0.093427,0.089177,0.351622,0.126766,0.016006,0.0,0.104348
550,0.088563,0.103768,0.270848,0.098803,0.011838,0.0,0.099461
551,0.115463,0.118088,0.24777,0.082319,0.016904,0.0,0.126881
552,0.114369,0.101125,0.242915,0.067001,0.009758,0.0,0.124439
553,0.123538,0.095794,0.363864,0.07704,0.009805,0.0,0.1348
554,0.097434,0.071753,0.39903,0.111886,0.008183,0.0,0.107645
555,0.094389,0.081604,0.39147,0.120891,0.008004,0.0,0.105269
556,0.114038,0.058669,0.377917,0.123855,0.009467,0.0,0.122883
557,0.107194,0.04554,0.365498,0.106086,0.007847,0.0,0.114913
558,0.104058,0.051664,0.392063,0.099889,0.01002,0.0,0.112607
559,0.089064,0.057151,0.406415,0.112244,0.011139,0.0,0.098352
560,0.108134,0.084873,0.383588,0.124036,0.013858,0.0,0.119052
561,0.104035,0.091254,0.354974,0.074651,0.010775,0.0,0.114983
562,0.098709,0.105067,0.366064,0.057367,0.011436,0.0,0.110847
563,0.115958,0.059126,0.326118,0.049976,0.008173,0.0,0.12399
564,0.119686,0.04817,0.366061,0.040712,0.006952,0.0,0.127399
565,0.111546,0.045468,0.228647,0.02577,0.002958,0.0,0.117229
566,0.123792,0.049513,0.450842,0.059032,0.006752,0.0,0.132757
567,0.154557,0.035712,0.35833,0.057098,0.008392,0.0,0.161002
568,0.115806,0.025921,0.416402,0.050976,0.011695,0.0,0.122594
569,0.118947,0.042728,0.373556,0.055028,0.014573,0.0,0.126389
570,0.116559,0.037071,0.528284,0.047208,0.011775,0.0,0.125683
571,0.118981,0.033961,0.586992,0.063698,0.013176,0.0,0.128681
572,0.106925,0.045374,0.470121,0.063643,0.012575,0.0,0.11598
573,0.107978,0.035357,0.600935,0.055798,0.010773,0.0,0.118041
574,0.109076,0.033723,0.412832,0.065393,0.014559,0.0,0.116473
575,0.109568,0.031428,0.595042,0.071702,0.011488,0.0,0.119274
576,0.102997,0.038951,0.616151,0.080516,0.014177,0.0,0.113615
577,0.097904,0.072106,0.517588,0.077173,0.011737,0.0,0.109685
578,0.106401,0.073848,0.599305,0.076931,0.010687,0.0,0.119356
579,0.10702,0.082504,0.59361,0.087498,0.012955,0.0,0.120556
580,0.122909,0.096709,0.541921,0.076445,0.013303,0.0,0.13666
581,0.109826,0.104838,0.520681,0.096032,0.015056,0.0,0.124028
582,0.115142,0.085291,0.575526,0.08299,0.013906,0.0,0.12857
583,0.124413,0.06306,0.591282,0.094479,0.014698,0.0,0.13635
584,0.111484,0.047872,0.754977,0.102196,0.014728,0.0,0.124624
585,0.106094,0.051519,0.669273,0.06756,0.013548,0.0,0.118322
586,0.112948,0.063146,0.751485,0.058128,0.016745,0.0,0.127089
587,0.121741,0.047066,0.712468,0.062419,0.026103,0.0,0.134097
588,0.106295,0.064624,0.68589,0.049345,0.029275,0.0,0.119692
589,0.114386,0.061892,0.682741,0.049829,0.02129,0.0,0.127475
590,0.100375,0.052111,0.892548,0.045865,0.022493,0.0,0.115684
591,0.107314,0.057054,0.814631,0.054356,0.023165,0.0,0.121895
592,0.11131,0.045768,0.543231,0.06657,0.015021,0.0,0.121358
593,0.109406,0.044262,0.696076,0.06879,0.020575,0.0,0.121435
594,0.125198,0.075656,0.606579,0.066023,0.018214,0.0,0.138224
595,0.10944,0.062092,0.549408,0.063604,0.013464,0.0,0.120796
596,0.110213,0.065969,0.543898,0.0527,0.010891,0.0,0.121757
597,0.10782,0.065124,0.460515,0.038122,0.014806,0.0,0.118164
598,0.119318,0.054569,0.45387,0.051409,0.008971,0.0,0.128721
599,0.104349,0.062699,0.42694,0.056508,0.00932,0.0,0.114115
600,0.111616,0.125198,0.126479,0.024151,0.002982,0.0,0.121843
601,0.118459,0.134222,0.122276,0.13979,0.010197,0.0,0.129452
602,0.107067,0.094616,0.177978,0.138122,0.017198,0.0,0.115953
603,0.138519,0.144682,0.14046,0.186041,0.021086,0.0,0.150466
604,0.137427,0.121208,0.166509,0.079667,0.019259,0.0,0.147803
605,0.105739,0.12031,0.185671,0.135876,0.04169,0.0,0.116648
606,0.121917,0.078324,0.183099,0.145066,0.016159,0.0,0.129558
607,0.133193,0.071437,0.18365,0.184525,0.025017,0.0,0.140313
608,0.123868,0.075719,0.214929,0.094901,0.019602,0.0,0.131645
609,0.13733,0.075176,0.229971,0.22592,0.041716,0.0,0.145399
610,0.116967,0.062958,0.234837,0.125301,0.047499,0.0,0.124172
611,0.106895,0.09009,0.274524,0.144751,0.047926,0.0,0.116769
612,0.112018,0.103006,0.233084,0.204359,0.037886,0.0,0.122355
613,0.121359,0.047956,0.284427,0.155518,0.011833,0.0,0.128137
614,0.130375,0.058777,0.184777,0.081797,0.026794,0.0,0.13641
615,0.126509,0.105567,0.157785,0.165949,0.014296,0.0,0.135836
616,0.117805,0.10642,0.132002,0.121069,0.022042,0.0,0.126834
617,0.126546,0.07499,0.16642,0.133001,0.022352,0.0,0.133657
618,0.122944,0.087025,0.195407,0.141619,0.024267,0.0,0.131386
619,0.114107,0.08129,0.177137,0.149859,0.034056,0.0,0.121957
620,0.109241,0.071164,0.190848,0.10838,0.034645,0.0,0.116488
621,0.111459,0.0642,0.101807,0.109808,0.029814,0.0,0.116965
622,0.125397,0.055195,0.111445,0.070756,0.014521,0.0,0.130188
623,0.11561,0.054404,0.091622,0.062958,0.016365,0.0,0.120134
624,0.111207,0.045907,0.028263,0.031548,0.010486,0.0,0.114216
625,0.087922,0.034653,0.186994,0.085883,0.011427,0.0,0.092521
626,0.088697,0.049624,0.16147,0.062344,0.006975,0.0,0.094016
627,0.113054,0.069048,0.156027,0.023501,0.007991,0.0,0.119492
628,0.114384,0.05863,0.149044,0.021913,0.004768,0.0,0.119938
629,0.109612,0.063855,0.179839,0.027333,0.003403,0.0,0.116018
630,0.110839,0.055679,0.127721,0.021234,0.002957,0.0,0.11591
631,0.100825,0.045349,0.113645,0.018943,0.002086,0.0,0.105008
632,0.110719,0.0646,0.060208,0.015861,0.001173,0.0,0.115529
633,0.109628,0.050156,0.113336,0.040233,0.005881,0.0,0.114136
634,0.127277,0.038994,0.083024,0.020639,0.003467,0.0,0.130373
635,0.125291,0.035394,0.067756,0.025875,0.002655,0.0,0.127936
636,0.117911,0.036015,0.050409,0.018342,0.001226,0.0,0.12041
637,0.120949,0.056502,0.047651,0.018192,0.000483,0.0,0.124912
638,0.106881,0.049034,0.054735,0.022073,0.000531,0.0,0.110498
639,0.123399,0.056792,0.066835,0.015496,0.000603,0.0,0.12762
640,0.125104,0.021092,0.052819,0.007348,0.000385,0.0,0.126451
641,0.148928,0.060557,0.030295,0.012434,0.000365,0.0,0.152734
642,0.119742,0.071681,0.02294,0.014257,0.000316,0.0,0.124502
643,0.105418,0.064992,0.042106,0.010219,0.000254,0.0,0.110042
644,0.129059,0.062412,0.033686,0.005043,0.0003,0.0,0.133188
645,0.131213,0.051331,0.023821,0.011012,0.000394,0.0,0.134377
646,0.119962,0.095416,0.022902,0.005266,0.000343,0.0,0.126471
647,0.120975,0.052112,0.018385,0.005632,0.000587,0.0,0.124192
648,0.111291,0.036433,0.020269,0.008503,0.000118,0.0,0.113445
649,0.115807,0.032035,0.01443,0.005468,0.00017,0.0,0.117515
650,0.120754,0.028173,0.005402,0.00951,0.000165,0.0,0.122022
651,0.122215,0.027199,0.019622,0.008919,0.000171,0.0,0.12359
652,0.111195,0.024874,0.015095,0.004872,0.000116,0.0,0.112413
653,0.104528,0.029071,0.0103,0.003317,0.000106,0.0,0.106041
654,0.119579,0.046998,0.006164,0.008734,8e-05,0.0,0.122265
655,0.119655,0.042522,0.00598,0.004415,8.8e-05,0.0,0.121997
656,0.112926,0.037436,0.012123,0.002579,8.3e-05,0.0,0.115021
657,0.110379,0.041699,0.01022,0.003679,0.000129,0.0,0.112788
658,0.117687,0.060017,0.005874,0.003589,5.8e-05,0.0,0.121344
659,0.119208,0.057973,0.007299,0.002976,1.8e-05,0.0,0.122719
660,0.131945,0.073224,0.005197,0.001866,1.9e-05,0.0,0.136464
661,0.131941,0.12753,0.045658,0.001029,2.2e-05,0.0,0.14105
662,0.102867,0.066634,0.011037,0.002216,3.6e-05,0.0,0.107197
663,0.11477,0.093014,0.006986,0.001309,1.4e-05,0.0,0.120916
664,0.112258,0.089459,0.01319,0.002275,1.3e-05,0.0,0.118244
665,0.11599,0.06596,0.010084,0.001993,1.2e-05,0.0,0.120156
666,0.120658,0.103035,0.006234,0.00219,9e-06,0.0,0.127497
667,0.121393,0.091008,0.00731,0.002494,1.1e-05,0.0,0.127346
668,0.110479,0.058975,0.009289,0.00113,6e-06,0.0,0.114155
669,0.122243,0.057151,0.00601,0.00266,6e-06,0.0,0.125652
670,0.111232,0.174391,0.034868,0.001579,4e-06,0.0,0.123841
671,0.104684,0.075426,0.010068,0.002579,5e-06,0.0,0.109642
672,0.116372,0.107776,0.005584,0.00166,3e-06,0.0,0.123587
673,0.111575,0.125875,0.008775,0.001836,3e-06,0.0,0.120217
674,0.106066,0.132535,0.003955,0.002251,3e-06,0.0,0.115181
675,0.109501,0.125404,0.003394,0.001158,2e-06,0.0,0.118049
676,0.113221,0.104067,0.003482,0.0008,3e-06,0.0,0.120153
677,0.091389,0.08169,0.004405,0.000563,2e-06,0.0,0.096834
678,0.092955,0.100591,0.004919,0.003106,2e-06,0.0,0.099806
679,0.104058,0.087001,0.036388,0.000837,2e-06,0.0,0.110236
680,0.096147,0.118032,0.022838,0.001017,3e-06,0.0,0.104511
681,0.102194,0.058545,0.019105,0.00107,1e-06,0.0,0.106034
682,0.115059,0.069454,0.01367,0.001126,2e-06,0.0,0.11954
683,0.10788,0.070622,0.009381,0.001799,2e-06,0.0,0.112446
684,0.118768,0.111872,0.006407,0.001468,1e-06,0.0,0.12628
685,0.120334,0.062434,0.007772,0.00145,1e-05,0.0,0.124173
686,0.087778,0.05118,0.10073,0.007038,0.000777,0.0,0.092298
687,0.101511,0.049198,0.18815,0.035928,0.00751,0.0,0.107017
688,0.090649,0.061063,0.249299,0.065433,0.005539,0.0,0.098002
689,0.100692,0.070553,0.257937,0.052723,0.00863,0.0,0.10877
690,0.099594,0.067391,0.264064,0.080382,0.00893,0.0,0.107576
691,0.106898,0.076494,0.277139,0.107246,0.010891,0.0,0.115727
692,0.096826,0.073675,0.287512,0.114509,0.011195,0.0,0.105675
693,0.088501,0.082273,0.315569,0.120601,0.012366,0.0,0.098445
694,0.091513,0.095659,0.298053,0.163889,0.012154,0.0,0.102268
695,0.097401,0.092173,0.280653,0.130672,0.007658,0.0,0.107557
696,0.089996,0.067048,0.227935,0.096279,0.007301,0.0,0.097563
697,0.078044,0.058821,0.024485,0.009451,0.000961,0.0,0.082177
698,0.120786,0.066785,0.119493,0.100422,0.00608,0.0,0.126635
699,0.120257,0.050911,0.1363,0.076323,0.01463,0.0,0.125115
700,0.105707,0.051191,0.154384,0.085367,0.0211,0.0,0.110959
701,0.103685,0.051965,0.141055,0.064636,0.02144,0.0,0.108792
702,0.111767,0.057353,0.152027,0.054759,0.023901,0.0,0.117345
703,0.105353,0.05311,0.170921,0.074544,0.023179,0.0,0.110955
704,0.105557,0.047594,0.160487,0.089557,0.017651,0.0,0.110631
705,0.11977,0.04591,0.125342,0.087213,0.020089,0.0,0.124131
706,0.118071,0.039142,0.101052,0.085152,0.017495,0.0,0.121607
707,0.13354,0.049807,0.085498,0.09097,0.027273,0.0,0.137551
708,0.156755,0.03535,0.1125,0.07745,0.025593,0.0,0.159857
709,0.152238,0.442037,0.316747,0.079985,0.025556,0.0,0.18842
710,0.106792,0.102251,0.180832,0.090459,0.029997,0.0,0.116203
711,0.136446,0.068254,0.168307,0.104333,0.017354,0.0,0.142955
712,0.142717,0.083452,0.139639,0.118148,0.015088,0.0,0.149945
713,0.114636,0.033257,0.093991,0.092935,0.010468,0.0,0.117677
714,0.132307,0.074464,0.113593,0.026172,0.006701,0.0,0.13843
715,0.116574,0.09105,0.119125,0.039595,0.007837,0.0,0.12415
716,0.147941,0.033121,0.155437,0.061376,0.007147,0.0,0.151497
717,0.146139,0.028596,0.101621,0.035974,0.007018,0.0,0.148597
718,0.13073,0.146491,0.127531,0.038172,0.003026,0.0,0.142436
719,0.126282,0.05272,0.048235,0.024988,0.001524,0.0,0.129943
720,0.126952,0.052421,0.119369,0.025139,0.001303,0.0,0.131551
721,0.11427,0.056238,0.099121,0.02434,0.00077,0.0,0.118974
722,0.124015,0.027242,0.053982,0.015678,0.00086,0.0,0.125859
723,0.140058,0.030193,0.053425,0.014487,0.001676,0.0,0.141989
724,0.127862,0.039829,0.052996,0.025436,0.00156,0.0,0.130617
725,0.128268,0.034885,0.073939,0.012972,0.000849,0.0,0.130914
726,0.140694,0.044111,0.059955,0.021222,0.001178,0.0,0.143756
727,0.132957,0.037426,0.048901,0.018996,0.00087,0.0,0.135427
728,0.128009,0.05021,0.030874,0.020499,0.000982,0.0,0.131226
729,0.135463,0.036027,0.052479,0.007579,0.000574,0.0,0.137838
730,0.13189,0.041192,0.030831,0.01424,0.000537,0.0,0.134395
731,0.141054,0.044629,0.033629,0.008797,0.000653,0.0,0.143773
732,0.145558,0.033819,0.024425,0.006511,0.0007,0.0,0.14731
733,0.148887,0.059092,0.027064,0.006432,0.000371,0.0,0.152529
734,0.130851,0.052003,0.014144,0.005452,0.000381,0.0,0.133926
735,0.142416,0.036752,0.011496,0.006032,0.000287,0.0,0.144234
736,0.144515,0.048705,0.01485,0.004074,0.000201,0.0,0.147248
737,0.143832,0.043009,0.014729,0.002932,0.000381,0.0,0.146143
738,0.145922,0.043503,0.023639,0.002106,0.000129,0.0,0.148373
739,0.142161,0.055557,0.03402,0.004693,0.000289,0.0,0.145683
740,0.135242,0.050903,0.029473,0.008523,0.000184,0.0,0.138415
741,0.14746,0.05019,0.010264,0.006872,0.000129,0.0,0.150224
742,0.160885,0.045524,0.016926,0.003635,0.000178,0.0,0.163285
743,0.135434,0.034768,0.01991,0.004384,0.000178,0.0,0.137268
744,0.142597,0.039406,0.006807,0.003743,0.000111,0.0,0.144543
745,0.132123,0.03149,0.026611,0.00369,0.000209,0.0,0.133828
746,0.129152,0.042657,0.009187,0.006514,0.000215,0.0,0.131479
747,0.136428,0.036055,0.019964,0.007781,0.000123,0.0,0.138357
748,0.127578,0.025348,0.0192,0.004984,0.000121,0.0,0.128763
749,0.12885,0.026149,0.020311,0.003159,9.6e-05,0.0,0.130096
750,0.131367,0.017277,0.02175,0.004134,0.000121,0.0,0.131955
751,0.136493,0.038091,0.01407,0.006059,0.000185,0.0,0.13849
752,0.144705,0.038484,0.021804,0.002934,0.000146,0.0,0.146769
753,0.147249,0.03132,0.016312,0.005473,0.0001,0.0,0.148689
754,0.117666,0.043532,0.02448,0.00467,9.5e-05,0.0,0.12035
755,0.150947,0.081925,0.036595,0.003245,0.00012,0.0,0.156398
756,0.154497,0.047149,0.032077,0.004865,0.00011,0.0,0.157274
757,0.118421,0.208964,0.035589,0.00528,0.000127,0.0,0.133565
758,0.115581,0.100256,0.020863,0.003958,0.000134,0.0,0.122453
759,0.152026,0.065579,0.02433,0.007059,0.000138,0.0,0.156092
760,0.127359,0.046786,0.057668,0.007006,0.000213,0.0,0.130666
761,0.117609,0.033173,0.045585,0.004693,0.000136,0.0,0.119809
762,0.131603,0.030091,0.029286,0.005985,0.00013,0.0,0.133249
763,0.123733,0.031323,0.0309,0.004133,0.000189,0.0,0.125549
764,0.112397,0.032572,0.041773,0.005958,0.000253,0.0,0.114543
765,0.113595,0.027853,0.055542,0.004732,0.000257,0.0,0.115565
766,0.106416,0.097207,0.127569,0.00995,0.000622,0.0,0.114589
767,0.104715,0.075341,0.082071,0.007416,0.000646,0.0,0.110652
768,0.14462,0.044479,0.064156,0.00858,0.000991,0.0,0.147715
769,0.124959,0.036981,0.061293,0.012977,0.001019,0.0,0.127615
770,0.127273,0.047304,0.068172,0.01397,0.002261,0.0,0.130774
771,0.112757,0.039977,0.082582,0.016194,0.003776,0.0,0.116024
772,0.127513,0.043458,0.098648,0.023303,0.002989,0.0,0.131157
773,0.130706,0.036956,0.115105,0.023525,0.003914,0.0,0.134065
774,0.123289,0.039154,0.115673,0.015366,0.005805,0.0,0.126862
775,0.129428,0.051434,0.129827,0.031028,0.00363,0.0,0.134087
776,0.123394,0.039765,0.133063,0.033952,0.006319,0.0,0.127279
777,0.105843,0.037075,0.169864,0.04176,0.003495,0.0,0.110175
778,0.136571,0.032827,0.166426,0.02397,0.010163,0.0,0.140275
779,0.093702,0.025853,0.163859,0.021096,0.009388,0.0,0.097173
780,0.044932,0.030966,0.155504,0.033172,0.007269,0.0,0.049063
781,0.100755,0.039849,0.154329,0.056711,0.009498,0.0,0.105148
782,0.101399,0.046443,0.132243,0.037229,0.008109,0.0,0.105944
783,0.107506,0.059925,0.123125,0.033411,0.00615,0.0,0.112878
784,0.091873,0.089725,0.079503,0.025889,0.007456,0.0,0.098976
785,0.092832,0.074695,0.121927,0.03075,0.005151,0.0,0.099394
786,0.07831,0.082621,0.117153,0.024148,0.004757,0.0,0.085496
787,0.080403,0.077535,0.10466,0.028845,0.002665,0.0,0.087033
788,0.081702,0.087809,0.072461,0.026685,0.001455,0.0,0.088645
789,0.092192,0.066122,0.074055,0.022686,0.000637,0.0,0.097457
790,0.078324,0.055941,0.101836,0.019865,0.000537,0.0,0.083308
791,0.09585,0.041369,0.087806,0.013104,0.000567,0.0,0.099414
792,0.116019,0.066782,0.089235,0.014391,0.000169,0.0,0.121343
793,0.114689,0.094684,0.043774,0.00614,0.000298,0.0,0.121468
794,0.09972,0.086393,0.027005,0.013342,0.000297,0.0,0.105781
795,0.093565,0.071604,0.047011,0.021444,0.000227,0.0,0.098857
796,0.10121,0.070005,0.093962,0.011611,0.000486,0.0,0.106945
797,0.096469,0.05183,0.08294,0.004543,0.000888,0.0,0.100725
798,0.1116,0.053426,0.080557,0.025698,0.000358,0.0,0.115865
799,0.109844,0.054549,0.103328,0.016711,0.000555,0.0,0.114499
800,0.113541,0.042001,0.036691,0.010737,0.000596,0.0,0.116319
801,0.121275,0.021849,0.069796,0.008365,0.00073,0.0,0.122939
802,0.067124,0.04406,0.088338,0.0086,0.000975,0.0,0.071106
803,0.105726,0.058253,0.062034,0.016239,0.000898,0.0,0.110127
804,0.09282,0.025921,0.109596,0.053897,0.00323,0.0,0.095624
805,0.079986,0.279229,0.225858,0.029778,0.005742,0.0,0.103278
806,0.221037,0.408542,0.056916,0.021507,0.000746,1.0,0.250571
807,0.432978,0.20635,0.106494,0.035065,0.001331,1.0,0.446546
808,0.358296,0.056136,0.076807,0.033746,0.000544,0.0,0.360847
809,0.078692,0.019354,0.061281,0.028256,0.00154,0.0,0.080415
810,0.087431,0.015145,0.049381,0.032886,0.000903,0.0,0.088621
811,0.136091,0.04259,0.083339,0.034876,0.00083,0.0,0.139416
812,0.004492,0.024572,0.085128,0.025259,0.000631,0.0,0.007486
813,0.001916,0.017295,0.090583,0.01385,0.000465,0.0,0.004443
814,0.003319,0.238578,0.153782,0.041326,0.000673,0.0,0.023211
815,0.044871,0.528226,0.079374,0.023296,0.000385,0.0,0.084964
816,0.047973,0.201306,0.072184,0.02678,0.000678,0.0,0.063618
817,0.018777,0.087138,0.107169,0.036284,0.000444,0.0,0.026637
818,0.000407,0.01515,0.083908,0.057237,0.000276,0.0,0.00277
819,0.000962,0.037342,0.08073,0.035334,0.00029,0.0,0.004891
820,0.00175,0.065068,0.152748,0.04343,0.000224,0.0,0.008729
821,0.008293,0.113436,0.158397,0.025258,0.000106,0.0,0.018867
822,0.007854,0.053899,0.122351,0.025562,0.000124,0.0,0.013511
823,0.001381,0.293457,0.163757,0.023357,0.000234,0.0,0.025476
824,0.050919,0.44964,0.114766,0.024825,0.000106,1.0,0.085599
825,0.029081,0.177289,0.111022,0.014895,0.000115,0.0,0.043588
826,0.018578,0.080433,0.095651,0.027028,0.000203,0.0,0.025768
827,0.013133,0.044756,0.083957,0.018421,9.2e-05,0.0,0.017535
828,0.005981,0.019164,0.066592,0.030473,8.6e-05,0.0,0.008319
829,0.006969,0.124963,0.127546,0.031874,9.1e-05,0.0,0.018004
830,0.024528,0.174281,0.151541,0.032031,3.4e-05,0.0,0.039426
831,0.012054,0.092631,0.095472,0.032615,4.4e-05,0.0,0.02021
832,0.005887,0.238812,0.114892,0.042152,0.000186,0.0,0.02525
833,0.020058,0.240964,0.125821,0.030941,3.2e-05,0.0,0.039603
834,0.010719,0.119675,0.088857,0.034561,0.000102,0.0,0.020812
835,0.003412,0.153308,0.17233,0.033446,0.000234,0.0,0.017194
836,0.013882,0.251441,0.280175,0.022133,3.9e-05,0.0,0.036332
837,0.015002,0.154059,0.150818,0.036802,7.1e-05,0.0,0.028465
838,0.004903,0.113074,0.203336,0.01746,0.000106,0.0,0.016072
839,0.018224,0.131562,0.140807,0.042858,4.7e-05,0.0,0.029863
840,0.018502,0.091621,0.088661,0.045932,5.8e-05,0.0,0.026464
841,0.009558,0.199417,0.10821,0.033221,0.000116,0.0,0.025855
842,0.006411,0.356711,0.075399,0.017668,2.8e-05,0.0,0.033966
843,0.003065,0.166596,0.079992,0.008466,1.5e-05,0.0,0.016542
844,0.010305,0.086798,0.105459,0.029174,3.9e-05,0.0,0.018169
845,0.024932,0.036401,0.115766,0.018358,5.1e-05,0.0,0.029055
846,0.011525,0.033911,0.090028,0.026308,6.8e-05,0.0,0.015229
847,0.006786,0.106423,0.146534,0.02512,0.000161,0.0,0.016688
848,0.02615,0.128183,0.125622,0.02463,1.6e-05,0.0,0.03724
849,0.018649,0.072052,0.106441,0.009811,1.7e-05,0.0,0.025331
850,0.005175,0.131536,0.108546,0.019369,0.000114,0.0,0.016433
851,0.016528,0.195497,0.074896,0.007566,8e-06,0.0,0.031983
852,0.016951,0.072605,0.100155,0.01702,1e-05,0.0,0.023615
853,0.005242,0.354732,0.079006,0.040752,0.000141,0.0,0.032749
854,0.003664,0.581205,0.052123,0.031184,8e-06,1.0,0.047658
855,0.001886,0.249261,0.072893,0.021046,1.1e-05,0.0,0.021451
856,0.001422,0.070823,0.099422,0.020103,3e-05,0.0,0.008067
857,0.004256,0.088501,0.080485,0.012205,7e-06,0.0,0.011925
858,0.003103,0.046641,0.050031,0.006172,7e-06,0.0,0.007241
859,0.000849,0.06832,0.087847,0.021022,2.4e-05,0.0,0.007156
860,0.006509,0.131934,0.106664,0.012319,8e-06,0.0,0.017748
861,0.002133,0.04809,0.070324,0.012629,6e-06,0.0,0.006673
862,0.00148,0.331218,0.059715,0.022316,0.000299,0.0,0.026971
863,0.022092,0.783145,0.038641,0.009772,2e-05,1.0,0.080755
864,0.012177,0.310161,0.045044,0.01349,1.4e-05,0.0,0.035804
865,0.00417,0.067104,0.042858,0.017607,2.6e-05,0.0,0.009745
866,0.000179,0.010197,0.036545,0.013382,1e-05,0.0,0.001456
867,6.1e-05,0.002777,0.050152,0.011662,1.1e-05,0.0,0.000968
868,0.000322,0.115336,0.112241,0.02199,0.00071,0.0,0.010466
869,0.000403,0.227947,0.103587,0.008427,1.4e-05,0.0,0.018787
870,0.000158,0.105532,0.082469,0.00906,7e-06,0.0,0.009146
871,0.002408,0.359785,0.072106,0.011818,0.000329,0.0,0.030168
872,0.020444,0.579591,0.049238,0.009017,1e-05,1.0,0.064112
873,0.014103,0.203802,0.037032,0.006031,8e-06,0.0,0.029678
874,0.007599,0.069112,0.043887,0.007331,1e-05,0.0,0.013294
875,0.003225,0.072554,0.050858,0.017339,8e-06,0.0,0.009321
876,0.001322,0.052407,0.033786,0.014483,5e-06,0.0,0.005696
877,0.001128,0.080117,0.051268,0.014726,0.000375,0.0,0.007804
878,0.004819,0.116705,0.020281,0.004371,1.1e-05,0.0,0.013751
879,0.001894,0.081004,0.010148,0.006211,3e-06,0.0,0.008057
880,0.000792,0.083999,0.026011,0.010347,0.00067,0.0,0.007409
881,0.009204,0.256839,0.037527,0.00433,2.6e-05,0.0,0.028768
882,0.003106,0.108609,0.022609,0.00474,1e-05,0.0,0.011481
883,0.001731,0.223055,0.137572,0.028028,0.000419,0.0,0.020236
884,0.008741,0.468684,0.13475,0.005579,2.2e-05,1.0,0.045397
885,0.006372,0.325163,0.052316,0.004506,7e-06,0.0,0.031244
886,0.010873,0.262165,0.050772,0.017739,0.000391,0.0,0.031023
887,0.026523,0.128821,0.052612,0.005108,1.4e-05,0.0,0.036632
888,0.017299,0.119309,0.020811,0.004648,9e-06,0.0,0.026338
889,0.013767,0.295269,0.046749,0.006967,7.7e-05,0.0,0.036286
890,0.018146,0.307869,0.043878,0.004266,7e-06,0.0,0.041525
891,0.010218,0.136402,0.035866,0.002362,5e-06,0.0,0.020784
892,0.003585,0.083437,0.04203,0.006291,0.000222,0.0,0.010349
893,0.024424,0.066251,0.016328,0.002635,1.1e-05,0.0,0.029396
894,0.017939,0.029827,0.013213,0.002899,1e-05,0.0,0.020207
895,0.004761,0.075596,0.071947,0.014856,0.000662,0.0,0.011353
896,0.014869,0.103701,0.071769,0.00491,2.1e-05,0.0,0.023457
897,0.009739,0.058603,0.01919,0.002282,8e-06,0.0,0.014291
898,0.006725,0.146671,0.040214,0.007418,0.00023,0.0,0.01815
899,0.056363,0.258642,0.038956,0.00171,1.1e-05,1.0,0.075717
900,0.031387,0.112446,0.011927,0.001046,4e-06,0.0,0.039681
901,0.017543,0.279248,0.030595,0.006415,0.000104,0.0,0.03862
902,0.020084,0.576901,0.024716,0.001332,8e-06,1.0,0.063208
903,0.01865,0.369114,0.015062,0.002766,3e-06,0.0,0.04619
904,0.007735,0.154631,0.012108,0.001771,3.7e-05,0.0,0.019353
905,0.011984,0.080383,0.012713,0.001689,4e-06,0.0,0.018051
906,0.006947,0.050275,0.004348,0.000422,2e-06,0.0,0.010696
907,0.002913,0.045005,0.011408,0.00101,1.5e-05,0.0,0.006397
908,0.005151,0.095432,0.009104,0.000851,2e-06,0.0,0.01234
909,0.003168,0.054726,0.003429,0.001148,2e-06,0.0,0.007266
910,0.001203,0.251799,0.039697,0.014035,0.000205,0.0,0.020498
911,0.013593,0.698491,0.050558,0.00309,1.1e-05,1.0,0.06617
912,0.007782,0.318267,0.011398,0.000464,3e-06,0.0,0.031568
913,0.005278,0.139493,0.003926,0.001257,4.5e-05,0.0,0.015676
914,0.002556,0.023186,0.004946,0.001983,5e-06,0.0,0.004333
915,0.001382,0.005928,0.001806,0.000647,3e-06,0.0,0.001838
916,0.000565,0.052015,0.045147,0.01556,0.000635,0.0,0.005072
917,0.005785,0.103803,0.097286,0.005869,1.1e-05,0.0,0.014798
918,0.003456,0.047405,0.042406,0.001148,3e-06,0.0,0.007536
919,0.003047,0.172545,0.049216,0.006332,0.000244,0.0,0.016546
920,0.041778,0.306631,0.045764,0.001192,6e-06,1.0,0.064906
921,0.016283,0.17146,0.012563,0.000614,3e-06,0.0,0.029092
922,0.006517,0.05701,0.002709,0.000601,4e-06,0.0,0.010748
923,0.005365,0.024942,0.001511,0.001142,2e-06,0.0,0.007203
924,0.001674,0.012304,0.001949,0.000353,2e-06,0.0,0.002605
925,0.000806,0.028591,0.06128,0.005124,0.000383,0.0,0.003768
926,0.002249,0.074453,0.041705,0.001621,1e-05,0.0,0.008342
927,0.000655,0.050384,0.0075,0.000216,2e-06,0.0,0.004502
928,0.001,0.050112,0.019269,0.004125,0.000487,0.0,0.004991
929,0.010241,0.100254,0.033235,0.001072,2.6e-05,0.0,0.018078
930,0.008042,0.071305,0.01543,0.000284,4e-06,0.0,0.013498
931,0.003247,0.230957,0.056041,0.004367,0.000701,0.0,0.02118
932,0.010476,0.283285,0.069599,0.001677,2.6e-05,1.0,0.032429
933,0.005565,0.162028,0.024834,0.000335,8e-06,0.0,0.01792
934,0.003593,0.121084,0.021399,0.00493,0.000526,0.0,0.012877
935,0.009217,0.137455,0.019412,0.001644,4.4e-05,0.0,0.019644
936,0.00607,0.068333,0.008702,0.00035,9e-06,0.0,0.011229
937,0.002911,0.188455,0.017804,0.015464,0.000719,0.0,0.017184
938,0.02578,0.27434,0.019628,0.003335,1.9e-05,1.0,0.046275
939,0.014361,0.146648,0.003618,0.000477,6e-06,0.0,0.025217
940,0.004958,0.052906,0.013402,0.002413,0.000121,0.0,0.009045
941,0.012455,0.069725,0.013794,0.0012,1.5e-05,0.0,0.01774
942,0.005307,0.03602,0.008855,0.000395,7e-06,0.0,0.008068
943,0.001838,0.054822,0.012102,0.005419,0.000548,0.0,0.006078
944,0.014843,0.079398,0.020959,0.00296,4.3e-05,0.0,0.020929
945,0.007506,0.057551,0.006762,0.000674,1.6e-05,0.0,0.011825
946,0.004183,0.125955,0.030512,0.004109,0.000453,0.0,0.013947
947,0.032296,0.226778,0.025091,0.002535,3e-05,1.0,0.049275
948,0.021887,0.112578,0.004642,0.000672,1.7e-05,0.0,0.030163
949,0.010669,0.186819,0.021268,0.005977,0.0012,0.0,0.024792
950,0.018952,0.289811,0.032472,0.001296,5.6e-05,1.0,0.040822
951,0.010692,0.136888,0.01545,0.000421,2e-05,0.0,0.02101
952,0.003329,0.085088,0.005833,0.000937,0.000148,0.0,0.009717
953,0.002118,0.02342,0.005988,0.000699,3.9e-05,0.0,0.003928
954,0.00172,0.026756,0.001525,0.000381,5.4e-05,0.0,0.00372
955,0.001905,0.022815,0.007983,0.000804,9.1e-05,0.0,0.003699
956,0.010384,0.043184,0.013143,0.001435,7.6e-05,0.0,0.0137
957,0.005616,0.023198,0.00396,0.000494,5.3e-05,0.0,0.007354
958,0.002908,0.148431,0.054207,0.02215,0.002982,0.0,0.014709
959,0.03247,0.277288,0.088967,0.013199,0.000284,1.0,0.054092
960,0.017497,0.193618,0.033003,0.00077,0.000114,0.0,0.032224
961,0.012474,0.07455,0.00963,0.000673,0.000194,0.0,0.018059
962,0.002991,0.047846,0.005166,0.000398,8.5e-05,0.0,0.0066
963,0.002861,0.02352,0.002072,0.00022,5.9e-05,0.0,0.004619
964,0.001494,0.059443,0.076295,0.009802,0.002124,0.0,0.00696
965,0.029537,0.07873,0.081437,0.004901,0.000261,1.0,0.036286
966,0.014986,0.041036,0.024576,0.001173,0.000102,0.0,0.018261
967,0.003813,0.228391,0.04985,0.01455,0.00258,0.0,0.021486
968,0.0437,0.389458,0.047501,0.009325,0.000274,1.0,0.073015
969,0.031133,0.255459,0.018552,0.002,0.000105,0.0,0.050165
970,0.015557,0.091427,0.005967,0.000979,0.000125,0.0,0.022326
971,0.004538,0.067213,0.007935,0.000523,0.000102,0.0,0.009615
972,0.002559,0.036394,0.002621,0.000357,0.000136,0.0,0.005285
973,0.001385,0.051022,0.020532,0.005914,0.003954,0.0,0.005462
974,0.01533,0.102028,0.028705,0.003479,0.000446,0.0,0.023203
975,0.006923,0.074394,0.00781,0.000684,0.00016,0.0,0.012515
976,0.005133,0.075103,0.016781,0.00677,0.004528,0.0,0.010924
977,0.015843,0.095558,0.030988,0.005722,0.000517,0.0,0.023265
978,0.012072,0.064454,0.01522,0.000871,0.000179,0.0,0.016985
979,0.004624,0.145843,0.053157,0.017565,0.004144,0.0,0.016196
980,0.004756,0.201542,0.133757,0.012745,0.000402,0.0,0.021559
981,0.003887,0.132049,0.043443,0.001139,0.000144,0.0,0.014277
982,0.004694,0.087482,0.041547,0.004854,0.001201,0.0,0.011742
983,0.002566,0.106658,0.063879,0.002787,0.000466,0.0,0.011357
984,0.002544,0.080861,0.022395,0.000471,9.8e-05,0.0,0.008848
985,0.00072,0.073834,0.026886,0.015111,0.007703,0.0,0.006602
986,0.02144,0.216538,0.054719,0.014705,0.000518,1.0,0.038162
987,0.010195,0.138047,0.018163,0.001995,0.000159,0.0,0.020642
988,0.004864,0.102268,0.020637,0.003777,0.000605,0.0,0.012725
989,0.022768,0.142171,0.035312,0.001889,0.000187,1.0,0.033659
990,0.008221,0.034616,0.016113,0.000928,0.000175,0.0,0.010956
991,0.003075,0.031177,0.036299,0.006326,0.000848,0.0,0.005876
992,0.003108,0.06051,0.080301,0.005097,0.000194,0.0,0.008687
993,0.001138,0.049144,0.033213,0.001308,0.000167,0.0,0.00524
994,0.000869,0.076735,0.052876,0.013387,0.002849,0.0,0.007315
995,0.017092,0.168303,0.065251,0.007313,0.00045,1.0,0.030387
996,0.020133,0.102424,0.018718,0.001138,0.000123,0.0,0.027859
997,0.008473,0.193202,0.136859,0.074443,0.377631,0.0,0.024799
998,0.563853,0.034552,0.04581,0.00695,0.039869,1.0,0.562767
999,0.170714,0.051423,0.019413,0.001335,0.000389,0.0,0.173507
1000,0.146014,0.203321,0.033089,0.005013,0.004891,0.0,0.160493
1001,0.049605,0.258214,0.032376,0.00263,0.002914,0.0,0.06889
1002,0.097199,0.228893,0.006508,0.000939,0.000183,0.0,0.113585
1003,0.08621,0.241826,0.022322,0.004239,0.034224,0.0,0.103865
1004,0.028944,0.247712,0.029408,0.00449,0.007002,0.0,0.047568
1005,0.079492,0.148142,0.021496,0.000831,0.000487,0.0,0.090206
1006,0.102199,0.135813,0.034669,0.010006,0.005628,0.0,0.112018
1007,0.178613,0.211502,0.082257,0.005487,0.002289,0.0,0.194121
1008,0.163799,0.185404,0.038723,0.001286,0.000192,0.0,0.176879
1009,0.134321,0.199045,0.151831,0.201811,1.0,0.0,0.150589
1010,0.118782,0.109981,0.114065,0.079136,0.149191,0.0,0.12776
1011,0.111417,0.074084,0.029904,0.012804,0.0036,0.0,0.116511
1012,0.129414,0.101388,0.033694,0.007309,0.007009,0.0,0.136446
1013,0.152544,0.237339,0.04689,0.005977,0.009945,0.0,0.169695
1014,0.132949,0.173072,0.02895,0.001684,0.000431,0.0,0.145215
1015,0.079079,0.218582,0.110847,0.052341,0.174558,0.0,0.096353
1016,0.200692,0.2063,0.023966,0.003324,0.017772,0.0,0.214851
1017,0.111237,0.166733,0.024501,0.00136,0.000539,0.0,0.123135
1018,0.109697,0.223861,0.062971,0.007986,0.038082,0.0,0.126395
1019,0.047543,0.270255,0.061455,0.0024,0.004881,0.0,0.068135
1020,0.182679,0.142267,0.057953,0.000945,0.000372,0.0,0.192665
1021,0.09281,0.161387,0.068648,0.011827,0.413642,0.0,0.105093
1022,0.12075,0.222759,0.094946,0.0039,0.040317,0.0,0.137708
1023,0.108964,0.245392,0.121048,0.002391,0.000767,0.0,0.128046
1024,0.0813,0.221475,0.171898,0.075888,0.08235,0.0,0.099636
1025,0.099941,0.514079,0.150585,0.017773,0.022983,0.0,0.13952
1026,0.07289,0.421888,0.181851,0.00244,0.000801,0.0,0.106209
1027,0.072921,0.421253,0.214253,0.018777,0.355624,0.0,0.106682
1028,0.072532,0.833651,0.202931,0.006519,0.043319,0.0,0.136797
1029,0.077155,0.597258,0.239374,0.002226,0.001099,0.0,0.124274
1030,0.070055,0.562542,0.31168,0.006384,0.017355,0.0,0.115634
1031,0.078617,0.468435,0.288861,0.001659,0.003686,0.0,0.116808
1032,0.067936,0.462762,0.301887,0.001318,0.000509,0.0,0.105961
1033,0.070045,0.618184,0.440823,0.138457,0.637223,0.0,0.121788
1034,0.14018,0.709669,0.400244,0.06312,0.110314,0.0,0.197482
1035,0.101119,0.611938,0.255537,0.007821,0.002992,0.0,0.149378
1036,0.110063,0.421365,0.272293,0.014577,0.074412,0.0,0.144313
1037,0.054575,0.446962,0.254984,0.006155,0.020607,0.0,0.0909
1038,0.044427,0.501603,0.283073,0.003987,0.000924,0.0,0.085272
1039,0.052706,0.410663,0.350052,0.02564,0.325242,0.0,0.087686
1040,0.091711,0.365401,0.30064,0.005545,0.022292,0.0,0.122301
1041,0.090154,0.457609,0.324557,0.002282,0.001561,0.0,0.127937
1042,0.094296,0.465195,0.328065,0.008874,0.111683,0.0,0.132677
1043,0.235396,0.77651,0.329859,0.003738,0.016214,1.0,0.295884
1044,0.160554,0.675028,0.366765,0.002827,0.000876,0.0,0.214557
1045,0.112535,0.578872,0.236857,0.058504,0.458761,0.0,0.158109
1046,0.490585,0.343551,0.167776,0.005604,0.062787,1.0,0.51471
1047,0.15293,0.408573,0.19544,0.00096,0.000577,0.0,0.18483
1048,0.024222,0.457257,0.220151,0.002182,0.001901,0.0,0.061063
1049,0.209235,0.35658,0.153534,0.000907,0.003258,0.0,0.236267
1050,0.083919,0.228425,0.056636,0.000541,0.000355,0.0,0.101051
1051,0.081302,0.228129,0.069622,0.00393,0.030255,0.0,0.098616
1052,0.07414,0.581179,0.116336,0.001634,0.006852,0.0,0.118415
1053,0.022012,0.445117,0.059611,0.001143,0.000325,0.0,0.055786
1054,0.02785,0.515921,0.098504,0.004734,0.015708,0.0,0.067384
1055,0.002378,0.440547,0.105713,0.002459,0.003944,0.0,0.036589
1056,0.009367,0.330529,0.088766,0.000914,0.000258,0.0,0.035103
1057,0.040423,0.177366,0.239562,0.103983,0.840218,0.0,0.056802
1058,0.068417,0.10514,0.166391,0.064067,0.166776,0.0,0.078102
1059,0.098287,0.10983,0.074288,0.010693,0.004804,0.0,0.10674
1060,0.098978,0.095475,0.062513,0.004473,0.012067,0.0,0.106188
1061,0.097078,0.088864,0.065569,0.00277,0.010314,0.0,0.103848
1062,0.100264,0.110506,0.022972,0.000753,0.000411,0.0,0.108039
1063,0.100564,0.379669,0.143629,0.041321,0.387689,0.0,0.130103
1064,0.334063,0.156702,0.048002,0.002622,0.019064,1.0,0.34384
1065,0.289598,0.158905,0.013508,0.000944,0.000471,0.0,0.299405
1066,0.077565,0.160237,0.024458,0.004324,0.015398,0.0,0.089241
1067,0.103321,0.111677,0.029572,0.001573,0.004356,0.0,0.111251
1068,0.183289,0.121821,0.04484,0.000843,0.000533,0.0,0.191571
1069,0.123315,0.115366,0.053329,0.009913,0.474323,0.0,0.131733
1070,0.104634,0.080353,0.073052,0.003705,0.051671,0.0,0.110819
1071,0.057403,0.060104,0.108718,0.00234,0.001037,0.0,0.062919
1072,0.083978,0.098848,0.141093,0.028709,0.064808,0.0,0.092665
1073,0.183209,0.143079,0.138241,0.013466,0.018156,0.0,0.194364
1074,0.137071,0.086901,0.201713,0.006802,0.001151,0.0,0.145244
1075,0.109227,0.149999,0.214716,0.017738,0.205709,0.0,0.122518
1076,0.128516,0.35855,0.099661,0.003547,0.021426,0.0,0.155584
1077,0.106519,0.170727,0.046027,0.001154,0.000798,0.0,0.119042
1078,0.097531,0.16696,0.054444,0.006591,0.010578,0.0,0.109966
1079,0.136773,0.267016,0.078429,0.002712,0.003687,0.0,0.156675
1080,0.118988,0.218822,0.104478,0.0023,0.000585,0.0,0.135791
1081,0.123121,0.197563,0.346735,0.161581,0.758053,0.0,0.141923
1082,0.133079,0.149331,0.211165,0.056777,0.143921,0.0,0.146155
1083,0.105071,0.1564,0.166597,0.013876,0.003355,0.0,0.118197
1084,0.11443,0.209512,0.16594,0.013027,0.091706,0.0,0.131433
1085,0.179357,0.282862,0.16602,0.011576,0.026116,0.0,0.20132
1086,0.114157,0.271033,0.161096,0.004897,0.00109,0.0,0.135656
1087,0.092475,0.283265,0.173536,0.018815,0.349984,0.0,0.115264
1088,0.087288,0.294239,0.171857,0.009987,0.045644,0.0,0.110877
1089,0.084217,0.272823,0.233001,0.004993,0.00125,0.0,0.107053
1090,0.083512,0.287751,0.221342,0.019149,0.100725,0.0,0.107337
1091,0.15898,0.198313,0.0605,0.006007,0.012498,0.0,0.173362
1092,0.139872,0.173114,0.094797,0.002186,0.000879,0.0,0.152982
1093,0.061523,0.14207,0.164859,0.084159,0.242234,0.0,0.074029
1094,0.546148,0.127712,0.068011,0.003736,0.053128,1.0,0.552427
1095,0.061492,0.167064,0.069303,0.00195,0.000768,0.0,0.074402
1096,0.165487,0.12122,0.080094,0.002612,0.001935,0.0,0.174341
1097,0.043836,0.235312,0.072583,0.002555,0.002482,0.0,0.062006
1098,0.177345,0.130774,0.065496,0.001551,0.000235,0.0,0.18662
1099,0.156572,0.104905,0.061135,0.004113,0.028083,0.0,0.164026
1100,0.156751,0.393922,0.102351,0.00304,0.010924,0.0,0.186272
1101,0.083743,0.329238,0.139439,0.001993,0.000614,0.0,0.109506
1102,0.078204,0.183692,0.171535,0.004956,0.007226,0.0,0.093618
1103,0.050871,0.193281,0.201292,0.003118,0.0045,0.0,0.067607
1104,0.053837,0.196421,0.176454,0.002507,0.000495,0.0,0.070445
1105,0.086915,0.216324,0.268909,0.10845,0.777836,0.0,0.106242
1106,0.080568,0.190228,0.257417,0.063404,0.148771,0.0,0.097726
1107,0.110954,0.218836,0.257262,0.007961,0.005311,0.0,0.129903
1108,0.113745,0.231375,0.267996,0.00544,0.013696,0.0,0.133747
1109,0.105631,0.401066,0.332201,0.00611,0.006991,0.0,0.139197
1110,0.111316,0.25391,0.265122,0.003251,0.000959,0.0,0.132971
1111,0.096338,0.219342,0.350905,0.046283,0.284079,0.0,0.11679
1112,0.091642,0.207672,0.285016,0.007865,0.01862,0.0,0.110284
1113,0.19284,0.235257,0.29234,0.002485,0.000773,1.0,0.212854
1114,0.161587,0.239938,0.259709,0.007144,0.035691,0.0,0.181754
1115,0.093251,0.26652,0.202243,0.004447,0.006276,0.0,0.115131
1116,0.031084,0.247486,0.179066,0.002105,0.000619,0.0,0.051702
1117,0.076111,0.208188,0.147297,0.008623,0.29069,0.0,0.093059
1118,0.038388,0.155301,0.206618,0.002794,0.057257,0.0,0.052467
1119,0.040538,0.264446,0.147062,0.001974,0.0009,0.0,0.061911
1120,0.083833,0.169921,0.141248,0.020006,0.060301,0.0,0.097797
1121,0.113299,0.274855,0.176063,0.016989,0.01649,0.0,0.135314
1122,0.151555,0.183466,0.111652,0.002924,0.001117,0.0,0.165577
1123,0.110256,0.233659,0.100512,0.017958,0.28362,0.0,0.128221
1124,0.062294,0.212204,0.054353,0.004474,0.029789,0.0,0.078362
1125,0.089057,0.172956,0.053317,0.002534,0.000721,0.0,0.10198
1126,0.107921,0.233465,0.117466,0.008539,0.015463,0.0,0.126087
1127,0.105627,0.276042,0.032172,0.002392,0.004956,0.0,0.12581
1128,0.110038,0.094213,0.030614,0.001842,0.000549,0.0,0.116631
1129,0.143035,0.152864,0.228707,0.108066,0.732765,0.0,0.156662
1130,0.098744,0.142768,0.090237,0.112801,0.171846,0.0,0.110051
1131,0.134874,0.070113,0.070483,0.006956,0.002593,0.0,0.140035
1132,0.11411,0.114025,0.083663,0.005766,0.061683,0.0,0.122877
1133,0.250847,0.203899,0.066344,0.003895,0.030787,1.0,0.265022
1134,0.166498,0.146243,0.031474,0.002395,0.001479,0.0,0.176546
1135,0.109395,0.119849,0.026137,0.0234,0.361835,0.0,0.1179
1136,0.134394,0.119764,0.03164,0.008638,0.061395,0.0,0.142733
1137,0.128748,0.096757,0.040088,0.00136,0.001819,0.0,0.135515
1138,0.122096,0.13726,0.055653,0.009492,0.083078,0.0,0.132159
1139,0.100857,0.187778,0.049443,0.004689,0.015999,0.0,0.114746
1140,0.127841,0.099785,0.019898,0.001173,0.000643,0.0,0.134566
1141,0.101805,0.172887,0.148883,0.024838,0.192371,0.0,0.115973
1142,0.83971,0.084717,0.022348,0.00425,0.107312,1.0,0.839938
1143,0.302276,0.084446,0.023763,0.001047,0.000999,0.0,0.306584
1144,0.054332,0.095269,0.026531,0.001655,0.002658,0.0,0.061372
1145,0.349871,0.107724,0.014842,0.001426,0.002389,0.0,0.355429
1146,0.101888,0.06424,0.005708,0.001116,0.000163,0.0,0.105972
1147,0.1057,0.066789,0.027949,0.002786,0.02438,0.0,0.110252
1148,0.230233,0.144316,0.026014,0.002054,0.006979,0.0,0.239579
1149,0.174522,0.106241,0.007183,0.001357,0.000428,0.0,0.181201
1150,0.124911,0.166578,0.025887,0.003751,0.015691,0.0,0.136717
1151,0.247727,0.245409,0.042031,0.003902,0.004477,0.0,0.264684
1152,0.171066,0.120438,0.010137,0.001394,0.000216,0.0,0.178867
1153,0.144829,0.143788,0.080526,0.157755,0.520051,0.0,0.15583
1154,0.114054,0.089434,0.138812,0.067738,0.159686,0.0,0.121854
1155,0.121162,0.1076,0.176434,0.014166,0.005857,0.0,0.130668
1156,0.137528,0.093309,0.172282,0.010969,0.012859,0.0,0.145784
1157,0.159487,0.123987,0.176213,0.009922,0.011326,0.0,0.16991
1158,0.131692,0.110992,0.21336,0.012888,0.002256,0.0,0.141868
1159,0.134166,0.176125,0.205552,0.069727,0.245103,0.0,0.14918
1160,0.788757,0.159138,0.0823,0.024921,0.014303,1.0,0.795757
1161,0.164806,0.127483,0.198404,0.086031,0.001182,0.0,0.175883
1162,0.108166,0.139376,0.203201,0.14083,0.032047,0.0,0.120722
1163,0.09528,0.208529,0.215288,0.125861,0.005929,0.0,0.113218
1164,0.144455,0.126702,0.178471,0.105817,0.001074,0.0,0.155393
1165,0.063187,0.156266,0.162401,0.093432,0.333929,0.0,0.076725
1166,0.049863,0.208638,0.157195,0.056834,0.065247,0.0,0.067249
1167,0.079191,0.16946,0.108666,0.059898,0.001569,0.0,0.09278
1168,0.072801,0.11731,0.20734,0.123412,0.048759,0.0,0.084011
1169,0.060485,0.14545,0.22261,0.07396,0.012778,0.0,0.074001
1170,0.057838,0.171225,0.310039,0.062447,0.001428,0.0,0.074459
1171,0.03877,0.25622,0.509281,0.087857,0.287547,0.0,0.064628
1172,0.121811,0.118786,0.339815,0.082244,0.036958,0.0,0.134483
1173,0.104937,0.117962,0.209797,0.085292,0.00264,0.0,0.115915
1174,0.103498,0.163496,0.235164,0.082452,0.008773,0.0,0.118215
1175,0.078333,0.269808,0.176641,0.06626,0.004017,0.0,0.100332
1176,0.067094,0.08058,0.114669,0.073828,0.001377,0.0,0.074267
1177,0.079504,0.093228,0.126118,0.092492,0.525817,0.0,0.087744
1178,0.094418,0.233823,0.119773,0.09113,0.120499,0.0,0.112895
1179,0.075205,0.230273,0.11389,0.015538,0.002664,0.0,0.093345
1180,0.095602,0.181485,0.119847,0.021483,0.071363,0.0,0.11005
1181,0.101829,0.1909,0.087409,0.011446,0.024714,0.0,0.11647
1182,0.083688,0.150624,0.092949,0.008385,0.00086,0.0,0.095538
1183,0.061903,0.119294,0.099984,0.019856,0.213702,0.0,0.071715
1184,0.066043,0.312436,0.138292,0.015659,0.050418,0.0,0.090703
1185,0.079673,0.194526,0.154513,0.022605,0.001182,0.0,0.095682
1186,0.087248,0.153907,0.166942,0.016703,0.06716,0.0,0.100338
1187,0.123776,0.224911,0.095219,0.012324,0.010604,0.0,0.140888
1188,0.067565,0.095561,0.058953,0.010103,0.000603,0.0,0.074981
1189,0.063075,0.285583,0.097631,0.049608,0.516269,0.0,0.085294
1190,1.0,0.096808,0.028961,0.006793,0.086223,1.0,1.0
1191,0.226925,0.115974,0.03008,0.002198,0.000836,0.0,0.234241
1192,0.138518,0.082897,0.030699,0.005489,0.001731,0.0,0.144059
1193,0.265223,0.089087,0.024287,0.005263,0.003077,0.0,0.270173
1194,0.138272,0.050394,0.015956,0.002611,0.00017,0.0,0.141191
1195,0.089797,0.101609,0.030962,0.004341,0.045423,0.0,0.097106
1196,0.125068,0.131668,0.053861,0.005959,0.017239,0.0,0.134659
1197,0.159149,0.072191,0.042745,0.00256,0.000581,0.0,0.163895
1198,0.103437,0.119528,0.072577,0.004848,0.006549,0.0,0.11254
1199,0.173593,0.220349,0.113251,0.002435,0.005079,0.0,0.190213
1200,0.174632,0.13684,0.049585,0.001468,0.000169,0.0,0.184163
1201,0.144553,0.124144,0.094951,0.092522,0.495168,0.0,0.154173
1202,0.107491,0.159221,0.166348,0.109877,0.210642,0.0,0.120986
1203,0.101502,0.121961,0.106032,0.011803,0.005541,0.0,0.111266
1204,0.135783,0.128914,0.088789,0.006478,0.006033,0.0,0.145561
1205,0.083078,0.272647,0.113335,0.002399,0.009087,0.0,0.104282
1206,0.091245,0.214416,0.115561,0.001551,0.000373,0.0,0.108081
1207,0.088853,0.253358,0.140728,0.069417,0.180653,0.0,0.109077
1208,0.155712,0.194085,0.13626,0.004057,0.026822,0.0,0.17083
1209,0.079596,0.242824,0.144425,0.002094,0.000399,0.0,0.099027
1210,0.15799,0.240862,0.145678,0.005346,0.015036,0.0,0.176701
1211,0.117806,0.249211,0.144576,0.001747,0.004652,0.0,0.137423
1212,0.211769,0.298014,0.162282,0.003077,0.000301,0.0,0.234546
1213,0.092831,0.252975,0.171263,0.006941,0.22561,0.0,0.113303
1214,0.149574,0.343324,0.134158,0.003124,0.040996,0.0,0.175817
1215,0.130072,0.22596,0.173488,0.001618,0.000999,0.0,0.148257
1216,0.136158,0.405026,0.198539,0.019019,0.036902,0.0,0.167997
1217,0.158053,0.430617,0.196656,0.012529,0.020059,0.0,0.191593
1218,0.118135,0.302305,0.196589,0.002653,0.000941,0.0,0.142409
1219,0.096631,0.353664,0.172993,0.010817,0.228698,0.0,0.1246
1220,0.097389,0.400906,0.128118,0.004605,0.043694,0.0,0.128236
1221,0.104464,0.221035,0.133217,0.001967,0.001156,0.0,0.121932
1222,0.073956,0.337151,0.140522,0.006837,0.012222,0.0,0.100407
1223,0.086937,0.397165,0.153034,0.002937,0.004154,0.0,0.117918
1224,0.072752,0.344693,0.228668,0.002457,0.00056,0.0,0.100962
1225,0.083408,0.288503,0.265387,0.121918,0.585239,0.0,0.108098
1226,0.081235,0.154868,0.195653,0.166457,0.1909,0.0,0.095102
1227,0.080283,0.155832,0.097619,0.010917,0.004303,0.0,0.092615
1228,0.09277,0.183244,0.087316,0.010614,0.108106,0.0,0.106913
1229,0.073821,0.24006,0.11449,0.00632,0.055601,0.0,0.092695
1230,0.115459,0.173381,0.048679,0.001984,0.001653,0.0,0.128149
1231,0.067649,0.067789,0.05304,0.016061,0.316829,0.0,0.072947
1232,0.057616,0.087209,0.077794,0.004686,0.066135,0.0,0.064737
1233,0.074621,0.153537,0.041647,0.001687,0.001648,0.0,0.086048
1234,0.093277,0.083318,0.036302,0.007876,0.081701,0.0,0.099279
1235,0.163016,0.212527,0.056792,0.003421,0.037519,0.0,0.178372
1236,0.14098,0.154182,0.035353,0.00249,0.001068,0.0,0.151866
1237,0.095066,0.158458,0.046635,0.070239,0.403543,0.0,0.106917
1238,0.360688,0.16763,0.05184,0.0053,0.099355,1.0,0.371137
1239,0.051652,0.076708,0.080752,0.000818,0.000702,0.0,0.058066
1240,0.073362,0.094384,0.144924,0.003306,0.002087,0.0,0.081801
1241,0.09458,0.144805,0.122239,0.002432,0.006009,0.0,0.106301
1242,0.133361,0.11869,0.084147,0.003107,0.00044,0.0,0.142327
1243,0.123715,0.09911,0.098591,0.003031,0.030739,0.0,0.131495
1244,0.125336,0.230588,0.144421,0.003676,0.018093,0.0,0.143512
1245,0.062541,0.116453,0.188227,0.002886,0.000645,0.0,0.073292
1246,0.091458,0.110652,0.154098,0.004154,0.016488,0.0,0.101097
1247,0.1404,0.231131,0.0563,0.009808,0.015063,0.0,0.157316
1248,0.169151,0.166785,0.088481,0.002986,0.000534,0.0,0.181482
1249,0.112108,0.185943,0.308031,0.134628,0.754972,0.0,0.129557
1250,0.081169,0.131528,0.246591,0.14337,0.258183,0.0,0.093954
1251,0.085119,0.153185,0.18408,0.014229,0.004623,0.0,0.098396
1252,0.066987,0.229091,0.09276,0.007591,0.019599,0.0,0.084801
1253,0.07826,0.195627,0.081033,0.004181,0.010309,0.0,0.093333
1254,0.111966,0.086088,0.060906,0.002184,0.000535,0.0,0.118351
1255,0.084865,0.031781,0.094748,0.064046,0.274086,0.0,0.088
1256,0.296017,0.06744,0.040179,0.005671,0.026587,1.0,0.299339
1257,0.106188,0.068976,0.01309,0.000977,0.000435,0.0,0.110693
1258,0.024195,0.16666,0.014539,0.002598,0.010016,0.0,0.036618
1259,0.148749,0.128543,0.019573,0.001841,0.005775,0.0,0.157453
1260,0.013718,0.038807,0.015836,0.000991,0.000401,0.0,0.016719
1261,0.12564,0.061576,0.025037,0.007299,0.284738,0.0,0.129637
1262,0.05957,0.134862,0.040077,0.003735,0.101554,0.0,0.069711
1263,0.107995,0.152826,0.082871,0.001801,0.001038,0.0,0.119675
1264,0.125507,0.172028,0.138428,0.027259,0.044099,0.0,0.139284
1265,0.143441,0.29028,0.181491,0.01734,0.019834,0.0,0.166449
1266,0.1592,0.342424,0.25511,0.008859,0.001023,0.0,0.186952
1267,0.090848,0.373091,0.227368,0.018851,0.197334,0.0,0.121056
1268,0.100966,0.399811,0.17792,0.014754,0.048087,0.0,0.132399
1269,0.091821,0.350346,0.24554,0.008672,0.001634,0.0,0.120546
1270,0.084335,0.344713,0.329459,0.008755,0.006267,0.0,0.113836
1271,0.082042,0.405649,0.349439,0.007112,0.002824,0.0,0.116365
1272,0.059579,0.120041,0.181427,0.004806,0.000807,0.0,0.070531
1273,0.062204,0.210746,0.313289,0.058325,0.603209,0.0,0.081808
1274,0.090842,0.239393,0.323614,0.100658,0.226628,0.0,0.11255
1275,0.098808,0.287811,0.195288,0.020902,0.00289,0.0,0.122165
1276,0.080583,0.276091,0.248692,0.019367,0.058387,0.0,0.103931
1277,0.120781,0.213906,0.187861,0.019061,0.028651,0.0,0.138367
1278,0.096994,0.129374,0.207439,0.010635,0.001216,0.0,0.108718
1279,0.096025,0.108926,0.339614,0.015659,0.186419,0.0,0.108049
1280,0.064323,0.158664,0.2156,0.012867,0.055214,0.0,0.078595
1281,0.095542,0.148492,0.163092,0.014209,0.002595,0.0,0.108106
1282,0.075243,0.203825,0.127998,0.018528,0.120218,0.0,0.091618
1283,0.154079,0.111048,0.200205,0.012576,0.025432,0.0,0.163912
1284,0.158542,0.070803,0.091396,0.009604,0.001488,0.0,0.163862
1285,0.147248,0.338942,0.194078,0.032643,0.328301,0.0,0.174066
1286,0.544415,0.06596,0.045042,0.011132,0.079597,1.0,0.545814
1287,0.293002,0.179294,0.029831,0.0051,0.001356,0.0,0.304529
1288,0.103779,0.157873,0.059647,0.006316,0.005015,0.0,0.115561
1289,0.096171,0.091171,0.079308,0.005258,0.005414,0.0,0.10331
1290,0.234434,0.131186,0.08644,0.004595,0.000462,0.0,0.243594
1291,0.19707,0.149875,0.108659,0.005595,0.011819,0.0,0.20821
1292,0.171446,0.157843,0.192372,0.007469,0.017169,0.0,0.184514
1293,0.216396,0.189558,0.184846,0.017837,0.001351,0.0,0.231397
1294,0.172161,0.162297,0.243972,0.017793,0.011991,0.0,0.186273
1295,0.202348,0.230739,0.259733,0.016161,0.006665,0.0,0.221534
1296,0.24475,0.096537,0.199171,0.019694,0.001272,0.0,0.252809
1297,0.148965,0.1381,0.274593,0.069993,0.347077,0.0,0.16198
1298,0.156525,0.128222,0.294546,0.092901,0.146911,0.0,0.169046
1299,0.130168,0.157888,0.145653,0.014027,0.004724,0.0,0.14293
1300,0.120703,0.208763,0.12089,0.007981,0.006192,0.0,0.136978
1301,0.097619,0.259877,0.129374,0.007384,0.007022,0.0,0.117987
1302,0.102422,0.173009,0.137608,0.005768,0.000498,0.0,0.116396
1303,0.075601,0.096237,0.191244,0.025372,0.122727,0.0,0.084836
1304,0.11295,0.209085,0.124502,0.008812,0.022555,0.0,0.129358
1305,0.098526,0.135315,0.147966,0.004116,0.000853,0.0,0.109862
1306,0.12832,0.144868,0.135635,0.005387,0.010802,0.0,0.139977
1307,0.182391,0.154759,0.135634,0.005744,0.004043,0.0,0.194371
1308,0.370995,0.151276,0.08743,0.002702,0.000488,1.0,0.380621
1309,0.149387,0.124807,0.083732,0.007446,0.223763,0.0,0.158702
1310,0.11981,0.241698,0.086308,0.004404,0.065875,0.0,0.13807
1311,0.120027,0.128992,0.051392,0.002763,0.001188,0.0,0.129416
1312,0.109681,0.110066,0.072426,0.042052,0.063513,0.0,0.118098
1313,0.070401,0.16213,0.055569,0.021254,0.029439,0.0,0.082725
1314,0.084538,0.133589,0.039475,0.004502,0.001009,0.0,0.094381
1315,0.082814,0.088927,0.066762,0.018702,0.221534,0.0,0.089754
1316,0.104641,0.110353,0.058666,0.00596,0.043736,0.0,0.112867
1317,0.10449,0.099727,0.050723,0.003062,0.001704,0.0,0.111811
1318,0.07907,0.143829,0.056609,0.010022,0.010874,0.0,0.089959
1319,0.132705,0.211919,0.046245,0.0061,0.006237,0.0,0.148106
1320,0.055228,0.096762,0.036691,0.002152,0.000797,0.0,0.062512
1321,0.056035,0.035808,0.118707,0.066821,0.638126,0.0,0.060041
1322,0.060348,0.078702,0.10877,0.080549,0.243827,0.0,0.067379
1323,0.047118,0.055721,0.065351,0.009646,0.004418,0.0,0.051811
1324,0.070875,0.030687,0.041463,0.005909,0.045708,0.0,0.073195
1325,0.088336,0.144664,0.045965,0.005102,0.045553,0.0,0.099066
1326,0.099373,0.106859,0.023181,0.001955,0.001359,0.0,0.106888
1327,0.059088,0.042682,0.042975,0.019588,0.236681,0.0,0.062447
1328,0.099631,0.08077,0.047018,0.012356,0.051706,0.0,0.105547
1329,0.102879,0.056444,0.016603,0.001298,0.001233,0.0,0.106524
1330,0.088793,0.073569,0.024454,0.012369,0.07694,0.0,0.093951
1331,0.094746,0.114094,0.039583,0.010907,0.032841,0.0,0.103075
1332,0.083847,0.083848,0.040082,0.002356,0.001272,0.0,0.089998
1333,0.10044,0.072122,0.13381,0.033559,0.278035,0.0,0.106935
1334,0.686251,0.090637,0.020192,0.009432,0.104231,1.0,0.688068
1335,0.147667,0.108244,0.018478,0.001776,0.001162,0.0,0.154853
1336,0.150689,0.068229,0.028969,0.003402,0.001843,0.0,0.155019
1337,0.170144,0.074637,0.036501,0.002417,0.004126,0.0,0.174903
1338,0.132075,0.064392,0.028852,0.001195,0.000172,0.0,0.136256
1339,0.117073,0.084066,0.015335,0.00148,0.010768,0.0,0.12265
1340,0.065644,0.160835,0.027168,0.001229,0.009405,0.0,0.077487
1341,0.081809,0.100333,0.016686,0.000975,0.000307,0.0,0.088882
1342,0.081121,0.081219,0.018477,0.002504,0.014174,0.0,0.086804
1343,0.16205,0.280013,0.02543,0.00251,0.007128,0.0,0.182008
1344,0.20591,0.193467,0.011442,0.001309,0.000167,0.0,0.218899
1345,0.151728,0.067771,0.059712,0.064932,0.510957,0.0,0.156572
1346,0.104608,0.098665,0.113098,0.069853,0.157174,0.0,0.112822
1347,0.106999,0.064057,0.022332,0.008594,0.003239,0.0,0.11127
1348,0.12768,0.068108,0.013107,0.00455,0.002852,0.0,0.131962
1349,0.114106,0.159647,0.03604,0.002797,0.007923,0.0,0.125614
1350,0.124184,0.079037,0.017096,0.000758,0.000303,0.0,0.129354
1351,0.135714,0.114975,0.087715,0.033156,0.148971,0.0,0.144496
1352,0.268659,0.185945,0.054815,0.003508,0.021377,1.0,0.281205
1353,0.088838,0.09669,0.022424,0.001149,0.000473,0.0,0.095664
1354,0.042517,0.094644,0.02115,0.002458,0.005612,0.0,0.049529
1355,0.056291,0.143503,0.026973,0.001673,0.005383,0.0,0.066913
1356,0.180522,0.077066,0.032088,0.000848,0.000109,0.0,0.18532
1357,0.052483,0.066635,0.043309,0.005449,0.105819,0.0,0.057647
1358,0.053839,0.206046,0.263718,0.01034,0.090304,0.0,0.072367
1359,0.047701,0.256088,0.319575,0.009391,0.001612,0.0,0.070752
1360,0.079668,0.254948,0.332679,0.029066,0.043566,0.0,0.102606
1361,0.106836,0.147117,0.298018,0.030025,0.012361,0.0,0.121071
1362,0.065131,0.148465,0.212926,0.013332,0.000893,0.0,0.078598
1363,0.077331,0.170217,0.170571,0.017061,0.120476,0.0,0.091763
1364,0.113695,0.251824,0.295067,0.019787,0.052049,0.0,0.135615
1365,0.062039,0.230658,0.275663,0.015686,0.001566,0.0,0.082503
1366,0.045307,0.247497,0.37509,0.025909,0.007015,0.0,0.068519
1367,0.054002,0.333901,0.305262,0.022454,0.006038,0.0,0.082625
1368,0.077733,0.193016,0.354815,0.015562,0.001106,0.0,0.09635
1369,0.068539,0.139015,0.266931,0.085395,0.333629,0.0,0.082157
1370,0.096306,0.209931,0.251821,0.07945,0.2023,0.0,0.114767
1371,0.093411,0.221312,0.197107,0.022613,0.005314,0.0,0.111886
1372,0.090561,0.231588,0.233834,0.010326,0.026863,0.0,0.110302
1373,0.095849,0.361378,0.256144,0.009322,0.036899,0.0,0.125512
1374,0.104333,0.277488,0.233021,0.008918,0.00283,0.0,0.12737
1375,0.117238,0.204594,0.243269,0.014399,0.127683,0.0,0.134908
1376,0.071967,0.246493,0.316618,0.018207,0.04975,0.0,0.094097
1377,0.087389,0.286405,0.255568,0.015309,0.003004,0.0,0.111536
1378,0.081456,0.192225,0.232068,0.013854,0.033767,0.0,0.098319
1379,0.074538,0.236326,0.251997,0.011988,0.016141,0.0,0.095003
1380,0.111314,0.26502,0.278872,0.009497,0.002736,0.0,0.133993
1381,0.074951,0.24636,0.394026,0.023431,0.181675,0.0,0.098116
1382,0.486539,0.203536,0.277552,0.022938,0.103946,1.0,0.501796
1383,0.035321,0.301386,0.404427,0.014607,0.002692,0.0,0.062998
1384,0.120639,0.353309,0.441697,0.01442,0.002109,0.0,0.152037
1385,0.176163,0.255227,0.333676,0.013167,0.005101,0.0,0.19837
1386,0.063513,0.30343,0.429183,0.011988,0.000962,0.0,0.091459
1387,0.063093,0.284232,0.448932,0.016649,0.009034,0.0,0.089891
1388,0.135087,0.28708,0.4555,0.012816,0.012483,0.0,0.16163
1389,0.146055,0.295174,0.474918,0.013374,0.002393,0.0,0.173381
1390,0.112495,0.368232,0.416563,0.015831,0.007358,0.0,0.144728
1391,0.170749,0.350029,0.395783,0.012573,0.005881,0.0,0.200895
1392,0.140215,0.220023,0.227357,0.008697,0.000935,0.0,0.158625
1393,0.143321,0.137449,0.17002,0.065699,0.223149,0.0,0.154897
1394,0.09189,0.10874,0.158427,0.10791,0.178565,0.0,0.101634
1395,0.09111,0.22763,0.171106,0.018525,0.005307,0.0,0.109713
1396,0.103911,0.410464,0.161072,0.016564,0.005221,0.0,0.135886
1397,0.107011,0.536424,0.139209,0.027216,0.01021,0.0,0.14806
1398,0.102224,0.415265,0.098197,0.008361,0.001311,0.0,0.133702
1399,0.108226,0.354541,0.103669,0.024208,0.114104,0.0,0.135247
1400,0.088895,0.441688,0.042196,0.01072,0.036908,0.0,0.121687
1401,0.135637,0.29956,0.043949,0.008937,0.001789,0.0,0.157512
1402,0.117263,0.308727,0.051042,0.005164,0.007385,0.0,0.140051
1403,0.1503,0.435684,0.081501,0.006502,0.007827,0.0,0.182702
1404,0.113686,0.236636,0.040786,0.006124,0.000795,0.0,0.130998
1405,0.098259,0.178172,0.074925,0.009554,0.174172,0.0,0.111816
1406,0.10868,0.230903,0.120402,0.013241,0.111878,0.0,0.126703
1407,0.123533,0.187112,0.089115,0.012734,0.002638,0.0,0.137751
1408,0.132292,0.13962,0.14184,0.029267,0.03568,0.0,0.143655
1409,0.167464,0.239271,0.164629,0.036778,0.028749,0.0,0.186298
1410,0.108265,0.149539,0.138622,0.03688,0.004063,0.0,0.120517
1411,0.106761,0.147044,0.140461,0.038706,0.129796,0.0,0.118874
1412,0.096155,0.227777,0.366037,0.044913,0.071733,0.0,0.117427
1413,0.088934,0.161918,0.288599,0.025178,0.006379,0.0,0.104269
1414,0.101504,0.183532,0.245797,0.012407,0.007622,0.0,0.11775
1415,0.092908,0.228176,0.216863,0.02072,0.009066,0.0,0.112164
1416,0.09832,0.102154,0.171124,0.032758,0.003179,0.0,0.107555
1417,0.078857,0.107645,0.251406,0.064616,0.289742,0.0,0.089811
1418,0.11375,0.241327,0.23503,0.079568,0.216972,0.0,0.134188
1419,0.095221,0.17286,0.147416,0.043546,0.009093,0.0,0.109439
1420,0.106402,0.141785,0.113036,0.0211,0.044825,0.0,0.117718
1421,0.15664,0.131284,0.15843,0.048079,0.0276,0.0,0.167455
1422,0.131914,0.113501,0.161348,0.022611,0.004065,0.0,0.141587
1423,0.110409,0.09215,0.173155,0.033592,0.130148,0.0,0.118844
1424,0.121855,0.476863,0.188183,0.030814,0.052471,0.0,0.159031
1425,0.102546,0.136926,0.176124,0.04849,0.00422,0.0,0.114432
1426,0.095124,0.086067,0.159993,0.037573,0.028928,0.0,0.103044
1427,0.070684,0.24458,0.187312,0.028152,0.019626,0.0,0.090943
1428,0.081809,0.195363,0.13887,0.024155,0.003631,0.0,0.097654
1429,0.061284,0.150179,0.150474,0.056863,0.265946,0.0,0.074154
1430,0.655769,0.184711,0.124025,0.022185,0.094616,1.0,0.66625
1431,0.114814,0.115058,0.133468,0.041485,0.008658,0.0,0.124388
1432,0.225523,0.092675,0.130176,0.082285,0.007944,0.0,0.232615
1433,0.265013,0.114211,0.096418,0.075023,0.017771,0.0,0.272937
1434,0.16487,0.163685,0.080066,0.08713,0.005844,0.0,0.177037
1435,0.138954,0.117259,0.049992,0.093016,0.064414,0.0,0.147469
1436,0.110039,0.61695,0.05843,0.062809,0.034378,0.0,0.156026
1437,0.086694,0.445944,0.052782,0.037832,0.004234,0.0,0.120009
1438,0.075682,0.309104,0.062217,0.025373,0.03621,0.0,0.099003
1439,0.072155,0.255517,0.098823,0.036009,0.027784,0.0,0.09203
1440,0.068662,0.163898,0.110437,0.023374,0.003373,0.0,0.081878
1441,0.1074,0.116234,0.192981,0.09914,0.328774,0.0,0.118046
1442,0.102277,0.240912,0.095111,0.132542,0.221981,0.0,0.120966
1443,0.107112,0.16664,0.050628,0.030189,0.007732,0.0,0.11944
1444,0.103713,0.149645,0.062646,0.023829,0.012694,0.0,0.114954
1445,0.113667,0.250752,0.042784,0.010518,0.015871,0.0,0.132065
1446,0.117342,0.272104,0.049814,0.009594,0.00448,0.0,0.137394
1447,0.12876,0.212201,0.075453,0.023822,0.151974,0.0,0.144649
1448,0.266308,0.437432,0.05549,0.012502,0.043848,1.0,0.297616
1449,0.140923,0.338591,0.029701,0.015913,0.004361,0.0,0.165483
1450,0.156684,0.341386,0.046458,0.005456,0.020653,0.0,0.181542
1451,0.264237,0.213998,0.034073,0.006118,0.011729,0.0,0.278626
1452,0.161376,0.145686,0.036636,0.006224,0.002591,0.0,0.171499
1453,0.118756,0.155686,0.085309,0.00806,0.075447,0.0,0.130616
1454,0.099455,0.252603,0.129074,0.007287,0.071584,0.0,0.119267
1455,0.100238,0.340588,0.094929,0.005302,0.001508,0.0,0.126122
1456,0.121917,0.269542,0.137508,0.019488,0.025943,0.0,0.142953
1457,0.112328,0.27385,0.132925,0.017715,0.020017,0.0,0.133692
1458,0.120982,0.296467,0.103292,0.009823,0.002132,0.0,0.143546
1459,0.112817,0.162441,0.112853,0.017936,0.056195,0.0,0.125615
1460,0.180161,0.29138,0.092747,0.018792,0.034281,0.0,0.20177
1461,0.132776,0.241169,0.129648,0.016856,0.002476,0.0,0.151505
1462,0.116662,0.258913,0.181254,0.023956,0.020527,0.0,0.137548
1463,0.17851,0.52428,0.211574,0.033269,0.010439,0.0,0.219103
1464,0.091898,0.21341,0.293928,0.029563,0.002475,0.0,0.111123
1465,0.107312,0.217504,0.251584,0.094932,0.225799,0.0,0.126279
1466,0.126982,0.54264,0.207659,0.110953,0.271894,0.0,0.169434
1467,0.102846,0.188788,0.189262,0.041943,0.007225,0.0,0.118757
1468,0.116684,0.272078,0.207258,0.045705,0.0314,0.0,0.138941
1469,0.114103,0.362967,0.198493,0.047186,0.073667,0.0,0.143031
1470,0.116826,0.36423,0.191639,0.04765,0.007114,0.0,0.14573
1471,0.10709,0.252131,0.223772,0.063884,0.060937,0.0,0.128193
1472,0.101999,0.586834,0.198995,0.057656,0.081216,0.0,0.147707
1473,0.093699,0.38248,0.22378,0.069188,0.004102,0.0,0.124612
1474,0.083296,0.329724,0.316567,0.052625,0.02882,0.0,0.111593
1475,0.0736,0.314106,0.349977,0.059474,0.023025,0.0,0.101274
1476,0.088489,0.284819,0.382974,0.041933,0.004639,0.0,0.114285
1477,0.030389,0.224085,0.19459,0.063836,0.214715,0.0,0.049602
1478,0.343972,0.178432,0.077704,0.01977,0.130244,1.0,0.35573
1479,0.122701,0.124108,0.161249,0.011553,0.001787,0.0,0.133212
1480,0.035922,0.114637,0.142875,0.015776,0.00176,0.0,0.046147
1481,0.062878,0.289838,0.167579,0.011917,0.008875,0.0,0.086268
1482,0.163456,0.121696,0.191695,0.009131,0.000638,0.0,0.173886
1483,0.054398,0.152216,0.138577,0.009819,0.020036,0.0,0.067212
1484,0.073821,0.202847,0.173998,0.006599,0.026106,0.0,0.090731
1485,0.080689,0.178722,0.150913,0.005673,0.000722,0.0,0.095435
1486,0.098356,0.175106,0.116314,0.007583,0.006156,0.0,0.112232
1487,0.137496,0.244493,0.145379,0.00656,0.007486,0.0,0.156632
1488,0.128329,0.250283,0.137139,0.010766,0.000462,0.0,0.14786
1489,0.128609,0.106735,0.19334,0.050042,0.267806,0.0,0.138302
1490,0.104671,0.148377,0.18941,0.100434,0.177955,0.0,0.117675
1491,0.144035,0.161126,0.117286,0.016989,0.003135,0.0,0.156552
1492,0.169543,0.149128,0.19377,0.009888,0.00431,0.0,0.181999
1493,0.167641,0.132461,0.159231,0.009764,0.017824,0.0,0.178403
1494,0.183781,0.110146,0.106038,0.007103,0.000677,0.0,0.192031
1495,0.205503,0.148036,0.22052,0.020062,0.094589,0.0,0.21799
1496,0.344084,0.092998,0.128717,0.008931,0.033521,1.0,0.35015
1497,0.055906,0.152152,0.114776,0.007909,0.00107,0.0,0.068377
1498,0.085462,0.151452,0.069004,0.011981,0.015153,0.0,0.097042
1499,0.126095,0.271367,0.078778,0.010326,0.013046,0.0,0.146421
1500,0.069299,0.236938,0.059487,0.006931,0.000664,0.0,0.087226
1501,0.129564,0.186699,0.071871,0.009368,0.091803,0.0,0.143471
1502,0.127798,0.173421,0.057534,0.010814,0.126087,0.0,0.14054
1503,0.135616,0.231969,0.069771,0.008463,0.001418,0.0,0.152811
1504,0.145243,0.252777,0.103794,0.018054,0.023505,0.0,0.164393
1505,0.163735,0.408252,0.155423,0.022716,0.023895,0.0,0.195025
1506,0.117579,0.243279,0.124049,0.008622,0.00082,0.0,0.136489
1507,0.139529,0.156956,0.150922,0.01316,0.052941,0.0,0.152223
1508,0.048973,0.207944,0.071322,0.014855,0.042869,0.0,0.065074
1509,0.103023,0.162217,0.054567,0.010236,0.00212,0.0,0.115071
1510,0.119943,0.137739,0.096203,0.015448,0.008871,0.0,0.130614
1511,0.175719,0.237273,0.092498,0.010783,0.006468,0.0,0.193316
1512,0.094504,0.129875,0.050152,0.008601,0.000725,0.0,0.104147
1513,0.1258,0.054515,0.082516,0.070305,0.21434,0.0,0.130156
1514,0.075763,0.149234,0.149025,0.104993,0.242542,0.0,0.088515
1515,0.123415,0.031923,0.065474,0.016936,0.004546,0.0,0.125769
1516,0.116511,0.092799,0.075268,0.010543,0.029233,0.0,0.123572
1517,0.181021,0.14899,0.051559,0.012332,0.0583,0.0,0.191457
1518,0.145516,0.075872,0.050655,0.006328,0.001936,0.0,0.150753
1519,0.126372,0.1306,0.054662,0.016986,0.067986,0.0,0.135906
1520,0.133298,0.183582,0.122727,0.025354,0.144676,0.0,0.147666
1521,0.130593,0.159998,0.070647,0.009335,0.002319,0.0,0.142482
1522,0.156719,0.108181,0.046962,0.013504,0.041001,0.0,0.164241
1523,0.203084,0.172358,0.083452,0.013923,0.02179,0.0,0.215524
1524,0.177859,0.128067,0.079393,0.008315,0.00084,0.0,0.187128
1525,0.139101,0.282744,0.077143,0.013536,0.066403,0.0,0.160161
1526,0.387491,0.267351,0.078927,0.014421,0.120063,1.0,0.405543
1527,0.31387,0.113198,0.077716,0.008833,0.001871,0.0,0.320975
1528,0.05881,0.043169,0.112508,0.00879,0.002966,0.0,0.063117
1529,0.105082,0.103598,0.138279,0.01796,0.014477,0.0,0.113901
1530,0.080828,0.072175,0.112642,0.0111,0.000762,0.0,0.087133
1531,0.138925,0.06239,0.086299,0.009718,0.023537,0.0,0.143701
1532,0.098697,0.083025,0.139839,0.015488,0.038299,0.0,0.106052
1533,0.119777,0.082364,0.172695,0.018674,0.001323,0.0,0.127372
1534,0.104181,0.101405,0.163929,0.026173,0.016658,0.0,0.113206
1535,0.035251,0.066301,0.148742,0.012091,0.021265,0.0,0.041958
1536,0.049009,0.055889,0.16472,0.010778,0.001156,0.0,0.05505
1537,0.061947,0.108777,0.239441,0.075811,0.258246,0.0,0.07297
1538,0.057454,0.163639,0.154887,0.089145,0.269608,0.0,0.071471
1539,0.122024,0.120967,0.129117,0.023017,0.004742,0.0,0.131891
1540,0.119445,0.089502,0.086856,0.026418,0.003888,0.0,0.126423
1541,0.154764,0.185319,0.10667,0.020827,0.022077,0.0,0.168865
1542,0.125593,0.088502,0.088613,0.045221,0.000547,0.0,0.132505
1543,0.109012,0.274785,0.129706,0.07187,0.081064,0.0,0.130525
1544,0.339439,0.138204,0.09457,0.035904,0.031811,1.0,0.348489
1545,0.250145,0.138705,0.105735,0.091026,0.000929,0.0,0.260158
1546,0.041836,0.158805,0.120392,0.121964,0.011916,0.0,0.055186
1547,0.067811,0.117015,0.099653,0.135424,0.008583,0.0,0.077594
1548,0.213304,0.069289,0.133815,0.151712,0.000706,0.0,0.218919
1549,0.067385,0.080383,0.139582,0.205681,0.124718,0.0,0.075118
1550,0.065705,0.093206,0.185925,0.158832,0.154021,0.0,0.074954
1551,0.077518,0.040257,0.185103,0.135962,0.002088,0.0,0.082674
1552,0.090152,0.1187,0.216446,0.136628,0.025991,0.0,0.101479
1553,0.137296,0.242544,0.160882,0.066617,0.028179,0.0,0.156605
1554,0.156354,0.141619,0.047905,0.029835,0.001287,0.0,0.166407
1555,0.124578,0.092485,0.068232,0.066254,0.051623,0.0,0.131558
1556,0.14331,0.189121,0.107784,0.063307,0.047242,0.0,0.157871
1557,0.145143,0.12094,0.044498,0.03939,0.001654,0.0,0.153712
1558,0.122011,0.104839,0.068716,0.031191,0.005613,0.0,0.129873
1559,0.136287,0.170529,0.115865,0.03989,0.007263,0.0,0.149584
1560,0.061134,0.142778,0.06172,0.02629,0.000588,0.0,0.072179
1561,0.108754,0.145269,0.096131,0.042567,0.095139,0.0,0.120124
1562,0.128998,0.210893,0.148819,0.093995,0.276956,0.0,0.145914
1563,0.139024,0.171721,0.082895,0.025469,0.005831,0.0,0.151917
1564,0.113877,0.173927,0.09073,0.018379,0.03692,0.0,0.127221
1565,0.116388,0.326359,0.098363,0.030094,0.075702,0.0,0.141185
1566,0.10289,0.228684,0.074468,0.012834,0.001763,0.0,0.120161
1567,0.126332,0.149625,0.076563,0.023805,0.082428,0.0,0.137592
1568,0.11253,0.200795,0.108273,0.029257,0.079183,0.0,0.128144
1569,0.12562,0.151451,0.06089,0.021156,0.001665,0.0,0.1368
1570,0.135525,0.173422,0.073153,0.021756,0.030363,0.0,0.148433
1571,0.061986,0.242304,0.071843,0.017401,0.017825,0.0,0.080556
1572,0.039332,0.307261,0.096663,0.012812,0.001009,0.0,0.063236
1573,0.065511,0.337955,0.101581,0.028043,0.129883,0.0,0.091602
1574,0.519348,0.106883,0.047193,0.012913,0.134745,1.0,0.524019
1575,0.108195,0.055358,0.061014,0.009205,0.00254,0.0,0.112335
1576,0.073581,0.238939,0.15822,0.021095,0.001266,0.0,0.092989
1577,0.080801,0.29528,0.199341,0.027233,0.012007,0.0,0.104917
1578,0.050447,0.353955,0.252228,0.017091,0.001056,0.0,0.079861
1579,0.061111,0.348538,0.245861,0.011313,0.02502,0.0,0.089945
1580,0.08372,0.217217,0.135999,0.010915,0.037155,0.0,0.101117
1581,0.080517,0.150591,0.10487,0.006829,0.000871,0.0,0.092547
1582,0.073979,0.155911,0.144618,0.011228,0.0054,0.0,0.087003
1583,0.070823,0.273992,0.1307,0.009857,0.006297,0.0,0.092469
1584,0.057178,0.158119,0.106142,0.012966,0.000468,0.0,0.069974
1585,0.067146,0.178905,0.185756,0.03572,0.246798,0.0,0.082549
1586,0.072032,0.138474,0.199789,0.099556,0.300304,0.0,0.084695
1587,0.073443,0.044586,0.071403,0.025346,0.003272,0.0,0.077216
1588,0.074343,0.087303,0.06773,0.005064,0.002195,0.0,0.081203
1589,0.107591,0.221118,0.084425,0.003529,0.010684,0.0,0.124382
1590,0.114024,0.204075,0.074136,0.003583,0.000494,0.0,0.129357
1591,0.115149,0.153454,0.068521,0.021216,0.069133,0.0,0.126665
1592,0.430635,0.264241,0.09172,0.009647,0.041591,1.0,0.448287
1593,0.21425,0.188234,0.070553,0.004163,0.000927,0.0,0.227593
1594,0.139603,0.191947,0.062324,0.006548,0.009921,0.0,0.153685
1595,0.089003,0.280407,0.077015,0.006536,0.014267,0.0,0.110254
1596,0.158832,0.192419,0.090325,0.005404,0.000389,0.0,0.173179
1597,0.062039,0.217132,0.094433,0.007806,0.062585,0.0,0.079027
1598,0.108009,0.351825,0.088084,0.008838,0.111453,0.0,0.134591
1599,0.075249,0.242393,0.055573,0.004919,0.001158,0.0,0.09348
1600,0.083518,0.294111,0.083764,0.019842,0.020655,0.0,0.105946
1601,0.108674,0.479866,0.106681,0.022772,0.026274,0.0,0.145052
1602,0.108309,0.15206,0.069296,0.005768,0.000485,0.0,0.119752
1603,0.099321,0.163422,0.027875,0.008479,0.030991,0.0,0.111123
1604,0.051608,0.157473,0.025821,0.007149,0.053039,0.0,0.063302
1605,0.084669,0.12309,0.01599,0.002774,0.00146,0.0,0.093408
1606,0.079967,0.050005,0.02521,0.006512,0.010616,0.0,0.083434
1607,0.056227,0.119527,0.051466,0.006503,0.00802,0.0,0.065406
1608,0.085182,0.135874,0.01418,0.002395,0.000478,0.0,0.094843
1609,0.090689,0.074229,0.058845,0.023996,0.181257,0.0,0.096376
1610,0.072246,0.137385,0.129244,0.096305,0.304043,0.0,0.083863
1611,0.096839,0.072387,0.038916,0.009848,0.00398,0.0,0.102035
1612,0.11393,0.054805,0.019599,0.008664,0.02628,0.0,0.117424
1613,0.173964,0.222194,0.022217,0.016511,0.076857,1.0,0.189512
1614,0.147628,0.092841,0.011498,0.002862,0.001354,0.0,0.153575
1615,0.096323,0.079407,0.036385,0.011559,0.047917,0.0,0.102017
1616,0.122287,0.234232,0.177318,0.032073,0.107008,0.0,0.141259
1617,0.089505,0.126749,0.036525,0.002579,0.000925,0.0,0.098757
1618,0.086689,0.074166,0.017599,0.007695,0.022463,0.0,0.091802
1619,0.119901,0.171701,0.031283,0.013562,0.029255,0.0,0.132218
1620,0.111686,0.08011,0.018705,0.002485,0.000337,0.0,0.117056
1621,0.100845,0.079878,0.030781,0.012942,0.091297,0.0,0.106468
1622,0.330436,0.187968,0.037054,0.005577,0.118736,1.0,0.34243
1623,0.072016,0.219852,0.026813,0.001415,0.001196,0.0,0.088198
1624,0.301973,0.181837,0.008332,0.001862,0.000798,1.0,0.313324
1625,0.009209,0.213545,0.013376,0.003691,0.01146,0.0,0.025222
1626,0.085263,0.129084,0.016522,0.002488,0.000312,0.0,0.09445
1627,0.032303,0.061323,0.019981,0.002961,0.019399,0.0,0.036898
1628,0.098372,0.083789,0.046005,0.006786,0.031532,0.0,0.104497
1629,0.118497,0.064474,0.026406,0.004169,0.000941,0.0,0.122759
1630,0.091619,0.0445,0.036602,0.003682,0.013361,0.0,0.094738
1631,0.040695,0.317985,0.074383,0.014921,0.017379,0.0,0.06509
1632,0.074305,0.153593,0.039184,0.00206,0.00039,0.0,0.085707
1633,0.114149,0.092459,0.041533,0.024139,0.21629,0.0,0.120781
1634,0.106986,0.104226,0.085075,0.091614,0.221704,0.0,0.115258
1635,0.11027,0.03975,0.01749,0.012464,0.003543,0.0,0.112649
1636,0.103648,0.060316,0.018257,0.006718,0.003016,0.0,0.107608
1637,0.112616,0.177838,0.069117,0.013796,0.02183,0.0,0.125958
1638,0.099853,0.092181,0.078452,0.020847,0.000933,0.0,0.107055
1639,0.100354,0.040097,0.115778,0.051004,0.055795,0.0,0.104238
1640,0.385739,0.029456,0.176615,0.084842,0.032199,1.0,0.387542
1641,0.029635,0.031591,0.262547,0.07791,0.001741,0.0,0.035461
1642,0.275598,0.037289,0.300687,0.065686,0.008907,1.0,0.280471
1643,0.026231,0.111675,0.298834,0.043871,0.01547,0.0,0.038476
1644,0.244661,0.065486,0.349456,0.049144,0.007556,0.0,0.252501
1645,0.135015,0.055412,0.396336,0.052604,0.100803,0.0,0.143588
1646,0.093546,0.16282,0.43403,0.039299,0.153438,0.0,0.110921
1647,0.102964,0.092719,0.397596,0.033869,0.018561,0.0,0.114537
1648,0.115384,0.079482,0.460317,0.068711,0.03664,0.0,0.126791
1649,0.125072,0.187826,0.420965,0.037631,0.057067,0.0,0.143882
1650,0.124826,0.168288,0.356031,0.064849,0.014195,0.0,0.141348
1651,0.097657,0.126428,0.404972,0.100152,0.089121,0.0,0.112
1652,0.078211,0.150263,0.345519,0.0542,0.099267,0.0,0.09359
1653,0.073953,0.054613,0.383245,0.077977,0.020023,0.0,0.082794
1654,0.086189,0.047265,0.424242,0.124769,0.021043,0.0,0.095027
1655,0.080973,0.114668,0.405577,0.170083,0.037475,0.0,0.094696
1656,0.157533,0.064786,0.394176,0.153999,0.019587,0.0,0.166776
1657,0.135253,0.036816,0.177742,0.091535,0.06983,0.0,0.13954
1658,0.112808,0.26616,0.219508,0.143006,0.308111,0.0,0.135008
1659,0.142021,0.051516,0.220234,0.088251,0.019471,0.0,0.147919
1660,0.127167,0.043702,0.276009,0.135356,0.041822,0.0,0.133436
1661,0.132759,0.037136,0.219929,0.1678,0.124503,0.0,0.137799
1662,0.178276,0.041443,0.216629,0.122448,0.0135,0.0,0.183158
1663,0.159918,0.080416,0.260244,0.158263,0.057411,0.0,0.168499
1664,0.15855,0.147934,0.190505,0.211668,0.132025,0.0,0.171318
1665,0.16585,0.065214,0.246041,0.192772,0.0161,0.0,0.173119
1666,0.122756,0.035237,0.343281,0.266453,0.028306,0.0,0.129571
1667,0.150481,0.088183,0.327823,0.222506,0.056058,0.0,0.160741
1668,0.083972,0.078114,0.299526,0.282899,0.029573,0.0,0.093709
1669,0.098897,0.094871,0.208971,0.331801,0.118463,0.0,0.10863
1670,0.262126,0.128154,0.220709,0.14229,0.178946,0.0,0.272924
1671,0.049997,0.116549,0.333583,0.189953,0.006963,0.0,0.063151
1672,0.094491,0.061551,0.24178,0.328539,0.007081,0.0,0.10221
1673,0.271443,0.125837,0.196451,0.191861,0.017164,0.0,0.281745
1674,0.078152,0.088012,0.183604,0.25984,0.004377,0.0,0.087055
1675,0.09656,0.072946,0.119333,0.180732,0.017204,0.0,0.103192
1676,0.116999,0.182244,0.126975,0.062343,0.032691,0.0,0.131507
1677,0.130604,0.209915,0.089691,0.061433,0.001822,0.0,0.146558
1678,0.092499,0.139768,0.069682,0.060356,0.004673,0.0,0.103249
1679,0.152541,0.206133,0.087699,0.04173,0.011616,0.0,0.167986
1680,0.159512,0.109039,0.085293,0.032344,0.000797,0.0,0.167628
1681,0.139104,0.088215,0.162812,0.052748,0.162142,0.0,0.146922
1682,0.099351,0.119616,0.119022,0.087847,0.251605,0.0,0.109282
1683,0.108329,0.073599,0.040465,0.036065,0.004744,0.0,0.113595
1684,0.101025,0.08738,0.045838,0.05538,0.00288,0.0,0.107478
1685,0.083306,0.087286,0.049221,0.039344,0.017477,0.0,0.089906
1686,0.099703,0.069561,0.050816,0.027287,0.000902,0.0,0.104859
1687,0.108012,0.123602,0.114999,0.048405,0.056332,0.0,0.118039
1688,0.507933,0.099157,0.106413,0.031208,0.055297,1.0,0.512948
1689,0.128918,0.031575,0.084639,0.030982,0.001707,0.0,0.131489
1690,0.101972,0.061576,0.056404,0.021556,0.008492,0.0,0.106583
1691,0.053009,0.096034,0.037703,0.029517,0.018189,0.0,0.060317
1692,0.199755,0.098905,0.03574,0.012343,0.000922,0.0,0.206102
1693,0.085505,0.088462,0.057569,0.020306,0.047404,0.0,0.092258
1694,0.082899,0.211298,0.067742,0.016244,0.139253,0.0,0.098951
1695,0.094221,0.082757,0.085333,0.016821,0.001502,0.0,0.100851
1696,0.121403,0.089844,0.048814,0.027392,0.01426,0.0,0.127877
1697,0.100017,0.142982,0.060723,0.02936,0.036993,0.0,0.110775
1698,0.159649,0.133104,0.120745,0.016902,0.001171,0.0,0.170009
1699,0.102352,0.138356,0.084882,0.013782,0.024393,0.0,0.113048
1700,0.138259,0.258835,0.054484,0.014908,0.042336,0.0,0.157239
1701,0.14463,0.179662,0.067215,0.015726,0.00223,0.0,0.157841
1702,0.114861,0.14271,0.06402,0.029197,0.003409,0.0,0.125528
1703,0.128105,0.136317,0.065094,0.036787,0.005854,0.0,0.138224
1704,0.103231,0.123504,0.060363,0.020928,0.000448,0.0,0.112493
1705,0.105662,0.075483,0.093781,0.029394,0.077745,0.0,0.111805
1706,0.106327,0.124482,0.157888,0.093507,0.332009,0.0,0.11711
1707,0.122175,0.104312,0.107972,0.023538,0.004911,0.0,0.130515
1708,0.112205,0.117595,0.075274,0.02106,0.015599,0.0,0.121162
1709,0.099661,0.15885,0.087355,0.020911,0.07806,0.0,0.111952
1710,0.10038,0.189151,0.137977,0.019944,0.004564,0.0,0.115602
1711,0.124107,0.200311,0.174735,0.033138,0.051458,0.0,0.140504
1712,0.087244,0.232038,0.221913,0.053475,0.14117,0.0,0.106964
1713,0.110474,0.138957,0.132719,0.017913,0.003744,0.0,0.121808
1714,0.101209,0.065907,0.114763,0.023485,0.014974,0.0,0.106944
1715,0.105281,0.075418,0.13585,0.058054,0.035736,0.0,0.11204
1716,0.116171,0.076601,0.160743,0.072068,0.00216,0.0,0.123295
1717,0.13317,0.101069,0.125071,0.078086,0.039365,0.0,0.141515
1718,0.253351,0.199216,0.094734,0.053348,0.118145,1.0,0.267636
1719,0.101179,0.074331,0.130411,0.072384,0.004156,0.0,0.107838
1720,0.037425,0.064729,0.16998,0.138706,0.00366,0.0,0.044508
1721,0.173542,0.046448,0.172536,0.128756,0.015141,0.0,0.178245
1722,0.321949,0.05081,0.19055,0.101173,0.002536,1.0,0.326042
1723,0.080735,0.031693,0.213107,0.172384,0.015011,0.0,0.085675
1724,0.071355,0.053011,0.356414,0.199134,0.029451,0.0,0.079945
1725,0.093693,0.040742,0.289034,0.17341,0.008166,0.0,0.100239
1726,0.069995,0.048302,0.32048,0.172413,0.016279,0.0,0.077709
1727,0.128982,0.091609,0.209159,0.22873,0.025372,0.0,0.138059
1728,0.010834,0.029787,0.31782,0.326767,0.019053,0.0,0.017855
1729,0.030462,0.036003,0.320786,0.286895,0.123111,0.0,0.037773
1730,0.07237,0.151533,0.462698,0.276288,0.356971,0.0,0.089883
1731,0.103667,0.075981,0.263358,0.245114,0.022582,0.0,0.112538
1732,0.101344,0.098186,0.262771,0.213989,0.019729,0.0,0.111823
1733,0.172108,0.103344,0.17728,0.208413,0.027682,0.0,0.181262
1734,0.143924,0.036661,0.178495,0.213621,0.011292,0.0,0.148354
1735,0.099486,0.056276,0.267943,0.22746,0.027835,0.0,0.106954
1736,0.130045,0.307724,0.213981,0.21276,0.049741,0.0,0.155239
1737,0.106553,0.03823,0.210788,0.141531,0.008835,0.0,0.111696
1738,0.024462,0.074492,0.240517,0.148754,0.015984,0.0,0.033346
1739,0.081051,0.115105,0.236936,0.181469,0.032134,0.0,0.092536
1740,0.072288,0.076608,0.250236,0.174088,0.016457,0.0,0.081142
1741,0.048966,0.079563,0.145194,0.196045,0.060381,0.0,0.056833
1742,0.088446,0.162291,0.192009,0.120324,0.209244,0.0,0.102682
1743,0.086053,0.147984,0.102602,0.113257,0.031731,0.0,0.098005
1744,0.133038,0.090676,0.095081,0.084322,0.061103,0.0,0.140216
1745,0.166167,0.154796,0.105353,0.050792,0.080501,0.0,0.177946
1746,0.153699,0.13535,0.080882,0.038128,0.051347,0.0,0.16377
1747,0.117746,0.079252,0.078217,0.04676,0.106624,0.0,0.123898
1748,0.132353,0.243057,0.076102,0.037672,0.156109,0.0,0.150545
1749,0.106073,0.19897,0.068014,0.027801,0.069779,0.0,0.12105
1750,0.109564,0.071331,0.079887,0.043693,0.057689,0.0,0.115203
1751,0.113034,0.280036,0.076817,0.056032,0.103724,0.0,0.134164
1752,0.090025,0.065972,0.100466,0.037466,0.082794,0.0,0.095684
1753,0.113024,0.051618,0.078102,0.065778,0.143523,0.0,0.117189
1754,0.105584,0.138736,0.152868,0.09798,0.419301,0.0,0.117378
1755,0.092547,0.098183,0.110708,0.050203,0.106981,0.0,0.100747
1756,0.114842,0.05646,0.121927,0.041831,0.123899,0.0,0.119906
1757,0.073585,0.152785,0.127303,0.043771,0.269442,0.0,0.086218
1758,0.099854,0.117833,0.085173,0.040269,0.130944,0.0,0.109098
1759,0.100081,0.088663,0.101655,0.033593,0.196345,0.0,0.107369
1760,0.109479,0.398025,0.119042,0.07868,0.359544,0.0,0.140047
1761,0.116665,0.102704,0.133654,0.093951,0.178269,0.0,0.125411
1762,0.036765,0.098956,0.105478,0.06706,0.169928,0.0,0.04541
1763,0.040343,0.117329,0.55357,0.284581,0.200405,0.0,0.056793
1764,0.080716,0.042906,0.384718,0.197214,0.130632,0.0,0.08887
1765,0.065008,0.103149,0.297898,0.081911,0.141107,0.0,0.076386
1766,0.311806,0.185326,0.195701,0.083085,0.244056,1.0,0.326042
1767,0.125327,0.136139,0.219268,0.145864,0.099253,0.0,0.137743
1768,0.20928,0.122769,0.225386,0.088545,0.056122,0.0,0.220041
1769,0.134466,0.096761,0.185559,0.100117,0.089941,0.0,0.143343
1770,0.316149,0.085963,0.174951,0.106333,0.06096,1.0,0.322704
1771,0.097486,0.10528,0.218688,0.054305,0.081133,0.0,0.107648
1772,0.116067,0.10617,0.188534,0.045061,0.101708,0.0,0.125729
1773,0.126401,0.053163,0.110966,0.045157,0.039836,0.0,0.130983
1774,0.118285,0.066274,0.103885,0.032172,0.064662,0.0,0.123787
1775,0.128886,0.320007,0.194148,0.041748,0.055216,0.0,0.154435
1776,0.125025,0.149755,0.051825,0.019402,0.037562,0.0,0.135959
1777,0.102759,0.162923,0.061043,0.027304,0.119543,0.0,0.114986
1778,0.100221,0.111512,0.1729,0.08279,0.273502,0.0,0.110266
1779,0.099159,0.059604,0.038896,0.025643,0.017852,0.0,0.103414
1780,0.0855,0.039479,0.039085,0.013895,0.018669,0.0,0.088343
1781,0.071718,0.048673,0.068135,0.024403,0.026795,0.0,0.075764
1782,0.116264,0.057107,0.04593,0.011362,0.013705,0.0,0.120273
1783,0.104455,0.078475,0.063581,0.015554,0.047314,0.0,0.110394
1784,0.097632,0.244717,0.141251,0.023135,0.056583,0.0,0.117064
1785,0.283586,0.131648,0.087326,0.010185,0.014337,1.0,0.292428
1786,0.065043,0.055231,0.053717,0.010178,0.017336,0.0,0.069406
1787,0.081343,0.04929,0.03587,0.007695,0.019746,0.0,0.084893
1788,0.148147,0.084943,0.011595,0.0046,0.005118,0.0,0.153507
1789,0.070592,0.05814,0.021506,0.007536,0.037397,0.0,0.074689
1790,0.135196,0.136509,0.103514,0.019435,0.15056,0.0,0.145775
1791,0.105528,0.136654,0.035032,0.004457,0.004897,0.0,0.115379
1792,0.097301,0.123635,0.017375,0.005655,0.008125,0.0,0.106008
1793,0.12155,0.323441,0.065121,0.017015,0.026807,0.0,0.145613
1794,0.095404,0.263856,0.030163,0.004887,0.004008,0.0,0.114734
1795,0.111535,0.145374,0.01404,0.004568,0.026618,0.0,0.121706
1796,0.127755,0.319476,0.081424,0.015055,0.053877,0.0,0.151696
1797,0.118124,0.1709,0.050277,0.005283,0.004754,0.0,0.130637
1798,0.126134,0.137734,0.037242,0.005254,0.004458,0.0,0.13594
1799,0.19889,0.139222,0.090376,0.007599,0.011164,0.0,0.208978
1800,0.095512,0.178357,0.044897,0.004383,0.001609,0.0,0.108677
1801,0.120076,0.130956,0.044485,0.006845,0.050298,0.0,0.129527
1802,0.096934,0.316565,0.20481,0.091805,0.220147,0.0,0.122711
1803,0.103076,0.140742,0.036533,0.009363,0.004365,0.0,0.113279
1804,0.084513,0.108352,0.027737,0.004045,0.008602,0.0,0.092318
1805,0.097307,0.0917,0.026177,0.015498,0.106229,0.0,0.10378
1806,0.103691,0.061345,0.009577,0.002295,0.00301,0.0,0.107602
1807,0.109187,0.074803,0.015679,0.006437,0.020576,0.0,0.114149
1808,0.082807,0.15283,0.115554,0.05934,0.148753,0.0,0.095233
1809,0.073178,0.163806,0.035843,0.003827,0.001992,0.0,0.085306
1810,0.102784,0.110358,0.027173,0.00345,0.010148,0.0,0.110591
1811,0.092404,0.149796,0.057435,0.015063,0.030349,0.0,0.103657
1812,0.120145,0.131204,0.018182,0.002248,0.001211,0.0,0.129246
1813,0.124555,0.095171,0.025714,0.00591,0.040855,0.0,0.131051
1814,0.586988,0.137447,0.041644,0.012377,0.110794,1.0,0.593342
1815,0.044375,0.069961,0.025196,0.003999,0.002627,0.0,0.049593
1816,0.061115,0.065294,0.011908,0.001279,0.000505,0.0,0.065674
1817,0.159444,0.087849,0.013093,0.002534,0.010721,0.0,0.164951
1818,0.122455,0.099956,0.011072,0.001089,0.000646,0.0,0.129115
1819,0.117626,0.09193,0.01076,0.001063,0.0036,0.0,0.123721
1820,0.144685,0.080676,0.027188,0.003898,0.0413,0.0,0.149966
1821,0.138437,0.066876,0.008391,0.001574,0.000665,0.0,0.142477
1822,0.127795,0.082289,0.008794,0.003168,0.008937,0.0,0.133072
1823,0.084469,0.373841,0.105183,0.01214,0.022977,0.0,0.113101
1824,0.104831,0.283742,0.044006,0.002483,0.00059,0.0,0.125753
1825,0.129516,0.225117,0.027259,0.013886,0.069837,0.0,0.145684
1826,0.093714,0.18612,0.106993,0.111315,0.258437,0.0,0.108517
1827,0.090163,0.13254,0.025336,0.017618,0.003852,0.0,0.099717
1828,0.101229,0.097217,0.017631,0.004475,0.000973,0.0,0.107941
1829,0.100431,0.225575,0.077232,0.015367,0.024913,0.0,0.117532
1830,0.113902,0.159731,0.037006,0.001832,0.00053,0.0,0.125429
1831,0.12976,0.100724,0.017544,0.005263,0.027051,0.0,0.136518
1832,0.643047,0.127988,0.049479,0.027664,0.050031,1.0,0.648399
1833,0.033535,0.111314,0.030524,0.0028,0.000878,0.0,0.041984
1834,0.063742,0.174362,0.019673,0.001501,0.003758,0.0,0.076505
1835,0.120297,0.231959,0.022654,0.002029,0.023182,0.0,0.136958
1836,0.142915,0.183073,0.01121,0.001258,0.000515,0.0,0.155607
1837,0.129517,0.130949,0.006483,0.00259,0.0384,0.0,0.138372
1838,0.117916,0.266095,0.079607,0.022924,0.170128,0.0,0.137954
1839,0.129218,0.185125,0.040358,0.0016,0.001216,0.0,0.142563
1840,0.14778,0.169891,0.038102,0.004123,0.004835,0.0,0.159824
1841,0.135482,0.257481,0.042819,0.01356,0.025099,0.0,0.154221
1842,0.162388,0.148926,0.016167,0.002853,0.000549,0.0,0.17246
1843,0.141437,0.181517,0.02026,0.003489,0.013247,0.0,0.154152
1844,0.15656,0.262836,0.06959,0.011415,0.055111,0.0,0.175899
1845,0.12092,0.147006,0.026432,0.003395,0.000922,0.0,0.131306
1846,0.114706,0.119972,0.009031,0.002296,0.002528,0.0,0.122889
1847,0.105985,0.21763,0.067547,0.008217,0.008033,0.0,0.122308
1848,0.135359,0.152844,0.029268,0.001054,0.000262,0.0,0.146103
1849,0.156406,0.073617,0.023544,0.010865,0.049036,0.0,0.161036
1850,0.120558,0.221257,0.118001,0.109659,0.396989,0.0,0.137926
1851,0.119804,0.194303,0.036565,0.013245,0.005248,0.0,0.133874
1852,0.130777,0.125338,0.019941,0.003176,0.007678,0.0,0.139386
1853,0.157983,0.227789,0.041821,0.010776,0.121902,0.0,0.174329
1854,0.148788,0.151161,0.014754,0.001396,0.001423,0.0,0.159109
1855,0.137008,0.139428,0.014517,0.001707,0.013419,0.0,0.146544
1856,0.148559,0.17638,0.055358,0.010116,0.109163,0.0,0.161331
1857,0.153549,0.129587,0.024612,0.000762,0.000873,0.0,0.16236
1858,0.108738,0.064828,0.013697,0.001883,0.005512,0.0,0.112925
1859,0.07076,0.184377,0.074367,0.021947,0.027493,0.0,0.084994
1860,0.142333,0.164192,0.014872,0.001396,0.000378,0.0,0.153674
1861,0.062594,0.14656,0.00969,0.005542,0.023314,0.0,0.073168
1862,0.482221,0.469876,0.062895,0.025277,0.136392,1.0,0.514428
1863,0.141302,0.25003,0.035545,0.004541,0.002028,0.0,0.159327
1864,0.147625,0.09793,0.016076,0.001176,0.000297,0.0,0.15401
1865,0.167115,0.102852,0.023864,0.002554,0.013901,0.0,0.173827
1866,0.026988,0.114635,0.011217,0.000913,0.000245,0.0,0.035469
1867,0.103289,0.157332,0.007134,0.001449,0.001923,0.0,0.114312
1868,0.096191,0.186522,0.042205,0.007633,0.034228,0.0,0.10993
1869,0.083186,0.071754,0.012759,0.000743,0.00047,0.0,0.088068
1870,0.077796,0.093471,0.010697,0.001539,0.001068,0.0,0.084308
1871,0.060149,0.306286,0.064422,0.022598,0.01709,0.0,0.083403
1872,0.062988,0.159537,0.017379,0.001695,0.000278,0.0,0.074621
1873,0.093888,0.088273,0.019169,0.004532,0.039283,0.0,0.100014
1874,0.072061,0.10104,0.132372,0.078361,0.222808,0.0,0.08098
1875,0.076656,0.055036,0.029835,0.011713,0.003591,0.0,0.080594
1876,0.093517,0.041604,0.015451,0.006098,0.000587,0.0,0.096122
1877,0.08458,0.161033,0.043921,0.019697,0.018766,0.0,0.096554
1878,0.10269,0.132792,0.021884,0.001984,0.000256,0.0,0.112092
1879,0.115995,0.041564,0.017787,0.006746,0.012064,0.0,0.11846
1880,0.561481,0.159406,0.058214,0.033891,0.043279,1.0,0.569922
1881,0.089147,0.16226,0.050471,0.005172,0.000687,0.0,0.101239
1882,0.018891,0.090265,0.033299,0.001694,0.002454,0.0,0.02592
1883,0.080328,0.193771,0.032827,0.003027,0.01329,0.0,0.094591
1884,0.067642,0.149735,0.011415,0.000962,0.000336,0.0,0.078429
1885,0.067674,0.062067,0.009146,0.001174,0.024017,0.0,0.071906
1886,0.075445,0.190631,0.06607,0.029998,0.151986,0.0,0.090018
1887,0.092657,0.094241,0.040971,0.002055,0.001423,0.0,0.099526
1888,0.103487,0.078792,0.030152,0.003125,0.004659,0.0,0.108979
1889,0.116205,0.260009,0.071154,0.021309,0.027888,0.0,0.135677
1890,0.144955,0.190428,0.019164,0.002388,0.000317,0.0,0.158289
1891,0.115385,0.105947,0.01152,0.003079,0.012274,0.0,0.122554
1892,0.143475,0.245158,0.075464,0.024336,0.065858,0.0,0.1617
1893,0.094827,0.160898,0.030742,0.00409,0.00147,0.0,0.106505
1894,0.113661,0.089309,0.013462,0.002373,0.001238,0.0,0.11963
1895,0.120506,0.24016,0.026388,0.011795,0.012556,0.0,0.137843
1896,0.149761,0.094993,0.012883,0.001691,0.000267,0.0,0.155869
1897,0.132316,0.044776,0.013424,0.005547,0.045539,0.0,0.134836
1898,0.11766,0.296221,0.154111,0.088151,0.250375,0.0,0.141073
1899,0.114843,0.187138,0.03171,0.007961,0.005341,0.0,0.128342
1900,0.126448,0.062198,0.014401,0.002852,0.008425,0.0,0.130316
1901,0.134939,0.167474,0.028486,0.008163,0.075046,0.0,0.146782
1902,0.135899,0.099989,0.013785,0.001928,0.001329,0.0,0.142497
1903,0.132788,0.096482,0.015327,0.003595,0.014924,0.0,0.139173
1904,0.109232,0.200641,0.055313,0.031842,0.141562,0.0,0.124149
1905,0.10833,0.099831,0.028705,0.001995,0.001503,0.0,0.115329
1906,0.11116,0.079442,0.013445,0.002129,0.003082,0.0,0.116413
1907,0.12079,0.270628,0.062253,0.019142,0.03802,0.0,0.140894
1908,0.125396,0.116161,0.023878,0.001791,0.000459,0.0,0.133415
1909,0.117438,0.09989,0.023206,0.002414,0.01184,0.0,0.124298
1910,0.293187,0.222925,0.068776,0.023033,0.110716,1.0,0.308527
1911,0.084837,0.090529,0.04056,0.00735,0.001714,0.0,0.091492
1912,0.05348,0.091996,0.018365,0.002275,0.000336,0.0,0.060173
1913,0.23381,0.043101,0.018134,0.002558,0.019618,0.0,0.235489
1914,0.167675,0.040911,0.020375,0.000871,0.000312,0.0,0.169721
1915,0.119598,0.052683,0.017218,0.000991,0.002379,0.0,0.122844
1916,0.13094,0.14424,0.029124,0.005386,0.034066,0.0,0.141085
1917,0.143487,0.107471,0.010435,0.000729,0.000531,0.0,0.150536
1918,0.118618,0.12619,0.0162,0.001672,0.002056,0.0,0.12733
1919,0.15376,0.21974,0.105126,0.021585,0.028565,0.0,0.170411
1920,0.125201,0.13539,0.038237,0.001585,0.000337,0.0,0.134846
1921,0.156987,0.07312,0.026477,0.004915,0.026099,0.0,0.161603
1922,0.132105,0.143405,0.202747,0.131526,0.279313,0.0,0.144772
1923,0.13531,0.097461,0.016885,0.020418,0.003812,0.0,0.141798
1924,0.119995,0.106075,0.012714,0.003221,0.000426,0.0,0.127155
1925,0.136299,0.190736,0.077146,0.023955,0.018503,0.0,0.150548
1926,0.126123,0.120591,0.035092,0.002769,0.000391,0.0,0.13462
1927,0.105574,0.143113,0.031596,0.004898,0.006976,0.0,0.11586
1928,0.40477,0.180488,0.088337,0.020699,0.045842,1.0,0.416359
1929,0.035145,0.106125,0.065752,0.004218,0.000803,0.0,0.043676
1930,0.233169,0.082635,0.030115,0.001605,0.002797,0.0,0.237956
1931,0.083289,0.150445,0.027263,0.003325,0.014891,0.0,0.094229
1932,0.076925,0.099709,0.026899,0.0015,0.000219,0.0,0.084128
1933,0.100339,0.125294,0.014823,0.001557,0.02225,0.0,0.109105
1934,0.102631,0.140912,0.067314,0.023261,0.208996,0.0,0.113305
1935,0.097342,0.105342,0.025987,0.001411,0.000935,0.0,0.104796
1936,0.098601,0.08052,0.014841,0.002223,0.003249,0.0,0.104048
1937,0.128467,0.128225,0.051515,0.016364,0.023799,0.0,0.137762
1938,0.121002,0.102958,0.009462,0.001455,0.000337,0.0,0.127875
1939,0.115261,0.105098,0.021753,0.002406,0.007482,0.0,0.122505
1940,0.105368,0.265395,0.051469,0.017515,0.078993,0.0,0.125054
1941,0.092116,0.176292,0.032719,0.004389,0.001812,0.0,0.104988
1942,0.127641,0.080856,0.018341,0.004461,0.00153,0.0,0.132944
1943,0.166615,0.273239,0.075354,0.009121,0.010298,0.0,0.186723
1944,0.155523,0.099891,0.014094,0.002472,0.00046,0.0,0.161969
1945,0.148507,0.085744,0.011486,0.006564,0.039829,0.0,0.153928
1946,0.088136,0.421715,0.118812,0.11152,0.423887,0.0,0.120687
1947,0.109033,0.222434,0.044084,0.007986,0.006296,0.0,0.125371
1948,0.104712,0.102634,0.023143,0.003702,0.006156,0.0,0.111874
1949,0.112987,0.098298,0.038452,0.012032,0.106154,0.0,0.119993
1950,0.131869,0.113009,0.020036,0.001533,0.002174,0.0,0.139551
1951,0.113099,0.110818,0.019598,0.0031,0.00618,0.0,0.120758
1952,0.119889,0.247491,0.120697,0.013029,0.181447,0.0,0.139069
1953,0.115059,0.112049,0.054034,0.002634,0.001046,0.0,0.123261
1954,0.091387,0.072501,0.025545,0.003265,0.003137,0.0,0.09644
1955,0.103649,0.12897,0.075488,0.016971,0.035285,0.0,0.113515
1956,0.060211,0.123242,0.038116,0.003439,0.000882,0.0,0.069449
1957,0.068527,0.078013,0.024044,0.003124,0.013843,0.0,0.074145
1958,0.369698,0.381814,0.078259,0.027828,0.152205,1.0,0.396421
1959,0.092428,0.110669,0.039362,0.00692,0.002699,0.0,0.100508
1960,0.028466,0.132664,0.025777,0.001853,0.000491,0.0,0.038477
1961,0.09286,0.140075,0.032536,0.003067,0.015756,0.0,0.103027
1962,0.06442,0.11902,0.02641,0.001807,0.000472,0.0,0.07315
1963,0.126264,0.082258,0.017453,0.001723,0.001401,0.0,0.131665
1964,0.07525,0.166319,0.03644,0.005505,0.030997,0.0,0.087562
1965,0.109376,0.163884,0.018193,0.001537,0.000723,0.0,0.12099
1966,0.102758,0.135671,0.018897,0.003355,0.000875,0.0,0.112336
1967,0.126193,0.129905,0.112031,0.033811,0.012346,0.0,0.136481
1968,0.115429,0.110297,0.040014,0.003204,0.00038,0.0,0.123308
1969,0.123783,0.043199,0.022533,0.00695,0.03567,0.0,0.126376
1970,0.104972,0.081616,0.198885,0.134226,0.307511,0.0,0.113201
1971,0.112616,0.048742,0.035108,0.017601,0.005059,0.0,0.115894
1972,0.113569,0.032126,0.011318,0.003988,0.00066,0.0,0.115256
1973,0.120394,0.124321,0.094351,0.019899,0.017325,0.0,0.130047
1974,0.130573,0.179167,0.041688,0.001487,0.000472,0.0,0.143483
1975,0.125265,0.066855,0.023258,0.003309,0.009503,0.0,0.129609
1976,0.19349,0.146586,0.129411,0.029716,0.048657,0.0,0.204738
1977,0.064353,0.115519,0.050796,0.003831,0.000662,0.0,0.073157
1978,0.095023,0.090257,0.030398,0.001895,0.001103,0.0,0.101433
1979,0.10742,0.15738,0.016828,0.004993,0.014752,0.0,0.118554
1980,0.008884,0.166371,0.017711,0.001019,0.000359,0.0,0.021441
1981,0.109857,0.075179,0.011752,0.001287,0.009495,0.0,0.114778
1982,0.067663,0.098572,0.114679,0.022806,0.209297,0.0,0.076094
1983,0.111023,0.097264,0.042767,0.002559,0.00205,0.0,0.118002
1984,0.110898,0.102682,0.025888,0.002145,0.005231,0.0,0.118052
1985,0.1054,0.19932,0.045886,0.024379,0.023245,0.0,0.120099
1986,0.119705,0.138869,0.026518,0.002598,0.000458,0.0,0.129494
1987,0.133046,0.121695,0.025724,0.001779,0.006317,0.0,0.141443
1988,0.13349,0.447012,0.048135,0.017822,0.073242,0.0,0.166434
1989,0.110673,0.179362,0.025861,0.003275,0.001407,0.0,0.123537
1990,0.109525,0.100984,0.015218,0.00191,0.000897,0.0,0.116417
1991,0.145605,0.202043,0.074068,0.011863,0.007524,0.0,0.160561
1992,0.1671,0.162435,0.033051,0.001473,0.00035,0.0,0.178369
1993,0.164965,0.071414,0.034646,0.002704,0.010118,0.0,0.1695
1994,0.091279,0.379478,0.170538,0.133822,0.301762,0.0,0.121396
1995,0.117501,0.174903,0.03699,0.019749,0.00492,0.0,0.130161
1996,0.110877,0.104916,0.009556,0.002782,0.004683,0.0,0.117976
1997,0.097361,0.105568,0.023629,0.015235,0.142515,0.0,0.104833
1998,0.130917,0.082999,0.015716,0.001433,0.002122,0.0,0.136314
1999,0.123344,0.065762,0.016974,0.002459,0.007172,0.0,0.127534
2000,0.115226,0.113315,0.091312,0.026191,0.162435,0.0,0.124078
2001,0.108688,0.103714,0.034796,0.002464,0.002118,0.0,0.116057
2002,0.113482,0.097278,0.008397,0.001664,0.005893,0.0,0.119976
2003,0.130616,0.244865,0.062676,0.01249,0.078387,0.0,0.148724
2004,0.12712,0.125971,0.031714,0.00106,0.000583,0.0,0.13596
2005,0.117116,0.061401,0.016541,0.00142,0.007682,0.0,0.121022
2006,0.516437,0.240144,0.065773,0.026651,0.190684,1.0,0.531329
2007,0.115528,0.108802,0.055358,0.003878,0.002505,0.0,0.123505
2008,0.238542,0.096317,0.035014,0.001863,0.000219,0.0,0.244373
2009,0.033495,0.086506,0.03675,0.004627,0.020893,0.0,0.040187
2010,0.237408,0.057212,0.021054,0.000884,0.000271,0.0,0.240146
2011,0.074212,0.02817,0.011371,0.000692,0.002696,0.0,0.0759
2012,0.151181,0.073042,0.027109,0.00667,0.039551,0.0,0.155849
2013,0.133483,0.059306,0.018642,0.000876,0.000498,0.0,0.137135
2014,0.12432,0.065745,0.014592,0.000985,0.001652,0.0,0.128466
2015,0.122079,0.189465,0.1357,0.010173,0.025992,0.0,0.137112
2016,0.072012,0.124699,0.046858,0.000982,0.000353,0.0,0.081383
2017,0.092596,0.061764,0.02325,0.005472,0.021746,0.0,0.096815
2018,0.083486,0.095163,0.143945,0.102452,0.251873,0.0,0.092082
2019,0.107127,0.065992,0.020381,0.011686,0.003713,0.0,0.11152
2020,0.118207,0.045996,0.008584,0.005576,0.000485,0.0,0.120856
2021,0.102618,0.111753,0.050518,0.020748,0.040389,0.0,0.110879
2022,0.103573,0.05948,0.043852,0.002046,0.000488,0.0,0.10781
2023,0.106279,0.068159,0.022473,0.002347,0.006004,0.0,0.110852
2024,0.495259,0.23044,0.074725,0.014114,0.058718,1.0,0.509681
2025,0.133063,0.1692,0.051721,0.003242,0.001265,0.0,0.145351
2026,0.127654,0.096437,0.025294,0.001326,0.00291,0.0,0.134205
2027,0.055016,0.057725,0.024937,0.002529,0.014202,0.0,0.059237
2028,0.145543,0.056454,0.010743,0.000778,0.000285,0.0,0.148784
2029,0.08049,0.094203,0.008769,0.000767,0.006859,0.0,0.08701
2030,0.145109,0.153067,0.065681,0.020496,0.193699,0.0,0.156336
2031,0.084247,0.089247,0.03956,0.00146,0.001403,0.0,0.090787
2032,0.095009,0.111906,0.026119,0.001209,0.001385,0.0,0.102971
2033,0.134057,0.141827,0.05905,0.015141,0.027488,0.0,0.144421
2034,0.148855,0.113003,0.015881,0.001912,0.000435,0.0,0.156351
2035,0.126049,0.055906,0.004925,0.001253,0.005191,0.0,0.129319
2036,0.105534,0.392599,0.04093,0.021387,0.084304,0.0,0.13455
2037,0.084813,0.144286,0.020133,0.002566,0.001127,0.0,0.095184
2038,0.112708,0.062569,0.007784,0.001243,0.000486,0.0,0.116614
2039,0.10342,0.324197,0.126998,0.010944,0.008407,0.0,0.128506
2040,0.096965,0.172361,0.051329,0.001857,0.000263,0.0,0.109755
2041,0.086267,0.115667,0.034263,0.002666,0.018892,0.0,0.09469
2042,0.077558,0.324566,0.285925,0.184748,0.41886,0.0,0.105355
2043,0.086031,0.171936,0.07891,0.025549,0.005306,0.0,0.099289
2044,0.099159,0.122333,0.038981,0.003987,0.001703,0.0,0.108045
2045,0.131892,0.206738,0.044959,0.011177,0.096009,0.0,0.146911
2046,0.129488,0.128763,0.022821,0.001725,0.001279,0.0,0.138398
2047,0.140369,0.069904,0.02492,0.001651,0.003653,0.0,0.144844
2048,0.106992,0.197072,0.107137,0.017617,0.110067,0.0,0.122337
2049,0.109463,0.106186,0.051351,0.003779,0.001385,0.0,0.117236
2050,0.153546,0.083919,0.027594,0.002694,0.002531,0.0,0.159002
2051,0.160696,0.1103,0.077437,0.021962,0.053609,0.0,0.168775
2052,0.150577,0.0799,0.02055,0.003736,0.00087,0.0,0.155663
2053,0.114762,0.069365,0.021391,0.002836,0.008528,0.0,0.119347
2054,0.302156,0.320057,0.065594,0.01517,0.163284,1.0,0.324604
2055,0.027568,0.153123,0.039297,0.001938,0.001964,0.0,0.039292
2056,0.119278,0.187961,0.02918,0.001272,0.00021,0.0,0.132758
2057,0.055947,0.14408,0.035275,0.002627,0.016433,0.0,0.066729
2058,0.233279,0.104754,0.01988,0.000765,0.000517,0.0,0.23957
2059,0.101923,0.068155,0.01276,0.000731,0.000619,0.0,0.106394
2060,0.132159,0.073023,0.037261,0.004832,0.038936,0.0,0.137104
2061,0.143814,0.08078,0.015556,0.000605,0.000496,0.0,0.148944
2062,0.105814,0.044026,0.016317,0.00158,0.000895,0.0,0.108509
2063,0.102501,0.231163,0.073193,0.023769,0.029463,0.0,0.119963
2064,0.123144,0.121852,0.022525,0.001853,0.00026,0.0,0.131584
2065,0.162952,0.07216,0.019496,0.00213,0.014558,0.0,0.167351
2066,0.105159,0.133511,0.166861,0.216415,0.342386,0.0,0.116961
2067,0.135998,0.080838,0.039785,0.019623,0.005372,0.0,0.141553
2068,0.14121,0.068903,0.037449,0.004662,0.000509,0.0,0.145779
2069,0.127635,0.182196,0.11055,0.014507,0.017546,0.0,0.141751
2070,0.143471,0.145253,0.063441,0.001906,0.000566,0.0,0.154054
2071,0.13847,0.051011,0.047128,0.002403,0.002877,0.0,0.141856
2072,0.429868,0.292885,0.092058,0.015512,0.037264,1.0,0.449673
2073,0.096733,0.114216,0.046111,0.004113,0.000601,0.0,0.10513
2074,0.090937,0.070136,0.020524,0.001181,0.00055,0.0,0.095745
2075,0.264406,0.109885,0.01451,0.003722,0.006613,0.0,0.270775
2076,0.317442,0.062459,0.00665,0.000966,0.000242,0.0,0.319765
2077,0.132449,0.041799,0.004993,0.001075,0.003892,0.0,0.134621
2078,0.091208,0.10431,0.065338,0.031135,0.141283,0.0,0.099228
2079,0.099724,0.131137,0.044128,0.002017,0.001479,0.0,0.109328
2080,0.135828,0.179435,0.033703,0.001547,0.001355,0.0,0.148609
2081,0.112224,0.208329,0.08198,0.018618,0.045575,0.0,0.128024
2082,0.141103,0.154172,0.015115,0.002526,0.000429,0.0,0.151713
2083,0.141983,0.083433,0.019163,0.001855,0.004996,0.0,0.147376
2084,0.184592,0.308186,0.059307,0.015886,0.063253,0.0,0.206962
2085,0.11065,0.238656,0.035768,0.00273,0.001384,0.0,0.128061
2086,0.120872,0.139717,0.023055,0.001637,0.000678,0.0,0.130666
2087,0.132952,0.257555,0.0785,0.012829,0.012326,0.0,0.152198
2088,0.213104,0.22715,0.035451,0.001734,0.00038,0.0,0.228872
2089,0.163601,0.138475,0.027143,0.001446,0.007359,0.0,0.173033
2090,0.084133,0.244457,0.137016,0.177597,0.529324,0.0,0.103891
2091,0.10551,0.180073,0.036047,0.017282,0.008568,0.0,0.118629
2092,0.13097,0.106223,0.015677,0.003797,0.001794,0.0,0.138098
2093,0.10697,0.107788,0.023588,0.010828,0.113312,0.0,0.114524
2094,0.133229,0.108616,0.021635,0.001228,0.002321,0.0,0.140594
2095,0.105576,0.080775,0.021842,0.001482,0.005287,0.0,0.111084
2096,0.073477,0.320979,0.129879,0.050955,0.163393,0.0,0.09867
2097,0.0618,0.248206,0.06092,0.003971,0.001879,0.0,0.080637
2098,0.085549,0.195657,0.034664,0.002086,0.00208,0.0,0.099934
2099,0.155031,0.512523,0.050349,0.020192,0.058385,0.0,0.19272
2100,0.112145,0.209962,0.01626,0.003626,0.000851,0.0,0.127145
2101,0.143726,0.174699,0.015211,0.002096,0.000723,0.0,0.155845
2102,0.406725,0.513562,0.04664,0.008594,0.003513,1.0,0.4425
2103,0.102383,0.231706,0.02407,0.002935,0.000285,0.0,0.119181
2104,0.173456,0.178142,0.013534,0.001832,0.000185,0.0,0.185581
2105,0.051702,0.117158,0.013323,0.003617,0.000296,0.0,0.060215
2106,0.025723,0.095285,0.009454,0.001836,0.000211,0.0,0.032751
2107,0.029224,0.092213,0.015018,0.000951,0.000185,0.0,0.03607
2108,0.055197,0.137999,0.017792,0.003488,0.000341,0.0,0.065295
2109,0.031729,0.065758,0.011443,0.00118,0.000145,0.0,0.03654
2110,0.043039,0.087508,0.015384,0.000844,0.000186,0.0,0.049435
2111,0.034609,0.501911,0.106727,0.035595,0.001771,0.0,0.073214
2112,0.039436,0.279601,0.062571,0.003524,0.000144,0.0,0.060802
2113,0.038989,0.194695,0.027066,0.001248,0.000195,0.0,0.053553
2114,0.042846,0.148042,0.029983,0.002914,0.000561,0.0,0.053951
2115,0.041985,0.150232,0.009819,0.000917,0.00013,0.0,0.052982
2116,0.040859,0.073955,0.009595,0.000994,0.000139,0.0,0.046185
2117,0.045423,0.238753,0.063963,0.015488,0.000984,0.0,0.063743
2118,0.045859,0.176477,0.026861,0.001272,0.000172,0.0,0.059012
2119,0.044709,0.155827,0.014333,0.00171,0.000272,0.0,0.056164
2120,0.032832,0.50049,0.051579,0.029933,0.001115,0.0,0.070587
2121,0.029934,0.294503,0.045865,0.004517,0.000277,0.0,0.052256
2122,0.033689,0.176514,0.021647,0.00131,0.000221,0.0,0.046866
2123,0.023315,0.110864,0.017563,0.002886,0.000299,0.0,0.031632
2124,0.016413,0.126564,0.016912,0.001531,0.000198,0.0,0.02594
2125,0.004973,0.132004,0.009612,0.001486,0.000318,0.0,0.014893
2126,0.003782,0.183622,0.082634,0.017046,0.001105,0.0,0.018572
2127,0.008905,0.088184,0.037854,0.002163,0.000177,0.0,0.015918
2128,0.008959,0.129358,0.028285,0.00153,0.000543,0.0,0.018906
2129,0.020713,0.169218,0.031816,0.007776,0.000533,0.0,0.033596
2130,0.014727,0.155412,0.013491,0.000879,0.000292,0.0,0.026366
2131,0.013474,0.09837,0.017843,0.001349,0.00059,0.0,0.020938
2132,0.02254,0.260537,0.142848,0.026625,0.009036,0.0,0.043746
2133,0.029843,0.186635,0.084531,0.001589,0.000503,0.0,0.044657
2134,0.021943,0.09887,0.051137,0.002431,0.000365,0.0,0.029833
2135,0.022405,0.170122,0.043877,0.021622,0.002089,0.0,0.03553
2136,0.032599,0.13325,0.014162,0.002786,0.000424,0.0,0.042465
2137,0.039474,0.070886,0.009196,0.002782,0.000529,0.0,0.044579
2138,0.062147,0.315204,0.096759,0.022154,0.00226,1.0,0.086487
2139,0.080906,0.17821,0.029177,0.002843,0.000432,0.0,0.093955
2140,0.071419,0.082834,0.018014,0.001916,0.000809,0.0,0.077288
2141,0.051104,0.082798,0.027964,0.010084,0.001942,0.0,0.057275
2142,0.084232,0.067175,0.023239,0.004314,0.000777,0.0,0.088913
2143,0.11373,0.031658,0.023068,0.005199,0.003681,0.0,0.115543
2144,0.141695,0.107644,0.021788,0.034672,0.003795,0.0,0.148985
2145,0.16136,0.051327,0.01132,0.014191,0.003255,0.0,0.164131
2146,0.085473,0.044229,0.007824,0.017312,0.007417,0.0,0.088251
2147,0.165928,0.046484,0.02921,0.078289,0.025105,0.0,0.168659
2148,0.098715,0.062501,0.02018,0.134583,0.055048,0.0,0.103128
2149,0.061302,0.090284,0.063567,0.216954,0.137107,0.0,0.068807
2150,0.428236,0.289631,0.072139,0.078146,0.286155,1.0,0.447665
2151,0.046287,0.181379,0.043186,0.050888,0.17733,0.0,0.060121
2152,0.164674,0.1764,0.024989,0.054699,0.206749,0.0,0.176997
2153,0.138003,0.205583,0.027535,0.05161,0.159324,0.0,0.152727
2154,0.171205,0.097972,0.016346,0.02493,0.180673,0.0,0.17747
2155,0.135271,0.125273,0.016851,0.034599,0.160787,0.0,0.143864
2156,0.116908,0.171581,0.057685,0.025591,0.158121,0.0,0.129626
2157,0.102865,0.163217,0.027265,0.018568,0.067803,0.0,0.114637
2158,0.098864,0.095278,0.012558,0.022178,0.065536,0.0,0.105416
2159,0.098687,0.17566,0.104562,0.041185,0.06715,0.0,0.112505
2160,0.080244,0.05971,0.016261,0.012706,0.031372,0.0,0.084322
2161,0.094856,0.062441,0.007772,0.008701,0.030297,0.0,0.098904
2162,0.095876,0.186938,0.157444,0.190267,0.269989,0.0,0.111547
2163,0.103649,0.140684,0.015228,0.017301,0.036392,0.0,0.11357
2164,0.089937,0.114971,0.008659,0.010661,0.03099,0.0,0.097948
2165,0.076145,0.12782,0.019144,0.005685,0.024205,0.0,0.08535
2166,0.091871,0.123051,0.010009,0.003266,0.010443,0.0,0.100473
2167,0.083403,0.071314,0.006576,0.002717,0.009721,0.0,0.088171
2168,0.467746,0.2165,0.167073,0.016255,0.053776,1.0,0.482597
2169,0.064409,0.07229,0.357923,0.067994,0.008259,0.0,0.074276
2170,0.151479,0.077882,0.312055,0.176391,0.013308,0.0,0.160667
2171,0.070623,0.055616,0.372535,0.287609,0.030015,0.0,0.079786
2172,0.137257,0.065366,0.287229,0.367955,0.007602,0.0,0.14562
2173,0.116444,0.056112,0.294861,0.13228,0.009284,0.0,0.123967
2174,0.093806,0.05133,0.048988,0.087006,0.125632,0.0,0.097737
2175,0.094489,0.057489,0.13924,0.210428,0.006431,0.0,0.100307
2176,0.117031,0.062903,0.118285,0.236834,0.004236,0.0,0.122842
2177,0.083908,0.296503,0.192056,0.354428,0.058809,0.0,0.10857
2178,0.083092,0.12977,0.180905,0.366636,0.005655,0.0,0.095216
2179,0.083262,0.07532,0.163301,0.20823,0.005928,0.0,0.090816
2180,0.118437,0.278485,0.395644,0.192021,0.122834,0.0,0.143976
2181,0.070002,0.091976,0.352454,0.098181,0.006656,0.0,0.081271
2182,0.083966,0.090255,0.306469,0.130717,0.002901,0.0,0.094433
2183,0.121014,0.382403,0.339235,0.116978,0.012677,0.0,0.153364
2184,0.072491,0.095051,0.312944,0.145922,0.001978,0.0,0.083517
2185,0.088564,0.072774,0.164799,0.062318,0.005884,0.0,0.095652
2186,0.070518,0.091649,0.220383,0.295609,0.321714,0.0,0.080331
2187,0.079212,0.089173,0.133928,0.061827,0.006581,0.0,0.087172
2188,0.085035,0.080202,0.15601,0.064052,0.00133,0.0,0.092586
2189,0.097363,0.191537,0.165037,0.157131,0.14212,0.0,0.113401
2190,0.091788,0.072587,0.144169,0.162802,0.004765,0.0,0.098734
2191,0.114309,0.050995,0.175103,0.061776,0.001756,0.0,0.119718
2192,0.085734,0.152516,0.189489,0.110694,0.186327,0.0,0.09921
2193,0.092126,0.047847,0.107019,0.036131,0.00215,0.0,0.096501
2194,0.095757,0.037919,0.159996,0.018902,0.000794,0.0,0.100054
2195,0.114564,0.119312,0.128331,0.034637,0.050897,0.0,0.124378
2196,0.112363,0.060567,0.11518,0.032508,0.000963,0.0,0.117636
2197,0.091104,0.032158,0.097628,0.019938,0.002881,0.0,0.094164
2198,0.305995,0.372873,0.058819,0.032423,0.24182,1.0,0.332288
2199,0.081517,0.129911,0.025259,0.007963,0.004403,0.0,0.090922
2200,0.098514,0.07208,0.015964,0.006748,0.000344,0.0,0.103357
2201,0.054123,0.06849,0.034747,0.006314,0.01753,0.0,0.059292
2202,0.122588,0.064557,0.026441,0.007324,0.000476,0.0,0.126831
2203,0.075691,0.040364,0.02849,0.007092,0.000576,0.0,0.078518
2204,0.105682,0.095809,0.0291,0.009796,0.089689,0.0,0.112426
2205,0.11207,0.041604,0.017773,0.008062,0.001004,0.0,0.114569
2206,0.109984,0.047464,0.013167,0.012168,0.000353,0.0,0.112879
2207,0.116997,0.272673,0.125112,0.018797,0.044017,0.0,0.138134
2208,0.11435,0.112557,0.049984,0.00608,0.000407,0.0,0.122546
2209,0.115367,0.041884,0.031209,0.007528,0.003642,0.0,0.118043
2210,0.090502,0.100166,0.204727,0.207248,0.356927,0.0,0.100432
2211,0.091798,0.046051,0.028364,0.022586,0.004843,0.0,0.094951
2212,0.109259,0.015369,0.015448,0.006973,0.000268,0.0,0.109793
2213,0.133419,0.032933,0.021509,0.006338,0.023006,0.0,0.135158
2214,0.109837,0.029428,0.015577,0.00448,0.000437,0.0,0.111411
2215,0.110042,0.036198,0.01097,0.00239,0.001645,0.0,0.112051
2216,0.364342,0.236237,0.06464,0.005243,0.056795,1.0,0.38004
2217,0.095532,0.063421,0.395357,0.035135,0.002886,0.0,0.104952
2218,0.122942,0.054335,0.346493,0.133016,0.002542,0.0,0.130985
2219,0.084245,0.098862,0.312324,0.226429,0.022047,0.0,0.095598
2220,0.123439,0.071628,0.327262,0.224892,0.002639,0.0,0.132666
2221,0.054099,0.082773,0.363048,0.154331,0.004802,0.0,0.065045
2222,0.090642,0.236572,0.10332,0.141602,0.12724,0.0,0.109218
2223,0.101574,0.201086,0.142237,0.277025,0.002363,0.0,0.118183
2224,0.082382,0.184869,0.207431,0.29779,0.0019,0.0,0.098851
2225,0.1327,0.589438,0.207051,0.326521,0.04407,0.0,0.178947
2226,0.107833,0.337216,0.218494,0.439021,0.001766,0.0,0.135846
2227,0.094705,0.19752,0.271758,0.371509,0.00456,0.0,0.113025
2228,0.131861,0.47103,0.19419,0.13355,0.152692,0.0,0.168795
2229,0.07403,0.099945,0.247742,0.289002,0.003835,0.0,0.084773
2230,0.077804,0.077006,0.277094,0.224518,0.002912,0.0,0.087097
2231,0.142372,0.275931,0.311157,0.160747,0.010674,0.0,0.16633
2232,0.030374,0.149274,0.244448,0.142191,0.001738,0.0,0.04482
2233,0.06807,0.11256,0.144213,0.041551,0.003761,0.0,0.07796
2234,0.068789,0.110583,0.240563,0.274243,0.27533,0.0,0.080258
2235,0.073704,0.073484,0.190067,0.160475,0.006189,0.0,0.081473
2236,0.069819,0.051646,0.204091,0.194494,0.001617,0.0,0.076242
2237,0.025108,0.024292,0.249882,0.248235,0.121207,0.0,0.030559
2238,0.041996,0.06262,0.229787,0.259865,0.003667,0.0,0.049911
2239,0.059506,0.061568,0.234824,0.224046,0.001696,0.0,0.067215
2240,0.036482,0.091078,0.224283,0.254133,0.16987,0.0,0.046483
2241,0.0472,0.040131,0.207553,0.27284,0.00298,0.0,0.053123
2242,0.050333,0.052101,0.285343,0.286734,0.001689,0.0,0.058203
2243,0.23171,0.170836,0.253529,0.211759,0.044765,1.0,0.246476
2244,0.074064,0.074838,0.344579,0.309096,0.002364,0.0,0.084289
2245,0.033001,0.032662,0.241783,0.345051,0.003806,0.0,0.039067
2246,0.275057,0.287778,0.202633,0.324749,0.234676,1.0,0.297715
2247,0.071647,0.053274,0.208341,0.419695,0.010634,0.0,0.078631
2248,0.06834,0.055918,0.29739,0.487613,0.004358,0.0,0.076873
2249,0.021238,0.077148,0.359627,0.634924,0.027003,0.0,0.032814
2250,0.044612,0.071961,0.331511,0.428652,0.004036,0.0,0.054879
2251,0.078109,0.055653,0.286534,0.419769,0.012391,0.0,0.086281
2252,0.047168,0.048602,0.029618,0.190688,0.105089,0.0,0.051169
2253,0.078305,0.047833,0.207566,0.095898,0.002192,0.0,0.084254
2254,0.08251,0.033799,0.111891,0.208512,0.001801,0.0,0.086281
2255,0.071822,0.154556,0.14244,0.108739,0.021858,0.0,0.084903
2256,0.064489,0.092834,0.08511,0.025259,0.000679,0.0,0.072107
2257,0.063268,0.076157,0.307678,0.079667,0.001918,0.0,0.07277
2258,0.061147,0.100075,0.496549,0.316183,0.269582,0.0,0.07544
2259,0.081741,0.046984,0.207321,0.135494,0.008064,0.0,0.087667
2260,0.08758,0.053722,0.167628,0.15717,0.001417,0.0,0.093462
2261,0.087446,0.115658,0.159994,0.195899,0.032776,0.0,0.097905
2262,0.089243,0.05913,0.128267,0.15991,0.000706,0.0,0.094985
2263,0.085982,0.065791,0.017705,0.037074,0.000796,0.0,0.09053
2264,0.322295,0.175757,0.039153,0.027659,0.062657,1.0,0.333506
2265,0.07416,0.062953,0.021661,0.022726,0.001195,0.0,0.078615
2266,0.072174,0.05185,0.02175,0.009824,0.000373,0.0,0.075796
2267,0.124905,0.093307,0.029832,0.014316,0.019195,0.0,0.131329
2268,0.052188,0.093484,0.015032,0.025823,0.000402,0.0,0.058998
2269,0.103309,0.089792,0.008599,0.012798,0.000633,0.0,0.109345
2270,0.123181,0.161595,0.033111,0.049891,0.142641,0.0,0.134816
2271,0.096418,0.14719,0.028155,0.023815,0.001417,0.0,0.107063
2272,0.091901,0.088042,0.028394,0.009208,0.000516,0.0,0.098156
2273,0.078063,0.231047,0.057187,0.058353,0.051347,0.0,0.095547
2274,0.081125,0.069193,0.052148,0.01111,0.0004,0.0,0.086384
2275,0.100146,0.079984,0.046683,0.024293,0.001073,0.0,0.106013
2276,0.147883,0.297225,0.039444,0.036551,0.157022,0.0,0.169488
2277,0.09694,0.04661,0.026575,0.018197,0.003314,0.0,0.100064
2278,0.101819,0.05319,0.036292,0.012465,0.000551,0.0,0.105517
2279,0.104967,0.144814,0.056366,0.015211,0.015197,0.0,0.115739
2280,0.102418,0.071104,0.039907,0.020319,0.000307,0.0,0.107507
2281,0.098687,0.076617,0.021148,0.033522,0.001445,0.0,0.103983
2282,0.093825,0.096071,0.221376,0.193043,0.370683,0.0,0.103627
2283,0.079122,0.040315,0.041426,0.044699,0.006135,0.0,0.082161
2284,0.094455,0.032681,0.043892,0.03512,0.000396,0.0,0.096825
2285,0.084248,0.089006,0.076349,0.049709,0.152761,0.0,0.091364
2286,0.070178,0.038381,0.053108,0.040541,0.002214,0.0,0.073292
2287,0.096594,0.02414,0.05691,0.043691,0.001013,0.0,0.098504
2288,0.089688,0.104568,0.106003,0.074879,0.122691,0.0,0.098365
2289,0.092435,0.102386,0.081467,0.033388,0.002526,0.0,0.100516
2290,0.098795,0.06891,0.071051,0.038703,0.001032,0.0,0.104203
2291,0.144462,0.191599,0.073742,0.050126,0.063745,0.0,0.158716
2292,0.092014,0.059677,0.077939,0.028641,0.000964,0.0,0.096863
2293,0.093992,0.055201,0.064578,0.035525,0.00129,0.0,0.098324
2294,0.309077,0.187802,0.065749,0.051291,0.392146,1.0,0.321708
2295,0.07519,0.066838,0.041723,0.029127,0.007178,0.0,0.080209
2296,0.14821,0.05006,0.040877,0.029204,0.000596,0.0,0.151413
2297,0.071827,0.056408,0.059164,0.031241,0.030933,0.0,0.076338
2298,0.032199,0.036759,0.070335,0.020938,0.000786,0.0,0.035681
2299,0.132466,0.034963,0.068727,0.026054,0.000748,0.0,0.135038
2300,0.102445,0.0503,0.075478,0.031085,0.102474,0.0,0.106494
2301,0.126173,0.05876,0.085462,0.024443,0.001502,0.0,0.130789
2302,0.118815,0.030709,0.069695,0.032095,0.000858,0.0,0.121198
2303,0.110613,0.096992,0.129511,0.049787,0.044827,0.0,0.118837
2304,0.118769,0.070465,0.127122,0.033797,0.000862,0.0,0.124894
2305,0.10014,0.062655,0.137672,0.025225,0.002545,0.0,0.105953
2306,0.129976,0.148638,0.200641,0.334327,0.405658,0.0,0.143383
2307,0.120823,0.06999,0.108025,0.057015,0.007867,0.0,0.126678
2308,0.101722,0.094396,0.076434,0.02884,0.000825,0.0,0.109062
2309,0.125566,0.155429,0.072678,0.044742,0.019363,0.0,0.137244
2310,0.143916,0.109446,0.080314,0.05874,0.000864,0.0,0.152159
2311,0.125452,0.0746,0.126893,0.085494,0.001269,0.0,0.131921
2312,0.336508,0.28913,0.133379,0.097359,0.064322,1.0,0.35745
2313,0.048516,0.070296,0.158686,0.151595,0.003198,0.0,0.055798
2314,0.128459,0.04861,0.218284,0.219475,0.0032,0.0,0.134446
2315,0.087018,0.090918,0.194195,0.119538,0.024242,0.0,0.095969
2316,0.166376,0.07415,0.195684,0.18712,0.003792,0.0,0.173612
2317,0.111882,0.072509,0.163744,0.177789,0.004966,0.0,0.11896
2318,0.098294,0.242521,0.106468,0.106598,0.136356,0.0,0.117236
2319,0.135247,0.133516,0.134757,0.318552,0.008458,0.0,0.146542
2320,0.113791,0.118175,0.133313,0.254453,0.008351,0.0,0.123976
2321,0.163542,0.159945,0.182413,0.231091,0.056444,0.0,0.177085
2322,0.151982,0.09161,0.181156,0.177161,0.011022,0.0,0.160413
2323,0.102923,0.068079,0.234838,0.236105,0.021091,0.0,0.110808
2324,0.166235,0.263386,0.134474,0.08022,0.138798,0.0,0.186547
2325,0.06131,0.024897,0.139226,0.118073,0.011437,0.0,0.064793
2326,0.089635,0.041012,0.239675,0.234936,0.00953,0.0,0.095669
2327,0.155796,0.204116,0.1868,0.147411,0.012208,0.0,0.172596
2328,0.130227,0.064664,0.263517,0.144667,0.005917,0.0,0.137878
2329,0.090999,0.031394,0.257549,0.235851,0.007418,0.0,0.096552
2330,0.104755,0.089643,0.254751,0.277118,0.348573,0.0,0.114594
2331,0.125299,0.075006,0.115456,0.105682,0.008994,0.0,0.13168
2332,0.12324,0.110552,0.142488,0.100145,0.003147,0.0,0.13264
2333,0.099485,0.097116,0.162275,0.134838,0.129522,0.0,0.108403
2334,0.103497,0.098731,0.152318,0.213419,0.002678,0.0,0.112499
2335,0.108678,0.109896,0.16182,0.16724,0.00231,0.0,0.118519
2336,0.111997,0.067774,0.156432,0.232528,0.223239,0.0,0.118733
2337,0.094777,0.047687,0.082643,0.07508,0.004028,0.0,0.098858
2338,0.105251,0.067558,0.088166,0.069479,0.00154,0.0,0.110796
2339,0.194319,0.297818,0.125001,0.092939,0.043731,0.0,0.216867
2340,0.06524,0.111021,0.119056,0.044496,0.001722,0.0,0.074701
2341,0.062151,0.102708,0.090572,0.11475,0.0017,0.0,0.070753
2342,0.276979,0.29655,0.103704,0.075957,0.467898,1.0,0.298512
2343,0.135603,0.086055,0.048454,0.056079,0.007607,0.0,0.141732
2344,0.026205,0.044564,0.067571,0.075279,0.003118,0.0,0.030372
2345,0.066601,0.070584,0.084019,0.09463,0.029232,0.0,0.072655
2346,0.053317,0.037764,0.067205,0.086226,0.002047,0.0,0.056785
2347,0.051414,0.031311,0.0739,0.115152,0.001805,0.0,0.054558
2348,0.084259,0.106285,0.088926,0.107916,0.08638,0.0,0.09293
2349,0.092836,0.099219,0.085793,0.086079,0.002657,0.0,0.100829
2350,0.093906,0.053777,0.139882,0.09435,0.001904,0.0,0.099257
2351,0.124929,0.119117,0.209472,0.10838,0.020109,0.0,0.135877
2352,0.086842,0.12041,0.234688,0.085872,0.001998,0.0,0.098478
2353,0.104407,0.062192,0.139572,0.127731,0.001799,0.0,0.110359
2354,0.081181,0.128061,0.16864,0.503777,0.534969,0.0,0.093299
2355,0.091993,0.04898,0.085476,0.138965,0.010538,0.0,0.096342
2356,0.080415,0.027389,0.087658,0.147389,0.00173,0.0,0.083289
2357,0.095387,0.085615,0.122,0.133546,0.026727,0.0,0.102925
2358,0.099423,0.052308,0.12582,0.055093,0.001075,0.0,0.104363
2359,0.094194,0.052373,0.027598,0.019785,0.000605,0.0,0.097784
2360,0.260904,0.212945,0.179688,0.015469,0.089252,1.0,0.277238
2361,0.152841,0.11752,0.125028,0.006477,0.001495,0.0,0.162132
2362,0.093439,0.056474,0.099676,0.004595,0.000434,0.0,0.098291
2363,0.109232,0.078982,0.108034,0.006717,0.026692,0.0,0.115758
2364,0.173253,0.096814,0.094476,0.007589,0.000573,0.0,0.180434
2365,0.069208,0.050348,0.135538,0.005771,0.000476,0.0,0.074278
2366,0.088539,0.108191,0.136623,0.01354,0.208207,0.0,0.097809
2367,0.074334,0.03956,0.149503,0.017182,0.001859,0.0,0.078772
2368,0.081033,0.047271,0.153726,0.035805,0.000703,0.0,0.086083
2369,0.08617,0.206948,0.271963,0.115769,0.064895,0.0,0.104815
2370,0.096771,0.05249,0.201828,0.060989,0.001198,0.0,0.102786
2371,0.117367,0.032033,0.20818,0.070645,0.001472,0.0,0.121806
2372,0.129963,0.277037,0.159255,0.082131,0.183359,0.0,0.15191
2373,0.10778,0.080205,0.250996,0.065657,0.005511,0.0,0.116451
2374,0.111102,0.070322,0.36127,0.054338,0.002664,0.0,0.120488
2375,0.108749,0.160933,0.245203,0.054523,0.021364,0.0,0.123324
2376,0.134475,0.042002,0.301792,0.052316,0.00133,0.0,0.140764
2377,0.077501,0.052022,0.167847,0.033756,0.001508,0.0,0.08312
2378,0.070826,0.080743,0.304272,0.274101,0.487306,0.0,0.080936
2379,0.084645,0.070389,0.088592,0.044239,0.005597,0.0,0.09052
2380,0.086197,0.059091,0.203802,0.008085,0.000494,0.0,0.092719
2381,0.077145,0.057346,0.093663,0.023504,0.134269,0.0,0.082146
2382,0.092604,0.04716,0.048413,0.009766,0.001832,0.0,0.096083
2383,0.092507,0.044873,0.03706,0.008877,0.000246,0.0,0.095661
2384,0.063681,0.201884,0.047751,0.060531,0.191598,0.0,0.078988
2385,0.062372,0.136924,0.023711,0.007898,0.002342,0.0,0.072424
2386,0.068128,0.110848,0.011869,0.005856,0.00025,0.0,0.076031
2387,0.103591,0.145909,0.020072,0.023752,0.059081,0.0,0.11398
2388,0.064176,0.04915,0.00935,0.003734,0.00067,0.0,0.067479
2389,0.053656,0.043825,0.011509,0.004445,0.00055,0.0,0.056673
2390,0.284782,0.175806,0.104605,0.033868,0.302862,1.0,0.297196
2391,0.066566,0.105252,0.029707,0.002752,0.00509,0.0,0.074301
2392,0.208928,0.09669,0.006097,0.002715,0.000127,1.0,0.214621
2393,0.117981,0.072131,0.014615,0.00448,0.023099,0.0,0.122659
2394,0.164459,0.083089,0.014456,0.001911,0.000208,0.0,0.169591
2395,0.065897,0.046677,0.020302,0.00302,0.000107,0.0,0.06915
2396,0.090019,0.065741,0.019713,0.0058,0.121809,0.0,0.094512
2397,0.08402,0.044901,0.014667,0.002115,0.001178,0.0,0.086925
2398,0.097431,0.055956,0.007772,0.002251,0.00012,0.0,0.100963
2399,0.099944,0.255566,0.059903,0.022167,0.034766,0.0,0.119059
2400,0.137894,0.135698,0.012044,0.004044,0.000374,0.0,0.147115
2401,0.109492,0.059417,0.005151,0.002705,0.000842,0.0,0.113155
2402,0.085069,0.085156,0.227911,0.231465,0.353637,0.0,0.09428
2403,0.078817,0.066271,0.016749,0.022276,0.007532,0.0,0.083416
2404,0.097555,0.03797,0.009573,0.004034,0.000304,0.0,0.099775
2405,0.094276,0.074162,0.016501,0.005031,0.028313,0.0,0.099312
2406,0.113863,0.054876,0.003802,0.002392,0.000585,0.0,0.117136
2407,0.096657,0.041255,0.005429,0.003831,0.000425,0.0,0.099072
2408,0.308326,0.146092,0.094566,0.021712,0.128899,1.0,0.318181
2409,0.096493,0.138539,0.034411,0.00174,0.00114,0.0,0.10654
2410,0.162131,0.091276,0.007248,0.00122,0.000154,0.0,0.16779
2411,0.024288,0.064268,0.026939,0.003119,0.019492,0.0,0.029259
2412,0.124647,0.020945,0.005701,0.001094,0.000473,0.0,0.125336
2413,0.095188,0.017386,0.007673,0.001175,0.000177,0.0,0.095864
2414,0.073406,0.099487,0.145629,0.023104,0.163318,0.0,0.082279
2415,0.064365,0.079721,0.27661,0.018147,0.002315,0.0,0.073594
2416,0.0688,0.058766,0.307465,0.021973,0.002149,0.0,0.076861
2417,0.059943,0.146969,0.378996,0.167434,0.061265,0.0,0.075866
2418,0.072984,0.052562,0.309111,0.181989,0.004627,0.0,0.080854
2419,0.070658,0.040367,0.366462,0.167805,0.00835,0.0,0.078393
2420,0.086856,0.336087,0.30636,0.155575,0.162061,0.0,0.11565
2421,0.089444,0.05113,0.314803,0.190818,0.011141,0.0,0.097176
2422,0.082472,0.056246,0.324659,0.224021,0.011927,0.0,0.09083
2423,0.107232,0.216342,0.37342,0.187449,0.010878,0.0,0.127915
2424,0.090736,0.04692,0.437651,0.1442,0.005975,0.0,0.09973
2425,0.074874,0.03419,0.32968,0.166507,0.008837,0.0,0.081615
2426,0.091057,0.069646,0.32693,0.366336,0.395598,0.0,0.10065
2427,0.080995,0.059647,0.158763,0.099654,0.008346,0.0,0.087147
2428,0.087368,0.082027,0.195407,0.067805,0.001756,0.0,0.095578
2429,0.109265,0.120943,0.229237,0.082109,0.13689,0.0,0.120698
2430,0.114101,0.039061,0.274103,0.121242,0.002849,0.0,0.120071
2431,0.136808,0.05202,0.302972,0.215012,0.002538,0.0,0.144126
2432,0.161607,0.174077,0.34422,0.18689,0.211472,0.0,0.178345
2433,0.137082,0.111942,0.255455,0.130322,0.003697,0.0,0.148065
2434,0.085817,0.070021,0.258118,0.149028,0.002429,0.0,0.094139
2435,0.155828,0.167775,0.344166,0.248064,0.051585,0.0,0.172238
2436,0.134374,0.046698,0.336066,0.277785,0.003114,0.0,0.141874
2437,0.0918,0.034668,0.274135,0.341286,0.001725,0.0,0.098
2438,0.173701,0.170774,0.242853,0.374779,0.333554,0.0,0.189062
2439,0.049155,0.109551,0.219875,0.422635,0.008816,0.0,0.06066
2440,0.092188,0.060887,0.206856,0.48508,0.002424,0.0,0.099675
2441,0.024296,0.070682,0.220209,0.440839,0.023122,0.0,0.033134
2442,0.034724,0.068908,0.221366,0.418555,0.001818,0.0,0.043327
2443,0.095765,0.072426,0.239372,0.468886,0.001597,0.0,0.104497
2444,0.08348,0.120783,0.262957,0.564655,0.10215,0.0,0.096399
2445,0.081806,0.133462,0.295586,0.55165,0.004752,0.0,0.096095
2446,0.075934,0.110649,0.350978,0.602685,0.00442,0.0,0.089411
2447,0.057578,0.171421,0.377452,0.656382,0.02431,0.0,0.076173
2448,0.078079,0.092106,0.243617,0.526767,0.002882,0.0,0.088569
2449,0.094694,0.045031,0.039627,0.185997,0.001109,0.0,0.098188
2450,0.088836,0.07028,0.141981,0.258695,0.344527,0.0,0.095792
2451,0.073182,0.048059,0.143875,0.159205,0.008421,0.0,0.078434
2452,0.085688,0.044162,0.146028,0.289842,0.00126,0.0,0.090812
2453,0.100613,0.044698,0.140048,0.161725,0.024214,0.0,0.105359
2454,0.103144,0.061048,0.152272,0.184746,0.001368,0.0,0.109293
2455,0.089196,0.069205,0.126213,0.130918,0.001128,0.0,0.09561
2456,0.310445,0.162452,0.08777,0.056344,0.089353,1.0,0.321468
2457,0.085639,0.10377,0.041753,0.017789,0.001309,0.0,0.093309
2458,0.054732,0.102077,0.036393,0.010601,0.000339,0.0,0.062425
2459,0.026048,0.106543,0.030563,0.027974,0.046911,0.0,0.034246
2460,0.128188,0.067136,0.029307,0.027139,0.000584,0.0,0.132654
2461,0.044239,0.05988,0.035814,0.031272,0.000229,0.0,0.0489
2462,0.055306,0.25787,0.045396,0.020943,0.215798,0.0,0.074745
2463,0.048608,0.136599,0.035711,0.024599,0.003365,0.0,0.058933
2464,0.081654,0.138172,0.025378,0.015007,0.000269,0.0,0.091687
2465,0.092218,0.349351,0.052084,0.100778,0.081051,0.0,0.118407
2466,0.104217,0.091805,0.032868,0.037056,0.000725,0.0,0.110767
2467,0.109389,0.09653,0.015857,0.060702,0.000196,0.0,0.116062
2468,0.118728,0.337866,0.006648,0.049301,0.145356,0.0,0.143157
2469,0.086811,0.066851,0.008321,0.01576,0.00352,0.0,0.091266
2470,0.084924,0.093127,0.025983,0.012175,0.000322,0.0,0.091583
2471,0.160013,0.265521,0.030872,0.012669,0.016631,0.0,0.178999
2472,0.154322,0.065497,0.043052,0.003624,0.000451,0.0,0.158613
2473,0.083342,0.068106,0.02354,0.002743,0.000172,0.0,0.0881
2474,0.100302,0.106395,0.278526,0.267814,0.460707,0.0,0.111735
2475,0.090108,0.062986,0.044552,0.014048,0.008797,0.0,0.094739
2476,0.076518,0.045998,0.034617,0.006956,0.000322,0.0,0.079841
2477,0.10519,0.086328,0.036935,0.021169,0.138797,0.0,0.111361
2478,0.102229,0.047172,0.043804,0.009376,0.00251,0.0,0.105573
2479,0.102938,0.045895,0.035147,0.010157,0.00012,0.0,0.106065
2480,0.095634,0.192675,0.063411,0.04098,0.147057,0.0,0.110188
2481,0.082839,0.065995,0.036507,0.00485,0.001183,0.0,0.087624
2482,0.09571,0.042715,0.040794,0.013363,0.000312,0.0,0.098738
2483,0.071255,0.063587,0.040372,0.021365,0.059249,0.0,0.076035
2484,0.13816,0.053246,0.042436,0.013939,0.00075,0.0,0.141672
2485,0.097684,0.05532,0.06057,0.008208,0.000255,0.0,0.101894
2486,0.524904,0.20992,0.069879,0.031289,0.313925,1.0,0.537553
2487,0.137952,0.04268,0.026479,0.007955,0.006308,0.0,0.140451
2488,0.040234,0.073085,0.037558,0.009407,0.0003,0.0,0.045894
2489,0.09686,0.12253,0.068048,0.010056,0.021525,0.0,0.106184
2490,0.194463,0.092024,0.065296,0.014192,0.000725,0.0,0.200743
2491,0.083602,0.074895,0.047518,0.015567,0.00054,0.0,0.089212
2492,0.103858,0.093255,0.057659,0.018345,0.158117,0.0,0.110833
2493,0.09621,0.055447,0.079253,0.017439,0.002403,0.0,0.100711
2494,0.122214,0.036158,0.100565,0.024548,0.000514,0.0,0.125383
2495,0.097146,0.167952,0.16923,0.040508,0.036359,0.0,0.111277
2496,0.094722,0.119959,0.090117,0.036468,0.000925,0.0,0.104216
2497,0.10832,0.088154,0.085638,0.042209,0.00066,0.0,0.115293
2498,0.072879,0.12043,0.212449,0.212768,0.494854,0.0,0.084574
2499,0.106788,0.0768,0.107098,0.035013,0.009252,0.0,0.113206
2500,0.11588,0.100695,0.095551,0.018577,0.000631,0.0,0.123821
2501,0.102855,0.131551,0.123454,0.037194,0.035543,0.0,0.113606
2502,0.112854,0.083668,0.109764,0.037022,0.001569,0.0,0.119777
2503,0.111489,0.043729,0.11438,0.042115,0.001469,0.0,0.115521
2504,0.375309,0.11976,0.129423,0.089416,0.12866,1.0,0.383285
2505,0.11992,0.096883,0.162681,0.103131,0.004251,0.0,0.128606
2506,0.179941,0.045401,0.192117,0.108211,0.005211,0.0,0.184747
2507,0.157645,0.048201,0.160225,0.116261,0.030039,0.0,0.162412
2508,0.07322,0.037799,0.196412,0.108987,0.008963,0.0,0.078332
2509,0.08452,0.025915,0.19476,0.166498,0.010068,0.0,0.088741
2510,0.049436,0.156203,0.231335,0.159299,0.214925,0.0,0.064117
2511,0.05114,0.15541,0.180445,0.184619,0.007508,0.0,0.065091
2512,0.07402,0.107502,0.225063,0.22263,0.007213,0.0,0.084903
2513,0.074058,0.19565,0.261199,0.491261,0.112653,0.0,0.092469
2514,0.074116,0.089364,0.246955,0.391095,0.014943,0.0,0.084241
2515,0.066084,0.100326,0.215643,0.377766,0.017755,0.0,0.076637
2516,0.103255,0.190085,0.147377,0.272514,0.211676,0.0,0.119108
2517,0.072204,0.098198,0.152551,0.13388,0.010105,0.0,0.081269
2518,0.07725,0.056536,0.226299,0.184809,0.00993,0.0,0.084265
2519,0.139845,0.219041,0.154689,0.090148,0.014975,0.0,0.157342
2520,0.084889,0.060254,0.161338,0.103642,0.003322,0.0,0.091099
2521,0.069431,0.082931,0.142927,0.106157,0.009663,0.0,0.077201
2522,0.096189,0.194588,0.349072,0.408032,0.71547,0.0,0.115437
2523,0.064696,0.072397,0.189319,0.160688,0.014034,0.0,0.072444
2524,0.067496,0.042519,0.218482,0.181256,0.001985,0.0,0.073429
2525,0.09507,0.259486,0.152041,0.152269,0.154792,0.0,0.116
2526,0.073106,0.121301,0.142549,0.135007,0.005372,0.0,0.083749
2527,0.074561,0.134472,0.189785,0.102553,0.003011,0.0,0.086757
2528,0.085739,0.39646,0.076847,0.080703,0.247847,0.0,0.115795
2529,0.086485,0.173107,0.063068,0.130685,0.006243,0.0,0.099796
2530,0.071734,0.140962,0.050491,0.15832,0.006156,0.0,0.082643
2531,0.099367,0.374058,0.069803,0.20132,0.080613,0.0,0.127757
2532,0.078758,0.133723,0.075376,0.082905,0.012686,0.0,0.08928
2533,0.0756,0.108616,0.066593,0.145492,0.010605,0.0,0.084268
2534,0.278675,0.384884,0.088755,0.112332,0.475895,1.0,0.306631
2535,0.069604,0.135516,0.065756,0.089824,0.015674,0.0,0.080211
2536,0.052926,0.09877,0.067377,0.117608,0.006997,0.0,0.060995
2537,0.065534,0.13035,0.067006,0.129725,0.041776,0.0,0.075877
2538,0.045679,0.127843,0.055915,0.14733,0.007658,0.0,0.055864
2539,0.100662,0.101123,0.059596,0.164577,0.009103,0.0,0.10852
2540,0.096066,0.146604,0.071603,0.117788,0.167517,0.0,0.107435
2541,0.105939,0.113671,0.058397,0.087667,0.009446,0.0,0.11454
2542,0.118839,0.108297,0.058903,0.127429,0.008357,0.0,0.127018
2543,0.095562,0.350855,0.111578,0.139281,0.033606,0.0,0.122709
2544,0.1257,0.217868,0.067054,0.123145,0.013131,0.0,0.142085
2545,0.114665,0.158809,0.03723,0.161593,0.011949,0.0,0.126401
2546,0.095831,0.119244,0.280108,0.605839,0.614917,0.0,0.108877
2547,0.127915,0.06606,0.082666,0.14233,0.021181,0.0,0.133231
2548,0.123632,0.087177,0.0605,0.118005,0.009577,0.0,0.130207
2549,0.124241,0.106652,0.055334,0.141875,0.055364,0.0,0.132236
2550,0.113919,0.135863,0.058219,0.149139,0.0051,0.0,0.124215
2551,0.120955,0.122018,0.057344,0.150708,0.009843,0.0,0.130158
2552,0.40412,0.626533,0.076766,0.036076,0.092061,1.0,0.448786
2553,0.067607,0.197264,0.07024,0.022071,0.003625,0.0,0.082767
2554,0.050669,0.154397,0.066194,0.019757,0.001128,0.0,0.062708
2555,0.093552,0.216548,0.046462,0.019604,0.043402,0.0,0.109625
2556,0.050581,0.121146,0.058875,0.009675,0.000845,0.0,0.060029
2557,0.103072,0.095111,0.091191,0.012158,0.000662,0.0,0.110625
2558,0.10264,0.189668,0.081113,0.025827,0.28972,0.0,0.117139
2559,0.078869,0.117482,0.061214,0.013514,0.004244,0.0,0.087867
2560,0.090877,0.112456,0.068983,0.01053,0.000513,0.0,0.099509
2561,0.080178,0.220902,0.056295,0.124364,0.074791,0.0,0.096996
2562,0.067322,0.08733,0.052005,0.021777,0.001385,0.0,0.074053
2563,0.085968,0.122816,0.054902,0.010271,0.000503,0.0,0.095217
2564,0.145489,0.624307,0.063238,0.018651,0.13377,1.0,0.191748
2565,0.047881,0.11176,0.045474,0.02516,0.00495,0.0,0.056496
2566,0.099648,0.061908,0.03919,0.018157,0.000782,0.0,0.10406
2567,0.12421,0.40589,0.041945,0.019836,0.024295,0.0,0.154081
2568,0.141594,0.098863,0.045765,0.010497,0.001827,0.0,0.148513
2569,0.098569,0.076594,0.046311,0.013036,0.002545,0.0,0.10417
2570,0.087956,0.207226,0.205921,0.34832,0.451016,0.0,0.106143
2571,0.092265,0.127909,0.030671,0.031677,0.007181,0.0,0.101555
2572,0.080762,0.080295,0.070437,0.010731,0.000641,0.0,0.087098
2573,0.080944,0.096762,0.05921,0.029158,0.17489,0.0,0.088395
2574,0.084017,0.142034,0.062815,0.011838,0.002495,0.0,0.094822
2575,0.100047,0.091951,0.088844,0.020785,0.000299,0.0,0.107372
2576,0.119863,0.239886,0.113617,0.058345,0.137084,0.0,0.138458
2577,0.096418,0.250848,0.075751,0.023586,0.003152,0.0,0.115424
2578,0.121523,0.130908,0.089723,0.030728,0.000687,0.0,0.131613
2579,0.159473,0.107137,0.093251,0.04856,0.063906,0.0,0.167587
2580,0.114173,0.045053,0.13327,0.05432,0.001571,0.0,0.118561
2581,0.063081,0.036366,0.12837,0.065671,0.000966,0.0,0.067165
2582,0.345217,0.338839,0.279266,0.135088,0.397617,1.0,0.371859
2583,0.07505,0.214229,0.165744,0.108349,0.010164,0.0,0.092863
2584,0.207271,0.143381,0.189164,0.10455,0.004062,0.0,0.219115
2585,0.157771,0.165731,0.172719,0.135241,0.029273,0.0,0.171487
2586,0.244149,0.077808,0.115773,0.12656,0.004588,0.0,0.249874
2587,0.107199,0.077559,0.160336,0.085746,0.016206,0.0,0.114482
2588,0.119741,0.156444,0.254421,0.09421,0.120714,0.0,0.134099
2589,0.094576,0.113554,0.277318,0.158033,0.007189,0.0,0.106349
2590,0.084707,0.071688,0.331669,0.167164,0.017523,0.0,0.094193
2591,0.105813,0.391132,0.526871,0.21863,0.04924,0.0,0.141655
2592,0.110481,0.270453,0.274921,0.287922,0.010858,0.0,0.134006
2593,0.100386,0.108052,0.391907,0.290157,0.015608,0.0,0.113492
2594,0.084945,0.156262,0.444859,0.587516,0.548595,0.0,0.10303
2595,0.085996,0.111512,0.257132,0.219921,0.021997,0.0,0.097518
2596,0.115729,0.116612,0.244332,0.238838,0.0064,0.0,0.127262
2597,0.118888,0.258907,0.343964,0.121094,0.029351,0.0,0.142135
2598,0.110913,0.164282,0.34506,0.240721,0.005458,0.0,0.127401
2599,0.092872,0.117796,0.230565,0.276554,0.009482,0.0,0.104547
2600,0.309478,0.158564,0.124648,0.241208,0.132412,1.0,0.321045
2601,0.041571,0.13014,0.101831,0.232454,0.007927,0.0,0.052731
2602,0.180384,0.137711,0.199025,0.269296,0.008571,0.0,0.192434
2603,0.13998,0.13376,0.262013,0.236192,0.034476,0.0,0.152842
2604,0.163929,0.146122,0.256845,0.362804,0.005265,0.0,0.177678
2605,0.108409,0.126707,0.239282,0.397773,0.007821,0.0,0.120959
2606,0.118856,0.178951,0.196819,0.201714,0.175411,0.0,0.134306
2607,0.104311,0.08529,0.117189,0.091143,0.004096,0.0,0.111615
2608,0.096662,0.118537,0.093547,0.06243,0.001805,0.0,0.106128
2609,0.085348,0.252459,0.151138,0.109249,0.061246,0.0,0.105735
2610,0.100551,0.113545,0.111193,0.056013,0.002008,0.0,0.109843
2611,0.096214,0.113442,0.05907,0.064633,0.001258,0.0,0.104839
2612,0.136163,0.412296,0.105514,0.032198,0.164271,0.0,0.167313
2613,0.095362,0.100154,0.109983,0.021605,0.006439,0.0,0.103622
2614,0.060869,0.073525,0.083956,0.029465,0.002184,0.0,0.067069
2615,0.071055,0.347496,0.090876,0.05252,0.019397,0.0,0.097705
2616,0.140921,0.070606,0.081403,0.070298,0.002961,0.0,0.146331
2617,0.071696,0.053889,0.08581,0.046873,0.002949,0.0,0.076408
2618,0.056301,0.141597,0.419892,0.383468,0.56866,0.0,0.072817
2619,0.065631,0.09963,0.1855,0.040542,0.009239,0.0,0.075135
2620,0.073816,0.109086,0.193414,0.042512,0.002362,0.0,0.084073
2621,0.103939,0.308389,0.265289,0.071721,0.184753,0.0,0.129839
2622,0.084274,0.235807,0.260106,0.035768,0.003489,0.0,0.104777
2623,0.077322,0.114254,0.283777,0.024356,0.001119,0.0,0.089131
2624,0.066289,0.069905,0.36183,0.06658,0.2475,0.0,0.07603
2625,0.06369,0.030868,0.295947,0.029731,0.003194,0.0,0.069571
2626,0.063546,0.058197,0.260109,0.033072,0.001906,0.0,0.070982
2627,0.094003,0.235488,0.244224,0.08964,0.070941,0.0,0.114291
2628,0.116951,0.053618,0.232526,0.074141,0.003802,0.0,0.123337
2629,0.063234,0.044325,0.2824,0.071427,0.001848,0.0,0.070009
2630,0.201061,0.482853,0.239793,0.070897,0.338191,1.0,0.238868
2631,0.177279,0.13647,0.107184,0.013713,0.004237,0.0,0.187565
2632,0.127954,0.090685,0.077078,0.020197,0.000837,0.0,0.13481
2633,0.092268,0.146589,0.123966,0.029465,0.024093,0.0,0.104212
2634,0.089152,0.114517,0.138034,0.022385,0.001377,0.0,0.098909
2635,0.252616,0.068969,0.076861,0.015623,0.001112,1.0,0.256896
2636,0.144162,0.082158,0.066745,0.017018,0.199712,0.0,0.150127
2637,0.148832,0.078923,0.06877,0.012074,0.001931,0.0,0.154527
2638,0.154964,0.058324,0.070992,0.017642,0.00044,0.0,0.159119
2639,0.163247,0.199482,0.096351,0.019465,0.028906,0.0,0.178195
2640,0.142417,0.139755,0.035387,0.010012,0.000491,0.0,0.152233
2641,0.17382,0.134457,0.023702,0.009219,0.000332,0.0,0.182842
2642,0.124479,0.117781,0.290199,0.497394,0.412083,0.0,0.137133
2643,0.122025,0.061002,0.046614,0.023666,0.008399,0.0,0.126311
2644,0.128272,0.038726,0.023315,0.007582,0.000644,0.0,0.130507
2645,0.155908,0.136618,0.041043,0.008542,0.033141,0.0,0.165463
2646,0.157704,0.066441,0.022821,0.006261,0.000705,0.0,0.161769
2647,0.155426,0.079288,0.028785,0.005013,0.000241,0.0,0.160543
2648,0.158105,0.259914,0.091552,0.022497,0.088817,0.0,0.177533
2649,0.081485,0.089862,0.023588,0.003191,0.001313,0.0,0.087879
2650,0.025112,0.046207,0.03202,0.003177,0.000409,0.0,0.0288
2651,0.041082,0.060327,0.036917,0.005834,0.038157,0.0,0.045773
2652,0.165915,0.040032,0.033556,0.004401,0.000583,0.0,0.168095
2653,0.048956,0.060854,0.016125,0.004635,0.000354,0.0,0.05334
2654,0.08697,0.224814,0.048406,0.011111,0.131629,0.0,0.103726
2655,0.110949,0.156167,0.013788,0.004125,0.001603,0.0,0.121922
2656,0.134086,0.137654,0.019715,0.003133,0.000334,0.0,0.143584
2657,0.133925,0.302063,0.051136,0.109375,0.104284,0.0,0.15628
2658,0.111486,0.058362,0.020525,0.007928,0.00089,0.0,0.115274
2659,0.125286,0.055726,0.016097,0.003788,0.000356,0.0,0.128705
2660,0.143814,0.599644,0.024934,0.009378,0.123179,0.0,0.187713
2661,0.060396,0.081778,0.014156,0.002931,0.004709,0.0,0.06622
2662,0.114563,0.073869,0.01892,0.002522,0.000982,0.0,0.11945
2663,0.162549,0.224619,0.02185,0.00594,0.013099,0.0,0.178337
2664,0.214962,0.098859,0.016216,0.003333,0.00059,0.0,0.220909
2665,0.133094,0.06509,0.011091,0.003078,0.000244,0.0,0.137081
2666,0.107647,0.124127,0.297908,0.275618,0.504145,0.0,0.120623
2667,0.100083,0.11056,0.024957,0.011465,0.007111,0.0,0.107909
2668,0.109319,0.087116,0.022499,0.003021,0.000354,0.0,0.115281
2669,0.149103,0.125683,0.021633,0.017047,0.165812,0.0,0.157656
2670,0.158137,0.071252,0.011856,0.003226,0.002077,0.0,0.162402
2671,0.157352,0.093109,0.012155,0.005406,0.00022,0.0,0.163258
2672,0.146774,0.215586,0.070802,0.057849,0.27301,0.0,0.162782
2673,0.113256,0.147444,0.032736,0.005997,0.002583,0.0,0.123823
2674,0.120362,0.098254,0.019593,0.003346,0.000328,0.0,0.12703
2675,0.058425,0.180715,0.017601,0.016452,0.074801,0.0,0.071703
2676,0.132179,0.166472,0.014854,0.002665,0.000902,0.0,0.14377
2677,0.141666,0.119658,0.014189,0.001731,0.000183,0.0,0.149689
2678,0.455057,0.486325,0.078326,0.045938,0.357767,1.0,0.488954
2679,0.06839,0.163204,0.020261,0.002807,0.004288,0.0,0.080296
2680,0.074043,0.112728,0.012647,0.001914,0.000315,0.0,0.082045
2681,0.171874,0.228467,0.013936,0.003447,0.025654,0.0,0.187766
2682,0.132295,0.127198,0.009311,0.002457,0.000467,0.0,0.140886
2683,0.092865,0.089934,0.010342,0.003749,0.000156,0.0,0.098999
2684,0.123856,0.072848,0.017124,0.006388,0.106996,0.0,0.128585
2685,0.100585,0.070166,0.012348,0.002262,0.001962,0.0,0.105213
2686,0.105493,0.07077,0.008601,0.002047,0.00023,0.0,0.110078
2687,0.10004,0.211046,0.08121,0.028075,0.045432,0.0,0.116141
2688,0.095197,0.150146,0.019973,0.003154,0.000656,0.0,0.105924
2689,0.123327,0.106379,0.01499,0.002445,0.000146,0.0,0.130513
2690,0.095427,0.194053,0.277374,0.420752,0.514858,0.0,0.113678
2691,0.10424,0.066568,0.023623,0.019257,0.010768,0.0,0.108756
2692,0.103418,0.046124,0.021328,0.003739,0.000351,0.0,0.10636
2693,0.122542,0.11195,0.024034,0.004412,0.02747,0.0,0.130277
2694,0.12514,0.068613,0.013644,0.001978,0.000618,0.0,0.129482
2695,0.122188,0.034929,0.006365,0.001638,0.000206,0.0,0.123947
2696,0.133977,0.400319,0.067917,0.024117,0.130983,0.0,0.163725
2697,0.038548,0.114307,0.017404,0.001923,0.00146,0.0,0.047002
2698,0.200265,0.090104,0.011697,0.001621,0.000324,0.0,0.205608
2699,0.191699,0.208167,0.01383,0.005468,0.032098,0.0,0.205933
2700,0.043511,0.12164,0.008582,0.001064,0.000433,0.0,0.052351
2701,0.120935,0.090738,0.009287,0.001525,7.8e-05,0.0,0.126897
2702,0.12234,0.269526,0.085357,0.016483,0.174725,0.0,0.142668
2703,0.090432,0.185489,0.096709,0.01053,0.003116,0.0,0.10488
2704,0.094473,0.16413,0.127196,0.020893,0.000754,0.0,0.107733
2705,0.086056,0.163339,0.194267,0.097736,0.066254,0.0,0.10037
2706,0.108749,0.18495,0.164788,0.019909,0.001841,0.0,0.123958
2707,0.114507,0.17439,0.190412,0.030691,0.003249,0.0,0.129253
2708,0.177483,0.63591,0.154116,0.058476,0.145852,0.0,0.225665
2709,0.161894,0.186087,0.131211,0.052857,0.00617,0.0,0.176386
2710,0.122485,0.213042,0.163979,0.04965,0.003427,0.0,0.139721
2711,0.166083,0.260014,0.152118,0.063387,0.016982,0.0,0.186348
2712,0.11436,0.17804,0.1756,0.056749,0.004475,0.0,0.129224
2713,0.137071,0.183172,0.166236,0.046659,0.006196,0.0,0.151998
2714,0.095662,0.198449,0.35053,0.311349,0.685798,0.0,0.11505
2715,0.099526,0.112857,0.143776,0.015258,0.013072,0.0,0.109147
2716,0.109332,0.120418,0.170807,0.011546,0.000893,0.0,0.1198
2717,0.101488,0.167752,0.179313,0.028182,0.186194,0.0,0.115696
2718,0.098773,0.188001,0.204468,0.006686,0.003781,0.0,0.1148
2719,0.095348,0.159342,0.226739,0.007745,0.001374,0.0,0.109572
2720,0.097223,0.124767,0.207544,0.028879,0.217867,0.0,0.10865
2721,0.089741,0.108399,0.173404,0.009312,0.003442,0.0,0.099496
2722,0.103793,0.13846,0.191279,0.008575,0.001772,0.0,0.115919
2723,0.109457,0.253887,0.260019,0.054281,0.087886,0.0,0.13115
2724,0.102661,0.194187,0.251519,0.028859,0.003563,0.0,0.119797
2725,0.027108,0.194017,0.290437,0.016412,0.002248,0.0,0.045313
2726,0.236252,0.264865,0.131923,0.056558,0.452602,1.0,0.256084
2727,0.152268,0.116423,0.067831,0.040982,0.013025,0.0,0.160767
2728,0.084799,0.136441,0.094772,0.035047,0.002488,0.0,0.095656
2729,0.098016,0.129921,0.140322,0.077214,0.048771,0.0,0.108982
2730,0.127262,0.162131,0.111908,0.036379,0.003252,0.0,0.139943
2731,0.057929,0.152949,0.080524,0.045659,0.00206,0.0,0.070045
2732,0.060436,0.117957,0.078199,0.050411,0.175086,0.0,0.069916
2733,0.093775,0.145837,0.072227,0.028839,0.002811,0.0,0.104946
2734,0.116645,0.163803,0.067841,0.011348,0.000944,0.0,0.12889
2735,0.13095,0.189921,0.120573,0.039048,0.038737,0.0,0.145795
2736,0.121761,0.163607,0.085365,0.014871,0.000893,0.0,0.134196
2737,0.101831,0.132337,0.048009,0.009371,0.000903,0.0,0.111574
2738,0.078935,0.150245,0.458564,0.496528,0.424012,0.0,0.096636
2739,0.108206,0.159423,0.070143,0.018742,0.007182,0.0,0.120234
2740,0.083955,0.120821,0.082895,0.011188,0.000625,0.0,0.093454
2741,0.095766,0.162469,0.110881,0.013375,0.014097,0.0,0.108659
2742,0.091362,0.101774,0.057544,0.012023,0.000539,0.0,0.099043
2743,0.090517,0.134416,0.06399,0.006214,9.8e-05,0.0,0.100711
2744,0.195639,0.331496,0.144208,0.019976,0.128913,1.0,0.220823
2745,0.272841,0.154174,0.03219,0.005495,0.001946,0.0,0.282685
2746,0.060028,0.141495,0.045841,0.00331,0.000304,0.0,0.07073
2747,0.157954,0.131263,0.046202,0.006737,0.039558,0.0,0.167162
2748,0.195549,0.064373,0.039149,0.004005,0.000467,0.0,0.199389
2749,0.048652,0.07068,0.046311,0.003336,0.000154,0.0,0.054177
2750,0.110282,0.188796,0.056382,0.021492,0.189618,0.0,0.124309
2751,0.104259,0.129829,0.039003,0.005066,0.002947,0.0,0.113666
2752,0.112733,0.076629,0.046929,0.003554,0.000268,0.0,0.118221
2753,0.122037,0.212485,0.112335,0.138409,0.084677,0.0,0.138695
2754,0.115085,0.090734,0.088548,0.012465,0.000844,0.0,0.122186
2755,0.114293,0.081072,0.067529,0.00335,0.000198,0.0,0.120379
2756,0.119208,0.478389,0.072264,0.012184,0.179941,0.0,0.15492
2757,0.047985,0.053155,0.068769,0.002704,0.005831,0.0,0.052515
2758,0.098308,0.050009,0.056599,0.003645,0.000264,0.0,0.102056
2759,0.086769,0.521925,0.069558,0.012433,0.020546,0.0,0.125923
2760,0.110889,0.116501,0.08693,0.004058,0.000648,0.0,0.119903
2761,0.100704,0.085388,0.088724,0.005931,0.000246,0.0,0.107507
2762,0.088206,0.073509,0.390283,0.34115,0.651852,0.0,0.09894
2763,0.101092,0.046399,0.068629,0.025888,0.011848,0.0,0.104753
2764,0.089379,0.041377,0.062853,0.003956,0.000521,0.0,0.092638
2765,0.090699,0.067805,0.069994,0.03353,0.195635,0.0,0.096076
2766,0.08949,0.037864,0.094161,0.007409,0.003617,0.0,0.092917
2767,0.09472,0.027431,0.09742,0.007001,0.000324,0.0,0.097375
2768,0.082737,0.335002,0.101426,0.071009,0.260493,0.0,0.108558
2769,0.06503,0.074232,0.09605,0.005836,0.00139,0.0,0.071373
2770,0.077668,0.061213,0.115861,0.004483,0.00031,0.0,0.083212
2771,0.061649,0.072407,0.070754,0.035686,0.054103,0.0,0.067595
2772,0.085117,0.068749,0.105484,0.007861,0.000955,0.0,0.091031
2773,0.111741,0.050921,0.085507,0.006702,0.000362,0.0,0.115853
2774,0.263491,0.490326,0.133859,0.050116,0.475628,1.0,0.299914
2775,0.076652,0.18939,0.073829,0.00555,0.007728,0.0,0.091177
2776,0.245239,0.098997,0.09953,0.004147,0.000404,1.0,0.252098
2777,0.057399,0.066379,0.096023,0.011344,0.027535,0.0,0.063228
2778,0.225885,0.060151,0.063284,0.006158,0.000659,0.0,0.229512
2779,0.078366,0.104178,0.075865,0.005262,0.000184,0.0,0.086562
2780,0.098682,0.135982,0.127083,0.012812,0.136921,0.0,0.109807
2781,0.076029,0.103033,0.155639,0.007679,0.00185,0.0,0.085245
2782,0.081824,0.084284,0.187238,0.011318,0.000212,0.0,0.090035
2783,0.085922,0.288364,0.353465,0.069998,0.04488,0.0,0.111653
2784,0.060822,0.178245,0.235036,0.009361,0.000751,0.0,0.076832
2785,0.068617,0.060764,0.173263,0.012851,0.000353,0.0,0.07499
2786,0.073028,0.184765,0.50165,0.240072,0.372202,0.0,0.093475
2787,0.075444,0.103329,0.214243,0.039752,0.006448,0.0,0.085538
2788,0.091471,0.074319,0.265919,0.020387,0.000558,0.0,0.09995
2789,0.095548,0.137001,0.226193,0.021009,0.028494,0.0,0.108125
2790,0.103238,0.121768,0.240569,0.034387,0.001038,0.0,0.11484
2791,0.103859,0.081371,0.363828,0.068316,0.000965,0.0,0.114181
2792,0.24506,0.09801,0.28152,0.105544,0.12956,1.0,0.254502
2793,0.032682,0.048018,0.19645,0.086545,0.004127,0.0,0.038825
2794,0.189169,0.054232,0.229831,0.105455,0.006283,0.0,0.195069
2795,0.020602,0.051233,0.280818,0.127024,0.040252,0.0,0.028294
2796,0.102,0.065628,0.220937,0.107354,0.036789,0.0,0.109297
2797,0.143012,0.082254,0.276254,0.123456,0.029242,0.0,0.152012
2798,0.07977,0.158304,0.202014,0.139539,0.348898,0.0,0.093953
2799,0.104845,0.178488,0.192089,0.120862,0.025171,0.0,0.120152
2800,0.095628,0.111823,0.190196,0.169975,0.013521,0.0,0.106102
2801,0.095424,0.177058,0.297715,0.206536,0.109726,0.0,0.112285
2802,0.095988,0.079016,0.250141,0.136198,0.028067,0.0,0.104773
2803,0.09749,0.062016,0.186995,0.140514,0.037882,0.0,0.10415
2804,0.127576,0.481695,0.214469,0.122208,0.267246,0.0,0.165598
2805,0.125183,0.033204,0.22187,0.150856,0.047505,0.0,0.12998
2806,0.101635,0.037687,0.223898,0.15358,0.03684,0.0,0.106976
2807,0.129582,0.22321,0.22536,0.172146,0.027924,0.0,0.14857
2808,0.140403,0.069442,0.218916,0.139714,0.021581,0.0,0.147719
2809,0.113885,0.030485,0.181299,0.112055,0.038863,0.0,0.117946
2810,0.106165,0.083752,0.351555,0.310863,0.853363,0.0,0.116959
2811,0.086776,0.048681,0.214443,0.071462,0.021989,0.0,0.092775
2812,0.102819,0.072947,0.22218,0.055231,0.003292,0.0,0.110577
2813,0.089597,0.129433,0.276942,0.114738,0.178119,0.0,0.102518
2814,0.098802,0.079963,0.211626,0.238587,0.011517,0.0,0.107292
2815,0.095047,0.08716,0.163358,0.270307,0.011262,0.0,0.103502
2816,0.100221,0.157911,0.252638,0.285256,0.270935,0.0,0.115156
2817,0.09112,0.040298,0.215785,0.233044,0.014639,0.0,0.096763
2818,0.097599,0.060095,0.195561,0.217686,0.008502,0.0,0.104364
2819,0.138576,0.171492,0.217673,0.30784,0.069812,0.0,0.153783
2820,0.121628,0.10845,0.160731,0.198492,0.005813,0.0,0.131303
2821,0.063708,0.1167,0.06113,0.045685,0.002504,0.0,0.072819
2822,0.290529,0.22588,0.181577,0.0803,0.527407,1.0,0.307766
2823,0.055503,0.103412,0.207989,0.035074,0.011282,0.0,0.065662
2824,0.205664,0.109764,0.218558,0.045354,0.002893,0.0,0.215314
2825,0.06939,0.176005,0.230428,0.049868,0.023857,0.0,0.085178
2826,0.032886,0.131545,0.214252,0.06023,0.002097,0.0,0.045439
2827,0.116267,0.117801,0.14348,0.088527,0.001298,0.0,0.126252
2828,0.107012,0.148219,0.146883,0.066045,0.123094,0.0,0.119345
2829,0.090027,0.055065,0.114332,0.017654,0.003461,0.0,0.095023
2830,0.095522,0.081496,0.083199,0.015226,0.000637,0.0,0.102017
2831,0.109581,0.231326,0.158336,0.077541,0.053019,0.0,0.128252
2832,0.09643,0.117373,0.121917,0.025962,0.001177,0.0,0.106132
2833,0.113432,0.063945,0.098538,0.008153,0.000358,0.0,0.118679
2834,0.11338,0.110726,0.28886,0.258813,0.481466,0.0,0.125162
2835,0.082683,0.055951,0.054349,0.030576,0.011638,0.0,0.08701
2836,0.116106,0.074498,0.056329,0.017696,0.000598,0.0,0.121563
2837,0.151185,0.088932,0.0644,0.01776,0.058668,0.0,0.157562
2838,0.131886,0.082798,0.071969,0.013264,0.000957,0.0,0.138044
2839,0.103307,0.047074,0.060253,0.01365,0.000304,0.0,0.106866
2840,0.134319,0.306579,0.137999,0.052321,0.222474,0.0,0.158093
2841,0.098186,0.105404,0.079865,0.013614,0.002335,0.0,0.106392
2842,0.142053,0.094837,0.067273,0.011994,0.000475,0.0,0.148964
2843,0.057221,0.190007,0.075724,0.022125,0.076427,0.0,0.071999
2844,0.1484,0.109114,0.078962,0.014215,0.001045,0.0,0.156487
2845,0.103631,0.08397,0.073026,0.007919,0.000441,0.0,0.110097
2846,0.110894,0.288152,0.165328,0.044274,0.405253,0.0,0.133843
2847,0.081954,0.144755,0.090977,0.021853,0.006054,0.0,0.093377
2848,0.100391,0.144602,0.081466,0.014539,0.000518,0.0,0.111521
2849,0.100085,0.290086,0.181127,0.14253,0.083068,0.0,0.123627
2850,0.088097,0.124759,0.121674,0.043544,0.001983,0.0,0.09844
2851,0.081856,0.063815,0.10025,0.035444,0.000483,0.0,0.087405
2852,0.159973,0.682704,0.063851,0.076292,0.325607,0.0,0.21059
2853,0.098932,0.07908,0.11887,0.059783,0.00772,0.0,0.105783
2854,0.109429,0.045844,0.099208,0.061405,0.000694,0.0,0.113462
2855,0.102268,0.475425,0.118285,0.04435,0.016288,0.0,0.138559
2856,0.044346,0.062516,0.116751,0.096284,0.001385,0.0,0.050414
2857,0.089148,0.051415,0.15757,0.071997,0.00175,0.0,0.094561
2858,0.075619,0.063086,0.478946,0.518821,0.636897,0.0,0.087187
2859,0.108186,0.084751,0.249274,0.267757,0.020348,0.0,0.117523
2860,0.112479,0.044812,0.191155,0.3321,0.007036,0.0,0.118135
2861,0.111077,0.137001,0.160568,0.181867,0.246534,0.0,0.122942
2862,0.110959,0.048356,0.203027,0.131281,0.010185,0.0,0.1167
2863,0.110908,0.058355,0.095642,0.052074,0.001588,0.0,0.115796
2864,0.133917,0.28597,0.093266,0.131179,0.311643,0.0,0.155697
2865,0.114223,0.093179,0.093001,0.08047,0.007672,0.0,0.121692
2866,0.096416,0.113678,0.117427,0.051935,0.001445,0.0,0.105828
2867,0.211719,0.30618,0.149823,0.080433,0.081233,1.0,0.235075
2868,0.101594,0.050144,0.128373,0.056731,0.003666,0.0,0.106394
2869,0.108996,0.051027,0.14709,0.048866,0.003392,0.0,0.114046
2870,0.238316,0.376413,0.113723,0.201787,0.432961,1.0,0.266442
2871,0.099847,0.108949,0.067887,0.177037,0.017309,0.0,0.108428
2872,0.034686,0.111265,0.046405,0.219782,0.017777,0.0,0.04372
2873,0.094314,0.12223,0.085803,0.2129,0.034581,0.0,0.104233
2874,0.136241,0.068082,0.126279,0.211204,0.015454,0.0,0.142356
2875,0.071791,0.056685,0.075399,0.183333,0.018603,0.0,0.076809
2876,0.092404,0.069445,0.081004,0.264033,0.152552,0.0,0.09844
2877,0.087009,0.063663,0.03174,0.467338,0.021795,0.0,0.092336
2878,0.125823,0.040913,0.045231,0.552293,0.050524,0.0,0.129495
2879,0.094866,0.062713,0.052192,0.535815,0.076029,0.0,0.100463
2880,0.099863,0.063113,0.040986,0.638476,0.023687,0.0,0.105477
2881,0.109287,0.043645,0.096577,0.554482,0.036382,0.0,0.113988
2882,0.084133,0.134342,0.42068,0.651292,0.492799,0.0,0.100372
2883,0.091861,0.02166,0.101736,0.198111,0.059324,0.0,0.094505
2884,0.098216,0.024201,0.252134,0.263227,0.01627,0.0,0.103154
2885,0.09803,0.050373,0.188999,0.42597,0.055766,0.0,0.104347
2886,0.077546,0.034535,0.1405,0.711409,0.017206,0.0,0.082681
2887,0.084404,0.02052,0.22736,0.445428,0.027776,0.0,0.089157
2888,0.472373,0.226838,0.134082,0.406212,0.16651,1.0,0.488201
2889,0.030869,0.032103,0.112338,0.416111,0.02281,0.0,0.035278
2890,0.074698,0.033673,0.143439,0.387423,0.017104,0.0,0.079262
2891,0.109861,0.046044,0.078907,0.390967,0.0796,0.0,0.114212
2892,0.04983,0.030382,0.085029,0.399018,0.02118,0.0,0.053567
2893,0.073863,0.020939,0.130308,0.256069,0.043349,0.0,0.077079
2894,0.045596,0.100506,0.084388,0.340965,0.173174,0.0,0.054483
2895,0.059476,0.071241,0.063842,0.372207,0.02918,0.0,0.065846
2896,0.080562,0.032421,0.098064,0.321056,0.044048,0.0,0.084258
2897,0.082341,0.134164,0.172069,0.417804,0.167912,0.0,0.094778
2898,0.090434,0.066879,0.087762,0.26623,0.025646,0.0,0.096383
2899,0.103042,0.083766,0.098688,0.29833,0.048167,0.0,0.110357
2900,0.111973,0.665509,0.108205,0.331722,0.203972,1.0,0.162717
2901,0.088033,0.065905,0.098488,0.298739,0.021224,0.0,0.09413
2902,0.101964,0.04823,0.121924,0.21712,0.029162,0.0,0.106814
2903,0.091045,0.487428,0.109498,0.20663,0.066794,0.0,0.128484
2904,0.13762,0.016213,0.122185,0.19465,0.042053,0.0,0.139781
2905,0.101442,0.045892,0.147153,0.273245,0.053062,0.0,0.106565
2906,0.109777,0.0459,0.464166,0.87396,0.679388,0.0,0.12023
2907,0.08184,0.081756,0.160773,0.385517,0.074198,0.0,0.090164
2908,0.102295,0.055005,0.095187,0.189406,0.0543,0.0,0.107237
2909,0.087064,0.077764,0.149576,0.169619,0.179235,0.0,0.094527
2910,0.081537,0.058181,0.166883,0.146822,0.026943,0.0,0.08777
2911,0.107902,0.077867,0.075478,0.131932,0.010643,0.0,0.114132
2912,0.096215,0.217552,0.17221,0.260687,0.267944,0.0,0.114485
2913,0.142836,0.11975,0.153403,0.126863,0.016791,0.0,0.152966
2914,0.14274,0.135779,0.138511,0.097282,0.009578,0.0,0.15381
2915,0.116397,0.231945,0.133932,0.157044,0.127907,0.0,0.134875
2916,0.042609,0.146971,0.144664,0.123472,0.040906,0.0,0.055406
2917,0.105586,0.071819,0.105241,0.13581,0.046617,0.0,0.111796
2918,0.142074,0.355455,0.255204,0.261602,0.299,0.0,0.171389
2919,0.05061,0.129443,0.187938,0.19553,0.031686,0.0,0.062754
2920,0.077648,0.062979,0.167359,0.158223,0.029662,0.0,0.084294
2921,0.023231,0.107538,0.202777,0.171573,0.04729,0.0,0.034114
2922,0.041732,0.089697,0.200482,0.171516,0.017753,0.0,0.051112
2923,0.008438,0.049247,0.239274,0.142232,0.018607,0.0,0.015536
2924,0.034594,0.20467,0.193572,0.081258,0.16111,0.0,0.052344
2925,0.035632,0.193891,0.189809,0.061532,0.014552,0.0,0.052477
2926,0.021059,0.112722,0.166014,0.063681,0.010723,0.0,0.031654
2927,0.051709,0.380696,0.12846,0.05938,0.036891,0.0,0.081501
2928,0.033469,0.191974,0.046825,0.028904,0.003699,0.0,0.048189
2929,0.023381,0.137961,0.029251,0.026566,0.002674,0.0,0.033915
2930,0.00528,0.19504,0.389897,0.4166,0.596111,0.0,0.025815
2931,0.006804,0.055728,0.022103,0.029379,0.01407,0.0,0.011252
2932,0.005735,0.048323,0.008103,0.015802,0.00318,0.0,0.009426
2933,0.034417,0.250305,0.028068,0.020804,0.018847,0.0,0.053203
2934,0.031669,0.174896,0.012412,0.016022,0.001898,0.0,0.044642
2935,0.020321,0.104454,0.012369,0.015915,0.001141,0.0,0.028136
2936,0.417934,1.0,0.097178,0.049459,0.162706,1.0,0.490597
2937,0.097342,0.144103,0.017894,0.007391,0.003743,0.0,0.107583
2938,0.090844,0.064923,0.01025,0.007634,0.001216,0.0,0.095137
2939,0.052573,0.2773,0.009831,0.018167,0.043469,0.0,0.07298
2940,0.043332,0.165268,0.005371,0.010021,0.001412,0.0,0.055394
2941,0.01247,0.038784,0.00302,0.007436,0.000531,0.0,0.015316
2942,0.032495,0.368621,0.058123,0.033598,0.203552,0.0,0.060544
2943,0.030414,0.184762,0.004848,0.006805,0.004384,0.0,0.044012
2944,0.020407,0.108317,0.003378,0.004618,0.000585,0.0,0.028367
2945,0.034921,0.227219,0.166063,0.184666,0.133309,0.0,0.054153
2946,0.029665,0.157522,0.019926,0.008178,0.002293,0.0,0.041449
2947,0.020061,0.105537,0.006869,0.00341,0.000613,0.0,0.027863
2948,0.103753,0.954021,0.100947,0.020155,0.227361,1.0,0.17539
2949,0.014204,0.060886,0.020359,0.004267,0.003918,0.0,0.018911
2950,0.005352,0.034035,0.006366,0.002144,0.000546,0.0,0.007934
2951,0.052279,0.416758,0.094664,0.037042,0.061732,0.0,0.084253
2952,0.039442,0.190681,0.008731,0.004413,0.00116,0.0,0.05346
2953,0.030231,0.151719,0.002841,0.00456,0.000461,0.0,0.04134
2954,0.015448,0.352673,0.301493,0.539687,0.472085,0.0,0.046646
2955,0.011177,0.228692,0.012781,0.034233,0.016318,0.0,0.028348
2956,0.006033,0.066922,0.002988,0.00669,0.000801,0.0,0.011021
2957,0.016101,0.147882,0.056031,0.033927,0.217964,0.0,0.027819
2958,0.010529,0.083456,0.010111,0.003573,0.005032,0.0,0.016804
2959,0.008535,0.050162,0.003436,0.001618,0.00038,0.0,0.012253
2960,0.040624,0.323475,0.129459,0.084075,0.352439,1.0,0.066317
2961,0.042774,0.233264,0.008803,0.007389,0.007866,0.0,0.059943
2962,0.031208,0.167747,0.002045,0.002436,0.000832,0.0,0.043488
2963,0.050095,0.236505,0.023869,0.015096,0.084182,0.0,0.067673
2964,0.040551,0.126475,0.00548,0.002681,0.001845,0.0,0.049735
2965,0.028451,0.064175,0.001712,0.002078,0.000332,0.0,0.033038
2966,0.133642,0.271535,0.146708,0.070495,0.32407,1.0,0.154969
2967,0.098045,0.146415,0.026062,0.001371,0.006732,0.0,0.108553
2968,0.1048,0.078236,0.006693,0.001116,0.000324,0.0,0.109918
2969,0.036445,0.172143,0.052743,0.007009,0.040066,0.0,0.04971
2970,0.049491,0.087672,0.005375,0.001241,0.00064,0.0,0.055715
2971,0.024615,0.047743,0.001439,0.000994,0.000201,0.0,0.028002
2972,0.034939,0.317421,0.091026,0.007805,0.147837,0.0,0.059557
2973,0.043863,0.228403,0.0079,0.001248,0.002097,0.0,0.060639
2974,0.035821,0.167528,0.001347,0.001095,0.000223,0.0,0.048038
2975,0.021483,0.145232,0.078118,0.064047,0.069603,0.0,0.033305
2976,0.02076,0.130033,0.014652,0.002221,0.001,0.0,0.030483
2977,0.019268,0.091332,0.002875,0.001145,0.000264,0.0,0.02596
2978,0.016693,0.237966,0.600535,0.528279,0.531332,0.0,0.043386
2979,0.039024,0.12335,0.011396,0.037838,0.016065,0.0,0.04813
2980,0.016385,0.060959,0.001682,0.009693,0.000581,0.0,0.020837
2981,0.051418,0.372746,0.066313,0.015116,0.019978,0.0,0.079697
2982,0.028734,0.171271,0.006139,0.007058,0.000742,0.0,0.041359
2983,0.01884,0.09507,0.001734,0.010981,0.000327,0.0,0.025815
2984,0.328236,0.502938,0.070912,0.043549,0.196824,1.0,0.364221
2985,0.102504,0.14621,0.009901,0.002679,0.003807,0.0,0.112745
2986,0.065593,0.118879,0.003096,0.002144,0.000139,0.0,0.073988
2987,0.048614,0.200286,0.016905,0.010144,0.05634,0.0,0.063402
2988,0.072005,0.104772,0.002274,0.001776,0.000824,0.0,0.079289
2989,0.007263,0.038587,0.000672,0.000724,8.9e-05,0.0,0.01009
2990,0.017152,0.159461,0.050575,0.031173,0.211885,0.0,0.029644
2991,0.019429,0.10429,0.003495,0.001171,0.00434,0.0,0.027094
2992,0.008375,0.044135,0.000704,0.000592,0.000126,0.0,0.011607
2993,0.045766,0.324916,0.128777,0.088899,0.162373,0.0,0.071515
2994,0.034573,0.205552,0.018958,0.004697,0.002297,0.0,0.049875
2995,0.04198,0.2012,0.001749,0.000802,0.000158,0.0,0.056661
2996,0.072994,0.523821,0.090612,0.041606,0.278305,1.0,0.112746
2997,0.019009,0.123997,0.016925,0.000584,0.002742,0.0,0.028324
2998,0.001844,0.036695,0.002469,0.000452,6.3e-05,0.0,0.004596
2999,0.029721,0.310059,0.072746,0.028857,0.038323,0.0,0.053612
3000,0.014009,0.069665,0.013862,0.00079,0.000314,0.0,0.019277
3001,0.006816,0.049807,0.002989,0.000374,7e-05,0.0,0.010513
3002,0.03317,0.348692,0.36383,0.581151,0.538398,0.0,0.06486
3003,0.04422,0.337375,0.014122,0.016194,0.013254,0.0,0.069216
3004,0.034191,0.208492,0.000813,0.001987,0.000284,0.0,0.049463
3005,0.02891,0.21067,0.009676,0.021925,0.273554,0.0,0.044557
3006,0.031,0.118268,0.003164,0.002098,0.009677,0.0,0.039614
3007,0.015703,0.067252,0.001402,0.000764,0.000189,0.0,0.02061
3008,0.034648,0.345491,0.143787,0.083668,0.456906,0.0,0.062226
3009,0.026211,0.201189,0.014406,0.002059,0.011352,0.0,0.041186
3010,0.01582,0.098858,0.001395,0.000609,0.000295,0.0,0.023078
3011,0.077215,0.33093,0.009264,0.015874,0.094017,1.0,0.101418
3012,0.042639,0.163884,0.002245,0.000336,0.000935,0.0,0.054543
3013,0.028019,0.128727,0.000714,0.000341,8.8e-05,0.0,0.037397
3014,0.164737,0.348056,0.086795,0.084077,0.337643,1.0,0.190735
3015,0.070441,0.122821,0.017041,0.001385,0.009035,0.0,0.07928
3016,0.087226,0.067753,0.006986,0.000254,0.000202,0.0,0.0917
3017,0.02758,0.088492,0.008956,0.001927,0.02119,0.0,0.034082
3018,0.020245,0.054173,0.001446,0.000171,0.000283,0.0,0.024143
3019,0.018739,0.038508,0.000609,0.000155,2.3e-05,0.0,0.021471
3020,0.006229,0.157602,0.05194,0.011781,0.1644,0.0,0.018647
3021,0.009803,0.110885,0.005211,0.000627,0.001411,0.0,0.018054
3022,0.010046,0.056012,0.000666,0.000251,6.4e-05,0.0,0.014148
3023,0.033149,0.452063,0.123097,0.053311,0.03613,0.0,0.06831
3024,0.023304,0.22022,0.029602,0.000389,0.000416,0.0,0.03992
3025,0.02515,0.113859,0.006596,0.000131,3.1e-05,0.0,0.033523
3026,0.010075,0.127506,0.510598,0.646575,0.624186,0.0,0.02759
3027,0.024606,0.078121,0.014534,0.020958,0.019081,0.0,0.030469
3028,0.024614,0.059391,0.003038,0.005354,0.000509,0.0,0.028897
3029,0.054085,0.302375,0.083905,0.023154,0.030185,1.0,0.07736
3030,0.022422,0.149903,0.008416,0.001233,0.000883,0.0,0.033525
3031,0.017847,0.072089,0.002273,0.001378,0.000124,0.0,0.02311
3032,0.194394,0.352897,0.075424,0.083608,0.193055,1.0,0.220362
3033,0.083868,0.156793,0.009583,0.00074,0.003481,0.0,0.095031
3034,0.100649,0.082467,0.002348,0.000402,8.2e-05,0.0,0.106053
3035,0.034606,0.105876,0.007036,0.013856,0.091306,0.0,0.042348
3036,0.034351,0.057812,0.002136,0.000675,0.000902,0.0,0.038423
3037,0.026243,0.022017,0.001148,0.000276,7.5e-05,0.0,0.027698
3038,0.009115,0.322143,0.088909,0.030563,0.248793,0.0,0.034298
3039,0.004078,0.104997,0.011661,0.000327,0.003914,0.0,0.012021
3040,0.00643,0.054076,0.00302,0.000212,0.000157,0.0,0.010447
3041,0.020728,0.478853,0.114048,0.13615,0.158182,0.0,0.058008
3042,0.017742,0.115337,0.009968,0.006898,0.000699,0.0,0.026339
3043,0.013042,0.058864,0.001265,0.000382,6.9e-05,0.0,0.017342
3044,0.055274,0.625855,0.068355,0.039507,0.336343,1.0,0.102453
3045,0.01959,0.081508,0.01872,0.000617,0.004343,0.0,0.025763
3046,0.002061,0.028244,0.004202,0.000155,9.3e-05,0.0,0.004205
3047,0.117684,0.425417,0.045303,0.04157,0.037499,1.0,0.149142
3048,0.042702,0.110932,0.005634,0.00123,0.00042,0.0,0.050712
3049,0.020632,0.059031,0.000911,0.000347,3.7e-05,0.0,0.024881
3050,0.023918,0.29085,0.416849,0.72537,0.658475,0.0,0.052353
3051,0.028978,0.220813,0.019442,0.029925,0.011267,0.0,0.045509
3052,0.035036,0.142483,0.002672,0.005875,0.000552,0.0,0.045421
3053,0.031553,0.199119,0.011114,0.026025,0.23923,0.0,0.046345
3054,0.024653,0.123256,0.002627,0.004623,0.005168,0.0,0.033683
3055,0.001833,0.038987,0.000933,0.008355,0.000276,0.0,0.004748
3056,0.044925,0.482734,0.096815,0.161442,0.373662,0.0,0.082133
3057,0.017289,0.200633,0.013143,0.010291,0.005307,0.0,0.032288
3058,0.013242,0.093323,0.002591,0.002243,0.000213,0.0,0.020126
3059,0.04076,0.144305,0.013056,0.025965,0.123063,0.0,0.051421
3060,0.051489,0.094203,0.002292,0.00235,0.001711,0.0,0.058143
3061,0.018198,0.022072,0.000874,0.001456,0.000168,0.0,0.019717
3062,0.246187,0.314564,0.171906,0.116983,0.334399,1.0,0.270284
3063,0.055877,0.154407,0.034008,0.001853,0.008256,0.0,0.06741
3064,0.095593,0.09226,0.010527,0.000923,0.0002,0.0,0.101876
3065,0.033717,0.095659,0.015623,0.006571,0.018762,0.0,0.040804
3066,0.044903,0.057819,0.002931,0.000541,0.000351,0.0,0.048905
3067,0.033258,0.040591,0.00077,0.00047,6e-05,0.0,0.036038
3068,0.012755,0.156744,0.014707,0.007951,0.101878,0.0,0.024545
3069,0.002953,0.055251,0.001509,0.001141,0.00126,0.0,0.007065
3070,0.004235,0.024691,0.000638,0.000793,0.000278,0.0,0.006051
3071,0.025667,0.212234,0.14336,0.097691,0.044823,0.0,0.043388
3072,0.015414,0.107382,0.035341,0.003229,0.000627,0.0,0.023775
3073,0.011228,0.084727,0.006486,0.000973,0.000238,0.0,0.017538
3074,0.004171,0.204143,0.595254,0.779394,0.575669,0.0,0.028813
3075,0.015681,0.05197,0.01152,0.029307,0.014991,0.0,0.019639
3076,0.009939,0.03121,0.004324,0.008727,0.0011,0.0,0.012261
3077,0.024075,0.168266,0.032025,0.009029,0.016688,0.0,0.036868
3078,0.01807,0.075162,0.004867,0.003424,0.002467,0.0,0.023599
3079,0.020358,0.052522,0.001782,0.006221,0.002568,0.0,0.024147
3080,0.203679,0.718526,0.12502,0.069168,0.193663,1.0,0.257438
3081,0.073151,0.257001,0.020345,0.007813,0.010717,0.0,0.092013
3082,0.09312,0.108467,0.00464,0.00546,0.00481,0.0,0.100557
3083,0.024404,0.148225,0.005787,0.017386,0.066126,0.0,0.035364
3084,0.066699,0.06412,0.002516,0.007243,0.006294,0.0,0.071011
3085,0.020706,0.016392,0.001039,0.009147,0.005972,0.0,0.021798
3086,0.024267,0.194003,0.113494,0.037135,0.210407,0.0,0.040141
3087,0.027366,0.101147,0.016379,0.007001,0.009761,0.0,0.034922
3088,0.018673,0.057841,0.001003,0.007194,0.006295,0.0,0.022863
3089,0.023431,0.229641,0.112905,0.086591,0.157019,0.0,0.042039
3090,0.010594,0.096184,0.007821,0.011354,0.013945,0.0,0.0178
3091,0.006856,0.068394,0.002666,0.014522,0.016137,0.0,0.011957
3092,0.033573,0.471341,0.113545,0.072577,0.297372,0.0,0.070086
3093,0.026838,0.138819,0.023874,0.013637,0.020365,0.0,0.037315
3094,0.013008,0.078717,0.011289,0.018202,0.016745,0.0,0.018954
3095,0.043174,0.533737,0.029233,0.040799,0.05041,1.0,0.083043
3096,0.02589,0.133036,0.004473,0.017757,0.031632,0.0,0.035688
3097,0.008744,0.045143,0.001297,0.022536,0.027975,0.0,0.012096
3098,0.032043,0.290238,0.313734,0.950844,0.60834,0.0,0.059364
3099,0.020614,0.177803,0.011326,0.063682,0.08049,0.0,0.033962
3100,0.013834,0.074898,0.00237,0.057652,0.073454,0.0,0.019441
3101,0.003611,0.076854,0.030346,0.102869,0.267716,0.0,0.009913
3102,0.004367,0.036041,0.005424,0.07714,0.100646,0.0,0.007232
3103,0.002723,0.020771,0.005296,0.067826,0.126445,0.0,0.004447
3104,0.01205,0.299391,0.135809,0.210206,0.532339,0.0,0.036486
3105,0.011976,0.143412,0.012142,0.145979,0.203745,0.0,0.022992
3106,0.009249,0.085827,0.005283,0.102161,0.288215,0.0,0.015835
3107,0.107085,0.195491,0.018797,0.12297,0.272857,1.0,0.121307
3108,0.02381,0.116152,0.005072,0.105239,0.253119,0.0,0.032543
3109,0.016967,0.055544,0.00311,0.112064,0.362693,0.0,0.021233
3110,0.062842,0.381183,0.199563,0.220913,0.415902,1.0,0.093857
3111,0.01891,0.116049,0.027576,0.124624,0.279853,0.0,0.028014
3112,0.012396,0.048379,0.010963,0.093857,0.269486,0.0,0.016233
3113,0.006788,0.047035,0.008777,0.081332,0.216625,0.0,0.010512
3114,0.003764,0.03746,0.00258,0.085067,0.169151,0.0,0.006719
3115,0.005012,0.009807,0.003051,0.067815,0.14644,0.0,0.005873
3116,0.004538,0.077276,0.024945,0.058488,0.084852,0.0,0.010701
3117,0.003475,0.043727,0.00678,0.049658,0.089191,0.0,0.006888
3118,0.002967,0.046017,0.003323,0.051102,0.106981,0.0,0.006511
3119,0.011758,0.299222,0.188523,0.110779,0.089637,0.0,0.036698
3120,0.009196,0.128247,0.025975,0.042174,0.060413,0.0,0.019101
3121,0.013343,0.06776,0.007895,0.026862,0.045607,0.0,0.018442
3122,0.006174,0.068148,0.008017,0.024727,0.041622,0.0,0.011354
3123,0.006991,0.023463,0.001903,0.018702,0.026536,0.0,0.008744
3124,0.008658,0.02071,0.002235,0.015984,0.022721,0.0,0.010193
3125,0.007691,0.13482,0.077632,0.014065,0.019627,0.0,0.018747
3126,0.007248,0.032848,0.012854,0.010983,0.011306,0.0,0.009832
3127,0.005081,0.048552,0.003272,0.01042,0.01146,0.0,0.00872
3128,0.021075,0.335947,0.119875,0.082771,0.008577,1.0,0.047692
3129,0.021783,0.18786,0.032735,0.007183,0.007759,0.0,0.036057
3130,0.010029,0.098947,0.008724,0.005943,0.00428,0.0,0.017446
3131,0.007318,0.071536,0.003963,0.007102,0.004937,0.0,0.012654
3132,0.008003,0.046256,0.005235,0.005248,0.00522,0.0,0.011465
3133,0.005627,0.023138,0.001215,0.006337,0.005122,0.0,0.007334
3134,0.014016,0.103337,0.074214,0.019694,0.004005,0.0,0.022643
3135,0.016628,0.074074,0.009865,0.003662,0.003291,0.0,0.022155
3136,0.016013,0.041777,0.002552,0.00558,0.002527,0.0,0.019045
3137,0.056786,0.263741,0.10877,0.065796,0.006577,1.0,0.077576
3138,0.038748,0.047787,0.012514,0.005916,0.001882,0.0,0.04219
3139,0.042774,0.104963,0.002683,0.00391,0.002122,0.0,0.050304
3140,0.03649,0.187952,0.137053,0.01538,0.001299,0.0,0.052088
3141,0.012158,0.093964,0.043279,0.002916,0.001796,0.0,0.019651
3142,0.005529,0.07977,0.012345,0.003599,0.001713,0.0,0.011598
3143,0.006744,0.094026,0.068632,0.011978,0.001492,0.0,0.014643
3144,0.006568,0.047271,0.005501,0.002026,0.000737,0.0,0.010115
3145,0.006813,0.024772,0.00159,0.001427,0.000755,0.0,0.008629
3146,0.020061,0.181298,0.120876,0.06605,0.002017,0.0,0.035159
3147,0.038016,0.143064,0.013162,0.003133,0.000717,0.0,0.048559
3148,0.030683,0.051931,0.003329,0.002638,0.000557,0.0,0.034365
3149,0.040558,0.064468,0.011122,0.003803,0.000679,0.0,0.045205
3150,0.049667,0.0618,0.004372,0.001829,0.000416,0.0,0.053951
3151,0.042465,0.043093,0.005406,0.001636,0.000491,0.0,0.045426
3152,0.045123,0.124898,0.071956,0.052798,0.001225,0.0,0.055145
3153,0.041561,0.07439,0.016216,0.001726,0.000371,0.0,0.047005
3154,0.02897,0.031826,0.004011,0.001484,0.000303,0.0,0.031175
3155,0.105075,0.148431,0.019438,0.007529,0.000206,1.0,0.1156
3156,0.060366,0.050921,0.003084,0.00069,0.000159,0.0,0.063739
3157,0.032341,0.025082,0.001305,0.000525,0.00019,0.0,0.03398
3158,0.001591,0.143598,0.111046,0.027225,0.000707,0.0,0.013822
3159,0.00075,0.09487,0.024707,0.000895,0.000148,0.0,0.008143
3160,0.001208,0.050803,0.003641,0.000741,0.000102,0.0,0.005031
3161,0.023001,0.078115,0.008368,0.003527,0.000143,0.0,0.028759
3162,0.038629,0.052095,0.001138,0.000365,7.4e-05,0.0,0.042228
3163,0.032713,0.026365,0.001389,0.000299,0.000123,0.0,0.034446
3164,0.066749,0.066649,0.032995,0.00306,8.8e-05,0.0,0.071655
3165,0.040393,0.068218,0.005604,0.000295,8.9e-05,0.0,0.045239
3166,0.015832,0.025625,0.000911,0.000307,0.0001,0.0,0.017632
3167,0.000736,0.189252,0.205628,0.077405,0.000965,0.0,0.017743
3168,0.002951,0.075108,0.037101,0.000854,3.3e-05,0.0,0.009024
3169,0.0025,0.082835,0.013237,0.00026,4.3e-05,0.0,0.008826
3170,0.017657,0.038458,0.012989,0.002793,0.000112,0.0,0.020566
3171,0.024768,0.035811,0.002598,0.000258,3.8e-05,0.0,0.02728
3172,0.015501,0.022361,0.001748,0.000155,3.1e-05,0.0,0.017071
3173,0.03757,0.105064,0.038673,0.00669,5.3e-05,0.0,0.04564
3174,0.040088,0.070881,0.009852,0.000304,1.8e-05,0.0,0.045192
3175,0.04105,0.044111,0.0036,0.000263,3.5e-05,0.0,0.04407
3176,0.036697,0.185898,0.141074,0.066448,0.000615,0.0,0.052285
3177,0.023359,0.110365,0.029724,0.002733,1.5e-05,0.0,0.031803
3178,0.023586,0.122537,0.012064,0.000216,2.2e-05,0.0,0.032691
3179,0.027769,0.072282,0.007029,0.002283,3.7e-05,0.0,0.033037
3180,0.017011,0.039815,0.004585,0.000146,1.2e-05,0.0,0.019908
3181,0.010856,0.026955,0.002368,8.6e-05,1e-05,0.0,0.012812
3182,0.002385,0.130541,0.084404,0.017341,0.000347,0.0,0.013259
3183,0.0053,0.035822,0.019156,0.000759,8e-06,0.0,0.008188
3184,0.006408,0.047895,0.007833,0.000219,1.1e-05,0.0,0.010031
3185,0.031807,0.281151,0.100459,0.083741,0.004381,1.0,0.054001
3186,0.034556,0.106832,0.015018,0.000941,1.5e-05,0.0,0.04245
3187,0.034329,0.059436,0.005086,0.000109,1.8e-05,0.0,0.03856
3188,0.038064,0.229955,0.118687,0.012268,0.000404,1.0,0.056522
3189,0.027004,0.150498,0.07791,0.000586,1.1e-05,0.0,0.039058
3190,0.014426,0.121162,0.061908,0.000115,1.2e-05,0.0,0.024175
3191,0.008231,0.136969,0.089193,0.010785,0.000106,0.0,0.019592
3192,0.01032,0.086459,0.016546,0.000443,7e-06,0.0,0.016902
3193,0.00308,0.069797,0.010146,0.000103,1.1e-05,0.0,0.008389
3194,0.013845,0.385644,0.120434,0.056432,0.001447,0.0,0.044176
3195,0.018184,0.222007,0.037248,0.00171,1.1e-05,0.0,0.035078
3196,0.019003,0.149868,0.010849,0.000138,1.1e-05,0.0,0.030161
3197,0.035424,0.127733,0.017853,0.006205,5.3e-05,0.0,0.044915
3198,0.028872,0.102313,0.006187,0.000323,8e-06,0.0,0.036352
3199,0.024561,0.056825,0.003429,8.8e-05,9e-06,0.0,0.02865
3200,0.025014,0.206573,0.131009,0.056196,0.00375,0.0,0.042075
3201,0.007906,0.071253,0.028511,0.001047,1.2e-05,0.0,0.013538
3202,0.004448,0.07804,0.006039,0.000168,1.1e-05,0.0,0.010305
3203,0.003127,0.12222,0.010612,0.006232,0.0001,0.0,0.012355
3204,0.005197,0.044143,0.009075,0.000469,6e-06,0.0,0.008567
3205,0.002119,0.05253,0.010387,0.000122,7e-06,0.0,0.006154
3206,0.045708,0.441977,0.158579,0.080891,0.003914,1.0,0.08055
3207,0.018466,0.205242,0.065849,0.001842,1.5e-05,0.0,0.034499
3208,0.017744,0.129873,0.030714,0.000103,7e-06,0.0,0.027692
3209,0.028697,0.104023,0.012244,0.003374,5e-05,0.0,0.036393
3210,0.009692,0.043091,0.002604,0.000297,4e-06,0.0,0.012861
3211,0.023366,0.053029,0.001674,6.3e-05,7e-06,0.0,0.027157
3212,0.019965,0.110295,0.021432,0.016827,0.000313,0.0,0.028343
3213,0.013768,0.066749,0.012717,0.000696,5e-06,0.0,0.018805
3214,0.008243,0.057164,0.007073,0.000103,5e-06,0.0,0.012531
3215,0.012643,0.358761,0.157007,0.103549,0.004715,0.0,0.041562
3216,0.016244,0.13943,0.084215,0.003867,8e-06,0.0,0.027648
3217,0.00935,0.07297,0.044584,0.000299,4e-06,0.0,0.015315
3218,0.002845,0.034038,0.012245,0.002576,3.5e-05,0.0,0.005527
3219,0.001573,0.02784,0.003248,0.0003,3e-06,0.0,0.003678
3220,0.006802,0.026361,0.003034,0.000101,9e-06,0.0,0.008753
3221,0.009851,0.187398,0.092685,0.031986,0.001037,0.0,0.025038
3222,0.012342,0.077903,0.026083,0.001433,5e-06,0.0,0.018403
3223,0.009762,0.087857,0.006951,0.000202,2e-06,0.0,0.016322
3224,0.009717,0.30506,0.117302,0.08047,0.012173,0.0,0.034083
3225,0.006066,0.219429,0.060175,0.009872,1.3e-05,0.0,0.023186
3226,0.009095,0.165093,0.022156,0.000452,3e-06,0.0,0.021615
3227,0.008113,0.137945,0.021793,0.003797,5.8e-05,0.0,0.018621
3228,0.016228,0.114161,0.009165,0.000549,3e-06,0.0,0.024726
3229,0.01336,0.104099,0.003091,0.000195,3e-06,0.0,0.021049
3230,0.00989,0.131719,0.046615,0.041969,0.004278,0.0,0.020325
3231,0.018254,0.095775,0.025666,0.004552,3.4e-05,0.0,0.0256
3232,0.008558,0.060975,0.014364,0.000706,9e-06,0.0,0.013228
3233,0.015822,0.385944,0.081288,0.105702,0.019128,1.0,0.045717
3234,0.026879,0.18109,0.02512,0.004959,4.3e-05,0.0,0.040502
3235,0.02402,0.167754,0.009458,0.000739,6e-06,0.0,0.036453
3236,0.023813,0.199435,0.143013,0.065926,0.005694,0.0,0.040533
3237,0.012447,0.183048,0.065325,0.010158,9e-05,0.0,0.026881
3238,0.007631,0.124975,0.049473,0.000925,1.7e-05,0.0,0.017548
3239,0.027951,0.147604,0.0837,0.023107,0.000636,0.0,0.039901
3240,0.023005,0.092061,0.032134,0.002264,1.2e-05,0.0,0.030122
3241,0.030189,0.077582,0.007606,0.000407,7e-06,0.0,0.035838
3242,0.051027,0.394499,0.089022,0.073837,0.008181,1.0,0.081339
3243,0.058075,0.281729,0.035364,0.019654,2.5e-05,0.0,0.079116
3244,0.055327,0.241853,0.017226,0.002457,6e-06,0.0,0.073145
3245,0.030087,0.199973,0.019612,0.008643,0.000442,0.0,0.045024
3246,0.023461,0.124322,0.006534,0.002535,1.1e-05,0.0,0.032629
3247,0.025138,0.110284,0.002466,0.000311,4e-06,0.0,0.033189
3248,0.031892,0.352691,0.041538,0.043407,0.005375,0.0,0.05854
3249,0.032404,0.139167,0.019865,0.003401,3.9e-05,0.0,0.042791
3250,0.019421,0.099216,0.008183,0.000438,8e-06,0.0,0.02677
3251,0.025598,0.127089,0.012645,0.007895,0.000517,0.0,0.035047
3252,0.024422,0.054755,0.005242,0.001849,9e-06,0.0,0.028385
3253,0.021372,0.035154,0.001857,0.000376,7e-06,0.0,0.023852
3254,0.029908,0.351521,0.100153,0.083094,0.011848,0.0,0.05735
3255,0.019607,0.185823,0.044136,0.009733,4.8e-05,0.0,0.033905
3256,0.024315,0.172609,0.030407,0.001451,8e-06,0.0,0.037393
3257,0.013881,0.210232,0.01436,0.003803,0.000113,0.0,0.029625
3258,0.010406,0.082623,0.007426,0.00078,1.2e-05,0.0,0.016579
3259,0.017977,0.068977,0.002814,0.000167,7e-06,0.0,0.023012
3260,0.012915,0.226596,0.033346,0.027887,0.004122,0.0,0.030184
3261,0.002386,0.090835,0.022002,0.006549,0.000119,0.0,0.009438
3262,0.00703,0.054667,0.007187,0.000704,7e-06,0.0,0.011144
3263,0.04217,0.407971,0.147839,0.111773,0.015485,1.0,0.074418
3264,0.024794,0.209747,0.057772,0.008414,0.000182,0.0,0.041016
3265,0.017538,0.174449,0.03142,0.001382,1e-05,0.0,0.030817
3266,0.012,0.181011,0.022114,0.005226,0.00041,0.0,0.025691
3267,0.009621,0.072504,0.010369,0.001935,2.1e-05,0.0,0.015089
3268,0.004751,0.063751,0.002983,0.000385,1e-05,0.0,0.009501
3269,0.005572,0.154139,0.042952,0.030387,0.00877,0.0,0.017639
3270,0.001287,0.096057,0.035893,0.004769,0.000251,0.0,0.008922
3271,0.000652,0.075561,0.021561,0.001469,4.9e-05,0.0,0.006566
3272,0.010011,0.24458,0.113236,0.09834,0.037908,0.0,0.02985
3273,0.002818,0.151559,0.075474,0.045775,0.002465,0.0,0.015182
3274,0.004973,0.099371,0.066447,0.018541,0.000372,0.0,0.013265
3275,0.00461,0.102541,0.03953,0.007104,0.000244,0.0,0.012756
3276,0.002843,0.089745,0.019715,0.002213,0.000128,0.0,0.009772
3277,0.001457,0.047614,0.009936,0.000646,0.00017,0.0,0.005126
3278,0.014331,0.157697,0.040702,0.034892,0.006497,1.0,0.026573
3279,0.010014,0.10834,0.027239,0.007916,0.000549,0.0,0.018385
3280,0.004811,0.055683,0.0073,0.003049,0.000241,0.0,0.009024
3281,0.018988,0.063957,0.067285,0.076855,0.020697,0.0,0.024653
3282,0.007444,0.071636,0.046861,0.020539,0.001688,0.0,0.013391
3283,0.007294,0.07391,0.028206,0.007017,0.000754,0.0,0.013135
3284,0.031657,0.124546,0.064541,0.064253,0.041343,1.0,0.041677
3285,0.021848,0.031868,0.048519,0.030418,0.00338,0.0,0.024766
3286,0.011543,0.042216,0.032547,0.011078,0.000933,0.0,0.015058
3287,0.025188,0.079873,0.053646,0.04451,0.008266,0.0,0.031747
3288,0.024415,0.060704,0.03954,0.009059,0.001355,0.0,0.0293
3289,0.022688,0.04839,0.024222,0.004059,0.000738,0.0,0.026453
3290,0.043934,0.075603,0.050164,0.113453,0.030739,1.0,0.050108
3291,0.060328,0.082896,0.036871,0.051349,0.004134,1.0,0.066629
3292,0.050093,0.067289,0.026953,0.012509,0.001907,0.0,0.055108
3293,0.048067,0.137474,0.040533,0.029609,0.008624,0.0,0.058535
3294,0.012733,0.071063,0.048107,0.040503,0.005072,0.0,0.018649
3295,0.006809,0.086268,0.042751,0.038185,0.006429,0.0,0.013825
3296,0.022181,0.076416,0.050638,0.06778,0.008968,0.0,0.028506
3297,0.020319,0.081113,0.041038,0.06785,0.005084,0.0,0.026878
3298,0.017973,0.068813,0.035562,0.084636,0.006702,0.0,0.023589
3299,0.021907,0.190551,0.091514,0.13172,0.013673,0.0,0.037396
3300,0.015386,0.130818,0.078537,0.140631,0.011688,0.0,0.026319
3301,0.009711,0.124768,0.12377,0.159544,0.024606,0.0,0.020885
3302,0.022914,0.080254,0.291713,0.096288,0.003928,0.0,0.032841
3303,0.019513,0.067827,0.391057,0.080727,0.002395,0.0,0.029861
3304,0.019897,0.072689,0.53219,0.163536,0.004721,0.0,0.032665
3305,0.022938,0.065537,0.574254,0.121367,0.004033,0.0,0.035648
3306,0.021603,0.046863,0.540029,0.209663,0.003761,0.0,0.032622
3307,0.022013,0.026669,0.567292,0.209405,0.003097,0.0,0.031896
3308,0.0237,0.038882,0.558496,0.291387,0.005186,0.0,0.034504
3309,0.024536,0.039297,0.697515,0.240607,0.00468,0.0,0.037162
3310,0.022549,0.044705,0.619392,0.268859,0.01222,0.0,0.034583
3311,0.022006,0.039452,0.491427,0.222076,0.006563,0.0,0.031833
3312,0.023647,0.022479,0.49304,0.147761,0.003946,0.0,0.03209
3313,0.02296,0.016847,0.267297,0.152327,0.004221,0.0,0.027933
3314,0.023163,0.03031,0.307685,0.103208,0.001704,0.0,0.029599
3315,0.028498,0.03135,0.228999,0.051994,0.000881,0.0,0.033813
3316,0.029976,0.031792,0.267692,0.016346,0.000762,0.0,0.035775
3317,0.026628,0.051878,0.164509,0.028246,0.000578,0.0,0.032569
3318,0.020864,0.054565,0.335795,0.044335,0.000375,0.0,0.029402
3319,0.025221,0.064972,0.214309,0.017225,0.000477,0.0,0.032803
3320,0.021866,0.043398,0.244023,0.040153,0.000301,0.0,0.028311
3321,0.022562,0.04434,0.628116,0.01207,0.000531,0.0,0.034236
3322,0.024108,0.030278,0.87628,0.039968,0.002128,0.0,0.03814
3323,0.024978,0.039881,0.310242,0.080536,0.001803,0.0,0.032108
3324,0.0287,0.051305,0.220492,0.101543,0.001307,0.0,0.03547
3325,0.024197,0.041388,0.155078,0.054726,0.001587,0.0,0.029294
3326,0.01925,0.029721,0.364159,0.062027,0.00281,0.0,0.026367
3327,0.023478,0.027128,0.346643,0.057501,0.001641,0.0,0.030124
3328,0.024901,0.033624,0.479885,0.077413,0.003531,0.0,0.033862
3329,0.022703,0.02577,0.522855,0.105108,0.003011,0.0,0.031728
3330,0.024898,0.034049,0.559223,0.092422,0.004496,0.0,0.034994
3331,0.022492,0.031844,0.566598,0.185909,0.004313,0.0,0.032706
3332,0.023642,0.036885,0.520846,0.117817,0.005289,0.0,0.033482
3333,0.032366,0.032352,0.659537,0.129944,0.005142,0.0,0.043706
3334,0.019775,0.040563,0.596605,0.120508,0.005348,0.0,0.030951
3335,0.019636,0.03426,0.349271,0.207635,0.007991,0.0,0.02714
3336,0.027495,0.037867,0.445638,0.116687,0.006478,0.0,0.036357
3337,0.031819,0.043378,0.404065,0.103972,0.005353,0.0,0.040472
3338,0.027338,0.04307,0.521413,0.105834,0.004402,0.0,0.037597
3339,0.030632,0.037557,0.376839,0.142019,0.004518,0.0,0.038557
3340,0.02291,0.018614,0.243506,0.074091,0.003214,0.0,0.027555
3341,0.030033,0.044905,0.186608,0.121534,0.002761,0.0,0.035892
3342,0.023309,0.035861,0.420344,0.119763,0.004387,0.0,0.031716
3343,0.022281,0.028494,0.309447,0.115265,0.004713,0.0,0.028634
3344,0.026548,0.034917,0.455941,0.114787,0.0076,0.0,0.035334
3345,0.024276,0.0257,0.556923,0.125119,0.005532,0.0,0.033781
3346,0.025635,0.036577,0.76974,0.080949,0.005922,0.0,0.03875
3347,0.025221,0.026984,0.739538,0.081633,0.006204,0.0,0.037217
3348,0.019953,0.025761,0.548894,0.080595,0.008498,0.0,0.029309
3349,0.028939,0.028118,0.329364,0.176061,0.008249,0.0,0.03559
3350,0.032228,0.030056,0.405499,0.142765,0.007515,0.0,0.039973
3351,0.028072,0.036024,0.310368,0.103877,0.004017,0.0,0.034934
3352,0.025147,0.030157,0.497017,0.090572,0.004133,0.0,0.034104
3353,0.024861,0.033404,0.487293,0.094621,0.003512,0.0,0.033937
3354,0.023425,0.045444,0.331769,0.068815,0.006778,0.0,0.031252
3355,0.023976,0.046235,0.283034,0.054519,0.005759,0.0,0.031172
3356,0.026561,0.039673,0.447138,0.073978,0.003162,0.0,0.03551
3357,0.019663,0.033034,0.602051,0.066608,0.00412,0.0,0.03026
3358,0.023642,0.047669,0.425739,0.070127,0.005755,0.0,0.032911
3359,0.036911,0.055176,0.363323,0.04338,0.006342,0.0,0.045744
3360,0.029839,0.036316,0.473108,0.065459,0.004591,0.0,0.03885
3361,0.037974,0.022521,0.214134,0.053628,0.004924,0.0,0.042361
3362,0.028919,0.021193,0.384905,0.048367,0.002079,0.0,0.035585
3363,0.036199,0.037769,0.327406,0.06791,0.001296,0.0,0.043297
3364,0.035949,0.023064,0.222807,0.020251,0.00071,0.0,0.040451
3365,0.02248,0.019342,0.175117,0.02993,0.001223,0.0,0.026177
3366,0.026047,0.024239,0.2796,0.017545,0.000767,0.0,0.031478
3367,0.034547,0.022564,0.240121,0.031875,0.001512,0.0,0.039278
3368,0.037358,0.028482,0.101534,0.02655,0.001431,0.0,0.040618
3369,0.031198,0.024751,0.433872,0.022458,0.000976,0.0,0.03873
3370,0.03207,0.032919,0.119038,0.028476,0.001138,0.0,0.035942
3371,0.026827,0.02825,0.254062,0.020743,0.001149,0.0,0.03221
3372,0.031066,0.0212,0.177543,0.054028,0.001106,0.0,0.034912
3373,0.030278,0.018617,0.151028,0.030812,0.000676,0.0,0.033536
3374,0.035362,0.033499,0.214516,0.02773,0.000547,0.0,0.040545
3375,0.035756,0.023013,0.193897,0.050892,0.001125,0.0,0.039917
3376,0.036702,0.028501,0.417902,0.04151,0.001051,0.0,0.044287
3377,0.032414,0.022354,0.294061,0.026118,0.000877,0.0,0.037867
3378,0.030117,0.01505,0.378725,0.049741,0.001413,0.0,0.036235
3379,0.030819,0.023181,0.342675,0.050181,0.001283,0.0,0.037049
3380,0.036197,0.022419,0.176809,0.054187,0.000712,0.0,0.040084
3381,0.035625,0.018367,0.235362,0.047502,0.001221,0.0,0.039998
3382,0.028548,0.016963,0.46452,0.046782,0.000832,0.0,0.035979
3383,0.030318,0.029291,0.308211,0.040236,0.000907,0.0,0.03652
3384,0.033105,0.02818,0.236085,0.042793,0.001059,0.0,0.03823
3385,0.027184,0.044286,0.386146,0.04437,0.000958,0.0,0.035591
3386,0.034091,0.032044,0.288197,0.053064,0.001726,0.0,0.040221
3387,0.029029,0.023339,0.242562,0.04727,0.001096,0.0,0.03392
3388,0.032189,0.032604,0.382014,0.057737,0.001513,0.0,0.039656
3389,0.033503,0.027703,0.228088,0.042771,0.001031,0.0,0.03848
3390,0.033874,0.033802,0.764969,0.037263,0.001485,0.0,0.046578
3391,0.02197,0.027005,0.250514,0.048414,0.00079,0.0,0.027297
3392,0.054178,0.026378,0.314366,0.039709,0.000929,0.0,0.060064
3393,0.039523,0.031189,0.405066,0.049879,0.001395,0.0,0.047128
3394,0.039895,0.021343,0.459615,0.044547,0.001011,0.0,0.047495
3395,0.04344,0.039845,0.421742,0.048181,0.002283,0.0,0.051883
3396,0.034105,0.049879,0.57287,0.064864,0.002951,0.0,0.045445
3397,0.03764,0.029471,0.683979,0.055042,0.001581,0.0,0.048925
3398,0.030221,0.036856,0.200048,0.072798,0.002677,0.0,0.035576
3399,0.033032,0.034747,0.342142,0.078494,0.003913,0.0,0.040148
3400,0.033034,0.024298,0.191296,0.111901,0.001828,0.0,0.037384
3401,0.032118,0.026967,0.224309,0.055948,0.001553,0.0,0.037023
3402,0.032594,0.027721,0.635094,0.107118,0.00101,0.0,0.043216
3403,0.03518,0.020806,0.548075,0.096976,0.002891,0.0,0.044069
3404,0.034486,0.024485,0.40248,0.094334,0.002852,0.0,0.041673
3405,0.033893,0.036821,0.413699,0.075417,0.003498,0.0,0.042122
3406,0.03245,0.031038,0.490207,0.068586,0.005407,0.0,0.041286
3407,0.032272,0.027091,0.170484,0.137094,0.005354,0.0,0.036597
3408,0.036549,0.046548,0.513211,0.093426,0.005317,0.0,0.046864
3409,0.028429,0.055001,0.345254,0.067921,0.007211,0.0,0.037111
3410,0.031793,0.049074,0.421843,0.083262,0.005249,0.0,0.041075
3411,0.034985,0.052062,0.278326,0.096982,0.008161,0.0,0.042541
3412,0.038647,0.044305,0.475714,0.06608,0.009838,0.0,0.048223
3413,0.035905,0.066701,0.419432,0.061698,0.007105,0.0,0.046397
3414,0.029765,0.033307,0.10724,0.089557,0.005543,0.0,0.03363
3415,0.029835,0.044929,0.569882,0.109247,0.009192,0.0,0.040878
3416,0.024406,0.039288,0.344998,0.059397,0.008683,0.0,0.031931
3417,0.023534,0.028012,0.106006,0.079387,0.008382,0.0,0.027018
3418,0.030721,0.042322,0.428299,0.108945,0.006458,0.0,0.039641
3419,0.025493,0.044461,0.089839,0.09576,0.003973,0.0,0.029996
3420,0.024559,0.076918,0.568629,0.123864,0.008532,0.0,0.038032
3421,0.039126,0.063446,0.228126,0.116617,0.005708,0.0,0.046851
3422,0.034585,0.043442,0.364642,0.120906,0.010582,0.0,0.042716
3423,0.019529,0.042345,0.383006,0.125915,0.009261,0.0,0.027951
3424,0.04178,0.048402,0.272665,0.18249,0.007077,0.0,0.049085
3425,0.03779,0.079609,0.406642,0.090015,0.007867,0.0,0.049104
3426,0.030157,0.053378,0.162671,0.13338,0.006173,0.0,0.036342
3427,0.036607,0.046746,0.349228,0.099537,0.010991,0.0,0.044722
3428,0.02958,0.039607,0.724192,0.126807,0.009054,0.0,0.042353
3429,0.044726,0.046063,0.73996,0.115012,0.011737,0.0,0.058058
3430,0.043582,0.060802,0.429865,0.191121,0.015336,0.0,0.053945
3431,0.049117,0.059844,0.237945,0.064443,0.005785,0.0,0.05654
3432,0.044311,0.064289,0.118326,0.014713,0.0011,0.0,0.05039
3433,0.044454,0.048996,0.17717,0.009831,0.00104,0.0,0.050184
3434,0.052206,0.034751,0.189534,0.006131,0.000906,0.0,0.056978
3435,0.044338,0.037803,0.174473,0.005006,0.001059,0.0,0.049191
3436,0.044048,0.034237,0.312992,0.008454,0.001242,0.0,0.050523
3437,0.043133,0.049202,0.161199,0.007534,0.00071,0.0,0.048668
3438,0.04369,0.038819,0.171315,0.009845,0.000398,0.0,0.048588
3439,0.056936,0.043226,0.184596,0.009912,0.000352,0.0,0.062242
3440,0.059193,0.046822,0.2125,0.007226,0.000422,0.0,0.065124
3441,0.059248,0.039832,0.201659,0.007338,0.000486,0.0,0.064511
3442,0.051295,0.047863,0.311593,0.007916,0.000714,0.0,0.058709
3443,0.049482,0.037917,0.307596,0.009847,0.000809,0.0,0.056119
3444,0.043595,0.031927,0.413998,0.008842,0.00075,0.0,0.051273
3445,0.041404,0.031277,0.311552,0.005367,0.000549,0.0,0.047654
3446,0.043821,0.032382,0.18643,0.004862,0.000305,0.0,0.048436
3447,0.060021,0.046123,0.239967,0.003464,0.000251,0.0,0.066259
3448,0.054949,0.039806,0.273389,0.00252,0.000137,0.0,0.061208
3449,0.052492,0.043606,0.157709,0.005239,0.000195,0.0,0.057488
3450,0.052542,0.039734,0.262487,0.002639,0.000204,0.0,0.058666
3451,0.050694,0.044503,0.089104,0.00411,0.000173,0.0,0.054836
3452,0.041965,0.032557,0.200148,0.001999,0.000131,0.0,0.046788
3453,0.041656,0.034028,0.098396,0.003055,8.7e-05,0.0,0.045212
3454,0.041718,0.043924,0.120943,0.002153,9.6e-05,0.0,0.046315
3455,0.050111,0.039945,0.093101,0.00446,7.7e-05,0.0,0.053973
3456,0.057822,0.044692,0.046703,0.002359,6.8e-05,0.0,0.061346
3457,0.052678,0.032993,0.088048,0.00279,0.0001,0.0,0.055933
3458,0.052679,0.040188,0.109055,0.001594,4.6e-05,0.0,0.056751
3459,0.072351,0.050521,0.021647,0.001673,5.5e-05,0.0,0.075857
3460,0.069988,0.041257,0.069557,0.001179,7.9e-05,0.0,0.073472
3461,0.049867,0.044068,0.033409,0.00085,5.3e-05,0.0,0.053222
3462,0.064834,0.039133,0.02276,0.000935,5e-05,0.0,0.067563
3463,0.062742,0.040495,0.033194,0.001244,5.4e-05,0.0,0.065731
3464,0.062626,0.048493,0.030699,0.001123,5.5e-05,0.0,0.066177
3465,0.064263,0.033524,0.052178,0.002534,4.4e-05,0.0,0.066981
3466,0.05843,0.048249,0.032343,0.001525,5.4e-05,0.0,0.062018
3467,0.055695,0.040614,0.033974,0.001724,3.3e-05,0.0,0.058757
3468,0.072333,0.031218,0.045722,0.001668,2.7e-05,0.0,0.074729
3469,0.066261,0.03478,0.037381,0.001614,2.7e-05,0.0,0.068855
3470,0.060036,0.041723,0.042613,0.001495,3.5e-05,0.0,0.063265
3471,0.068907,0.026903,0.071966,0.000791,4.6e-05,0.0,0.071363
3472,0.066188,0.027289,0.111859,0.001048,3.7e-05,0.0,0.069235
3473,0.068718,0.033944,0.069539,0.00158,4e-05,0.0,0.071668
3474,0.072457,0.026799,0.079829,0.002678,3.1e-05,0.0,0.074988
3475,0.077759,0.031688,0.095183,0.001667,3.7e-05,0.0,0.08082
3476,0.077303,0.029332,0.179942,0.001904,4.2e-05,0.0,0.081343
3477,0.065489,0.039694,0.21031,0.002984,5e-05,0.0,0.070804
3478,0.071973,0.038438,0.21599,0.002235,8e-05,0.0,0.077221
3479,0.074123,0.040356,0.189126,0.003651,9.7e-05,0.0,0.079135
3480,0.067436,0.036895,0.275866,0.005034,0.000116,0.0,0.073422
3481,0.064242,0.043451,0.331205,0.005306,0.000149,0.0,0.071491
3482,0.064652,0.048644,0.454235,0.005752,0.0001,0.0,0.073955
3483,0.059391,0.030732,0.496489,0.007016,0.000109,0.0,0.067976
3484,0.059951,0.033093,0.458107,0.007194,0.000148,0.0,0.068187
3485,0.065925,0.04812,0.397243,0.004773,0.000147,0.0,0.074404
3486,0.06363,0.061808,0.34297,0.007239,0.000104,0.0,0.072413
3487,0.057674,0.046654,0.347337,0.008223,0.000182,0.0,0.065436
3488,0.062969,0.063946,0.43129,0.007257,0.000228,0.0,0.073115
3489,0.072293,0.073249,0.411896,0.007618,0.000388,0.0,0.082798
3490,0.06629,0.065041,0.483121,0.008,0.000432,0.0,0.077196
3491,0.040112,0.046799,0.547064,0.010866,0.000617,0.0,0.050733
3492,0.044963,0.03829,0.664711,0.007221,0.000713,0.0,0.056503
3493,0.053433,0.042112,0.400079,0.009283,0.000248,0.0,0.061606
3494,0.04023,0.048166,0.33051,0.019957,0.19516,0.0,0.048041
3495,0.039808,0.032309,0.388847,0.015373,0.008914,0.0,0.047214
3496,0.036639,0.028893,0.4786,0.008409,0.000638,0.0,0.045021
3497,0.050094,0.049754,0.666472,0.012452,0.012305,0.0,0.062482
3498,0.051267,0.052313,0.257176,0.02074,0.001344,0.0,0.058297
3499,0.058782,0.059203,0.203501,0.024875,0.000465,0.0,0.065547
3500,0.0643,0.050135,0.206235,0.020366,0.122545,0.0,0.070384
3501,0.0526,0.036844,0.275944,0.015816,0.002897,0.0,0.058715
3502,0.072377,0.048563,0.25111,0.020459,0.000157,0.0,0.078884
3503,0.067118,0.042894,0.368976,0.016335,0.007761,0.0,0.074836
3504,0.065411,0.046447,0.322831,0.019678,0.000349,0.0,0.072786
3505,0.067332,0.05119,0.269429,0.009567,8.5e-05,0.0,0.074302
3506,0.062735,0.051077,0.219727,0.049744,0.450282,0.0,0.069156
3507,0.053205,0.045448,0.17153,0.019039,0.017066,0.0,0.058545
3508,0.062176,0.031699,0.226324,0.017352,0.000254,0.0,0.067164
3509,0.070503,0.031947,0.215684,0.018942,0.013573,0.0,0.075305
3510,0.070713,0.027341,0.177846,0.013385,0.000923,0.0,0.074647
3511,0.067463,0.031386,0.237798,0.009057,0.000126,0.0,0.072529
3512,0.056633,0.038442,0.297927,0.014735,0.205205,0.0,0.063145
3513,0.057139,0.039699,0.231736,0.009774,0.004142,0.0,0.062821
3514,0.059023,0.046623,0.109841,0.007299,0.000203,0.0,0.063547
3515,0.067039,0.057283,0.04979,0.005867,0.015717,0.0,0.071479
3516,0.059488,0.041832,0.043741,0.011769,0.000737,0.0,0.062763
3517,0.059653,0.041986,0.135332,0.006802,0.000164,0.0,0.064172
3518,0.064091,0.052876,0.097796,0.019558,0.426307,0.0,0.068926
3519,0.06205,0.044766,0.069279,0.006669,0.008222,0.0,0.065862
3520,0.068274,0.044332,0.056236,0.006547,0.000236,0.0,0.071828
3521,0.066745,0.04203,0.081698,0.063261,0.112794,0.0,0.070592
3522,0.058168,0.023087,0.072686,0.012925,0.001622,0.0,0.060453
3523,0.054472,0.034162,0.055316,0.009136,0.000194,0.0,0.057367
3524,0.060585,0.037083,0.061824,0.013626,0.246687,0.0,0.063762
3525,0.066542,0.053814,0.071753,0.008998,0.003447,0.0,0.07103
3526,0.066509,0.036634,0.146181,0.014288,0.000282,0.0,0.070738
3527,0.064917,0.05418,0.107414,0.012077,0.011333,0.0,0.069934
3528,0.068094,0.045868,0.140843,0.011607,0.000529,0.0,0.072921
3529,0.054457,0.098206,0.04214,0.010375,0.000142,0.0,0.061942
3530,0.054141,0.060865,0.082538,0.023999,0.490475,0.0,0.059451
3531,0.052911,0.052665,0.072178,0.012794,0.023851,0.0,0.057431
3532,0.053056,0.047279,0.087017,0.011024,0.000801,0.0,0.057371
3533,0.078581,0.075747,0.097424,0.007052,0.01004,0.0,0.084955
3534,0.043449,0.057429,0.102848,0.006188,0.000644,0.0,0.048799
3535,0.055742,0.051153,0.083598,0.010082,0.000103,0.0,0.060277
3536,0.06276,0.053277,0.048525,0.015284,0.187304,0.0,0.066944
3537,0.057372,0.058268,0.084425,0.01088,0.004732,0.0,0.062437
3538,0.058839,0.065874,0.123578,0.009536,0.000164,0.0,0.064988
3539,0.058787,0.082026,0.125968,0.013977,0.043245,0.0,0.066181
3540,0.050931,0.085374,0.145249,0.013589,0.001311,0.0,0.058893
3541,0.05551,0.085809,0.152196,0.013283,0.000283,0.0,0.063563
3542,0.050719,0.092446,0.157655,0.050338,0.669066,0.0,0.059483
3543,0.035068,0.05483,0.14479,0.035547,0.013675,0.0,0.04091
3544,0.046876,0.075014,0.145723,0.03467,0.000578,0.0,0.054141
3545,0.054842,0.057421,0.12999,0.058722,0.015874,0.0,0.060566
3546,0.05244,0.062398,0.098533,0.029313,0.001303,0.0,0.058074
3547,0.055941,0.060163,0.137202,0.050389,0.000552,0.0,0.061943
3548,0.049208,0.086715,0.165153,0.032421,0.240581,0.0,0.057601
3549,0.050272,0.079051,0.203151,0.036594,0.004822,0.0,0.058594
3550,0.06872,0.068852,0.127279,0.094008,0.002017,0.0,0.075214
3551,0.053292,0.044117,0.142206,0.086114,0.013783,0.0,0.058251
3552,0.055005,0.045747,0.188067,0.135576,0.003076,0.0,0.060781
3553,0.055505,0.056378,0.207616,0.116148,0.005598,0.0,0.0623
3554,0.058222,0.064953,0.13507,0.128363,0.393974,0.0,0.064695
3555,0.043038,0.056186,0.149638,0.101347,0.029715,0.0,0.049102
3556,0.040558,0.046431,0.131481,0.11868,0.002336,0.0,0.045697
3557,0.047017,0.035219,0.194215,0.089062,0.018621,0.0,0.052073
3558,0.058338,0.034963,0.186548,0.131643,0.002767,0.0,0.063258
3559,0.056695,0.053999,0.122325,0.139239,0.003141,0.0,0.062187
3560,0.060632,0.04985,0.128353,0.134372,0.173806,0.0,0.065869
3561,0.060014,0.043246,0.158442,0.066013,0.007146,0.0,0.065042
3562,0.052893,0.031357,0.264195,0.060217,0.002533,0.0,0.058515
3563,0.052423,0.031511,0.248817,0.077344,0.045235,0.0,0.057884
3564,0.054209,0.029261,0.082031,0.086834,0.001797,0.0,0.05724
3565,0.053343,0.058427,0.095754,0.114693,0.000935,0.0,0.058786
3566,0.059297,0.044202,0.083677,0.075805,0.342222,0.0,0.063425
3567,0.046491,0.039306,0.09397,0.053987,0.011798,0.0,0.050434
3568,0.053796,0.054492,0.116273,0.075342,0.001861,0.0,0.059152
3569,0.061109,0.037131,0.143825,0.183357,0.164663,0.0,0.065691
3570,0.06627,0.075067,0.144252,0.056627,0.004062,0.0,0.07341
3571,0.070025,0.039017,0.12079,0.07196,0.002609,0.0,0.074161
3572,0.065898,0.041158,0.111745,0.046065,0.154305,0.0,0.070066
3573,0.050242,0.027883,0.063534,0.059386,0.003639,0.0,0.052901
3574,0.058518,0.038625,0.12477,0.043363,0.002757,0.0,0.062717
3575,0.053582,0.084659,0.06238,0.061217,0.009993,0.0,0.06043
3576,0.049669,0.046987,0.099828,0.041457,0.001208,0.0,0.054215
3577,0.061816,0.039463,0.086409,0.043149,0.000995,0.0,0.06553
3578,0.060601,0.025153,0.046529,0.059097,0.838585,0.0,0.062798
3579,0.059584,0.051652,0.081353,0.049194,0.02622,0.0,0.064167
3580,0.060349,0.042302,0.136257,0.063846,0.001054,0.0,0.064999
3581,0.058503,0.045475,0.144236,0.034494,0.012261,0.0,0.063461
3582,0.055071,0.043838,0.102318,0.032687,0.00137,0.0,0.05936
3583,0.068444,0.078061,0.059879,0.030681,0.000734,0.0,0.074599
3584,0.057909,0.040325,0.044302,0.053689,0.329493,0.0,0.061185
3585,0.063491,0.052651,0.068406,0.015376,0.009864,0.0,0.067882
3586,0.063126,0.046819,0.090962,0.029184,0.000927,0.0,0.067415
3587,0.072888,0.062774,0.128925,0.023679,0.051676,0.0,0.0788
3588,0.077185,0.081577,0.119382,0.019215,0.001948,0.0,0.084322
3589,0.066996,0.055391,0.076208,0.019046,0.000783,0.0,0.071676
3590,0.067747,0.086503,0.158264,0.049589,0.545474,0.0,0.075938
3591,0.056126,0.040336,0.080007,0.013516,0.013278,0.0,0.059811
3592,0.055669,0.083088,0.086774,0.009976,0.001239,0.0,0.062624
3593,0.067872,0.066806,0.070281,0.015553,0.011038,0.0,0.073309
3594,0.079385,0.072854,0.063782,0.010662,0.001683,0.0,0.085088
3595,0.082711,0.109903,0.090974,0.012801,0.000725,0.0,0.091518
3596,0.078119,0.104024,0.078404,0.010973,0.315599,0.0,0.086369
3597,0.095439,0.057403,0.038036,0.006688,0.005731,0.0,0.099513
3598,0.086509,0.04748,0.052671,0.006546,0.000473,0.0,0.09011
3599,0.073795,0.045501,0.064153,0.009072,0.010784,0.0,0.077507
3600,0.076098,0.04267,0.066232,0.007854,0.001119,0.0,0.079607
3601,0.074479,0.059694,0.065355,0.011673,0.000452,0.0,0.079262
3602,0.078347,0.062468,0.164467,0.219027,0.667135,0.0,0.085057
3603,0.076064,0.041253,0.019609,0.039754,0.018332,0.0,0.078892
3604,0.075573,0.05379,0.019819,0.008794,0.000689,0.0,0.079286
3605,0.074736,0.035234,0.033639,0.008412,0.007337,0.0,0.077261
3606,0.078491,0.061627,0.013043,0.006624,0.000993,0.0,0.082669
3607,0.077452,0.031258,0.022813,0.005305,0.000244,0.0,0.079507
3608,0.067453,0.079891,0.130652,0.021194,0.343732,0.0,0.074717
3609,0.066474,0.052144,0.009692,0.004549,0.005968,0.0,0.069989
3610,0.074943,0.025031,0.008698,0.005855,0.00021,0.0,0.076364
3611,0.070953,0.036758,0.020731,0.011955,0.039215,0.0,0.073454
3612,0.064066,0.08806,0.016772,0.004104,0.001381,0.0,0.070368
3613,0.073482,0.056253,0.008667,0.0053,0.000167,0.0,0.077236
3614,0.067558,0.115647,0.022646,0.012608,0.483181,0.0,0.07601
3615,0.059574,0.089957,0.009252,0.004271,0.009892,0.0,0.06595
3616,0.074421,0.102682,0.015628,0.005813,0.000373,0.0,0.081719
3617,0.078068,0.083924,0.049708,0.143302,0.078637,0.0,0.084651
3618,0.074966,0.081949,0.016603,0.008597,0.003466,0.0,0.080735
3619,0.073548,0.066234,0.00935,0.003602,0.000134,0.0,0.07805
3620,0.078188,0.07273,0.014459,0.016651,0.265339,0.0,0.083248
3621,0.066185,0.064295,0.007718,0.003943,0.011473,0.0,0.070579
3622,0.078923,0.047645,0.021124,0.003394,0.000156,0.0,0.08216
3623,0.07496,0.036301,0.016861,0.008585,0.02722,0.0,0.077337
3624,0.067585,0.041399,0.011996,0.00229,0.00074,0.0,0.070319
3625,0.065126,0.045,0.009935,0.001435,9.4e-05,0.0,0.068117
3626,0.069723,0.054563,0.082886,0.202702,0.443921,0.0,0.074761
3627,0.067593,0.041195,0.013001,0.036973,0.015911,0.0,0.070386
3628,0.066463,0.03336,0.008461,0.005461,0.000277,0.0,0.068564
3629,0.073462,0.105181,0.015977,0.035238,0.053515,0.0,0.081013
3630,0.074175,0.056122,0.009397,0.003201,0.003236,0.0,0.07792
3631,0.066307,0.057172,0.007847,0.002189,0.000148,0.0,0.070168
3632,0.086054,0.181648,0.018489,0.028836,0.360427,0.0,0.099242
3633,0.073255,0.085637,0.011549,0.002644,0.007497,0.0,0.079233
3634,0.076888,0.063182,0.012786,0.005289,0.000149,0.0,0.081188
3635,0.070661,0.047322,0.019783,0.022097,0.115775,0.0,0.07396
3636,0.066553,0.046458,0.012018,0.003656,0.002364,0.0,0.069674
3637,0.079886,0.063341,0.006806,0.002137,6.3e-05,0.0,0.084088
3638,0.061753,0.104642,0.071338,0.03095,0.550733,0.0,0.070128
3639,0.048288,0.117055,0.013654,0.001951,0.008826,0.0,0.056822
3640,0.069979,0.080367,0.007072,0.001222,0.000229,0.0,0.075526
3641,0.063365,0.020035,0.007923,0.002573,0.010517,0.0,0.064487
3642,0.066125,0.045625,0.009216,0.00082,0.00098,0.0,0.069144
3643,0.073842,0.02789,0.006008,0.001356,4.4e-05,0.0,0.07544
3644,0.062235,0.037042,0.008416,0.011674,0.20108,0.0,0.064665
3645,0.067521,0.050255,0.005821,0.002392,0.005155,0.0,0.07083
3646,0.06383,0.050216,0.004441,0.001076,7.6e-05,0.0,0.067144
3647,0.058358,0.06101,0.077643,0.01322,0.130207,0.0,0.06354
3648,0.057957,0.065584,0.006955,0.000961,0.001939,0.0,0.062493
3649,0.066094,0.047935,0.003538,0.001425,5.5e-05,0.0,0.069209
3650,0.07096,0.053871,0.10933,0.207405,0.620728,0.0,0.076315
3651,0.050192,0.062957,0.015075,0.028979,0.019629,0.0,0.054752
3652,0.052707,0.043623,0.010989,0.005084,0.000375,0.0,0.055711
3653,0.05729,0.03766,0.015102,0.002489,0.010603,0.0,0.059867
3654,0.063735,0.0471,0.008472,0.003036,0.001052,0.0,0.066876
3655,0.05478,0.037273,0.004434,0.002309,9.5e-05,0.0,0.057201
3656,0.079261,0.045741,0.216694,0.023665,0.266773,0.0,0.085061
3657,0.077075,0.064475,0.00763,0.004724,0.005822,0.0,0.081399
3658,0.074756,0.06057,0.011244,0.00342,0.000236,0.0,0.078853
3659,0.069354,0.072965,0.01188,0.002248,0.03997,0.0,0.074424
3660,0.069142,0.034674,0.00866,0.003098,0.000779,0.0,0.07132
3661,0.075932,0.041303,0.007701,0.003784,9.6e-05,0.0,0.078539
3662,0.062001,0.12984,0.022484,0.012502,0.303321,0.0,0.071538
3663,0.061659,0.237192,0.057932,0.038051,0.012311,0.0,0.079698
3664,0.076649,0.18089,0.034755,0.038796,0.000909,0.0,0.090068
3665,0.074905,0.198666,0.081723,0.118938,0.062038,0.0,0.090442
3666,0.087954,0.084124,0.042781,0.06183,0.003302,0.0,0.094235
3667,0.101975,0.075746,0.032921,0.041085,0.000453,0.0,0.107355
3668,0.077806,0.08099,0.030581,0.079645,0.313541,0.0,0.083816
3669,0.078798,0.048355,0.027566,0.018223,0.006946,0.0,0.082203
3670,0.086619,0.027563,0.022632,0.019426,0.000372,0.0,0.088352
3671,0.08111,0.113645,0.017421,0.013842,0.005731,0.0,0.089212
3672,0.078227,0.104148,0.014116,0.013121,0.000963,0.0,0.085597
3673,0.080793,0.078859,0.012528,0.015321,0.000266,0.0,0.086244
3674,0.07714,0.164395,0.125652,0.366628,0.678856,0.0,0.091179
3675,0.04458,0.122011,0.023241,0.042146,0.022514,0.0,0.053712
3676,0.067602,0.123789,0.019195,0.011839,0.000612,0.0,0.076582
3677,0.077573,0.162756,0.042304,0.057912,0.066068,0.0,0.089776
3678,0.06951,0.196994,0.021223,0.008723,0.007351,0.0,0.083947
3679,0.079926,0.183476,0.030197,0.013183,0.000344,0.0,0.093407
3680,0.078825,0.239604,0.035086,0.059408,0.478158,0.0,0.096669
3681,0.078561,0.227861,0.022572,0.009876,0.010689,0.0,0.095246
3682,0.092602,0.246008,0.021554,0.012005,0.000406,0.0,0.110521
3683,0.069761,0.220991,0.036866,0.080248,0.117213,0.0,0.086326
3684,0.07434,0.199256,0.02826,0.011696,0.003061,0.0,0.089009
3685,0.089052,0.139055,0.030256,0.009108,0.000197,0.0,0.09915
3686,0.136608,0.652242,0.365924,0.204015,0.366678,1.0,0.189461
3687,0.090005,0.147027,0.027095,0.005612,0.01095,0.0,0.100641
3688,0.06896,0.119289,0.048979,0.009941,0.000267,0.0,0.077996
3689,0.033544,0.0997,0.044421,0.015415,0.006955,0.0,0.041339
3690,0.089089,0.087413,0.031397,0.003172,0.001067,0.0,0.095349
3691,0.021424,0.084611,0.028738,0.01094,0.000504,0.0,0.027967
3692,0.046867,0.123422,0.048384,0.025978,0.271539,0.0,0.056415
3693,0.037403,0.121245,0.033082,0.01466,0.005141,0.0,0.046618
3694,0.050316,0.112179,0.030556,0.006649,0.000408,0.0,0.058709
3695,0.055661,0.157576,0.101214,0.030611,0.015123,0.0,0.068394
3696,0.085961,0.152,0.027312,0.005774,0.001045,0.0,0.097001
3697,0.066276,0.110475,0.017282,0.003647,0.000243,0.0,0.074235
3698,0.037787,0.085757,0.684436,0.657681,0.994225,0.0,0.054384
3699,0.047507,0.083841,0.025478,0.052712,0.056067,0.0,0.053827
3700,0.043245,0.070887,0.011436,0.00634,0.000765,0.0,0.048358
3701,0.049596,0.127215,0.018305,0.006251,0.014177,0.0,0.058948
3702,0.060872,0.124029,0.016171,0.005406,0.001833,0.0,0.069869
3703,0.078236,0.087313,0.009743,0.002449,0.000368,0.0,0.084276
3704,0.112178,0.248249,0.075033,0.060867,0.292519,1.0,0.130944
3705,0.239561,0.054603,0.006072,0.001867,0.005116,1.0,0.241887
3706,0.140456,0.02434,0.010179,0.001773,0.000243,0.0,0.141339
3707,0.08464,0.156434,0.013017,0.006761,0.050071,0.0,0.095831
3708,0.125716,0.043225,0.008932,0.001296,0.001474,0.0,0.128099
3709,0.070455,0.022187,0.01647,0.001448,0.00019,0.0,0.071796
3710,0.039808,0.082798,0.01563,0.013229,0.471869,0.0,0.045932
3711,0.068567,0.128742,0.022971,0.001541,0.012055,0.0,0.077943
3712,0.053674,0.044954,0.020988,0.000903,0.00026,0.0,0.056898
3713,0.059837,0.148916,0.088468,0.15955,0.103689,0.0,0.071952
3714,0.065431,0.181679,0.04079,0.014433,0.004446,0.0,0.079034
3715,0.059353,0.146263,0.044277,0.004527,0.000669,0.0,0.070396
3716,0.045182,0.414538,0.093388,0.057935,0.555765,0.0,0.077095
3717,0.050671,0.155105,0.041184,0.002892,0.018922,0.0,0.062395
3718,0.055785,0.076391,0.045454,0.001546,0.000917,0.0,0.061666
3719,0.105046,0.278957,0.115441,0.040968,0.021332,0.0,0.126648
3720,0.114101,0.114949,0.044631,0.001881,0.001275,0.0,0.122397
3721,0.054211,0.035031,0.046291,0.001947,0.000451,0.0,0.057037
3722,0.03471,0.123197,0.468589,0.826363,0.639939,0.0,0.051463
3723,0.043328,0.06102,0.054145,0.036257,0.041025,0.0,0.04834
3724,0.037165,0.032846,0.080759,0.010785,0.001154,0.0,0.040442
3725,0.023822,0.097361,0.095843,0.013398,0.138704,0.0,0.03222
3726,0.046439,0.091033,0.065148,0.003074,0.007247,0.0,0.053751
3727,0.054609,0.014426,0.071339,0.001721,0.000525,0.0,0.056238
3728,0.049639,0.233584,0.177768,0.111061,0.366593,0.0,0.069276
3729,0.050327,0.105988,0.073431,0.017447,0.008968,0.0,0.05886
3730,0.050166,0.044286,0.066361,0.006466,0.000462,0.0,0.053992
3731,0.055799,0.108636,0.078838,0.023602,0.102256,0.0,0.064578
3732,0.038073,0.032689,0.0838,0.00359,0.002402,0.0,0.04136
3733,0.033728,0.027902,0.108468,0.005114,0.000194,0.0,0.037028
3734,0.090556,0.349014,0.24933,0.069973,0.391116,1.0,0.119375
3735,0.124595,0.03339,0.089283,0.002805,0.012061,0.0,0.127349
3736,0.056326,0.025307,0.140236,0.004481,0.000222,0.0,0.059692
3737,0.036643,0.082951,0.150511,0.009981,0.009383,0.0,0.044599
3738,0.041654,0.045506,0.151943,0.006303,0.001135,0.0,0.046797
3739,0.020251,0.01421,0.160175,0.004941,0.000183,0.0,0.023337
3740,0.037851,0.031097,0.180039,0.019911,0.177763,0.0,0.042367
3741,0.033091,0.043598,0.237122,0.01057,0.004718,0.0,0.03932
3742,0.038553,0.0262,0.284628,0.009488,0.0004,0.0,0.044088
3743,0.028428,0.183067,0.265254,0.073615,0.168001,0.0,0.045576
3744,0.045506,0.107068,0.277117,0.017093,0.00491,0.0,0.05692
3745,0.057759,0.067146,0.23957,0.02217,0.000575,0.0,0.065607
3746,0.035412,0.08917,1.0,0.557461,0.680117,0.0,0.056369
3747,0.045932,0.055544,0.217534,0.0715,0.051075,0.0,0.052797
3748,0.046543,0.012607,0.182892,0.03367,0.001559,0.0,0.049668
3749,0.042158,0.0399,0.120082,0.034706,0.014568,0.0,0.046498
3750,0.058903,0.028112,0.181278,0.023985,0.002023,0.0,0.063049
3751,0.040096,0.017621,0.257564,0.026275,0.000408,0.0,0.044643
3752,0.191928,0.439878,0.30777,0.117457,0.298478,1.0,0.227608
3753,0.109422,0.083491,0.249879,0.027747,0.008265,0.0,0.118243
3754,0.059232,0.070683,0.328119,0.035598,0.001067,0.0,0.068557
3755,0.047631,0.097483,0.278863,0.049977,0.067981,0.0,0.0584
3756,0.049819,0.049787,0.259135,0.0456,0.003942,0.0,0.056742
3757,0.02968,0.066762,0.242502,0.051568,0.003787,0.0,0.037804
3758,0.043741,0.079554,0.276263,0.055488,0.2759,0.0,0.053193
3759,0.062671,0.194871,0.260363,0.07116,0.021039,0.0,0.080358
3760,0.060581,0.145778,0.340572,0.099747,0.005324,0.0,0.075767
3761,0.048779,0.102169,0.342192,0.240531,0.091386,0.0,0.061083
3762,0.040383,0.078924,0.26139,0.128377,0.006779,0.0,0.049723
3763,0.044529,0.059238,0.308949,0.11492,0.004314,0.0,0.052993
3764,0.050545,0.332643,0.380065,0.134503,0.273556,0.0,0.080329
3765,0.074334,0.128742,0.416209,0.124828,0.015437,0.0,0.089218
3766,0.047848,0.065199,0.45823,0.132005,0.003975,0.0,0.058787
3767,0.052907,0.506158,0.268129,0.170332,0.018978,0.0,0.094116
3768,0.084774,0.080866,0.169395,0.062337,0.001842,0.0,0.092555
3769,0.044562,0.041404,0.124233,0.067499,0.002171,0.0,0.049109
3770,0.047726,0.189359,0.404859,0.697283,0.494838,0.0,0.068204
3771,0.050253,0.111964,0.092715,0.075818,0.043914,0.0,0.059598
3772,0.043681,0.043721,0.1648,0.023252,0.001158,0.0,0.04888
3773,0.034242,0.107556,0.18328,0.039946,0.182735,0.0,0.044555
3774,0.061599,0.093701,0.136114,0.020013,0.009537,0.0,0.069987
3775,0.051132,0.014767,0.194317,0.043542,0.000758,0.0,0.054555
3776,0.045585,0.041759,0.298993,0.108058,0.529314,0.0,0.052625
3777,0.080635,0.093616,0.228821,0.032114,0.017257,0.0,0.090152
3778,0.07106,0.105381,0.235186,0.039642,0.0032,0.0,0.081624
3779,0.062487,0.217236,0.287824,0.101749,0.15721,0.0,0.082274
3780,0.045415,0.072961,0.181519,0.044869,0.008152,0.0,0.053042
3781,0.030282,0.057122,0.191089,0.023078,0.002089,0.0,0.036937
3782,0.113094,0.15362,0.362597,0.096269,0.311285,1.0,0.128775
3783,0.110272,0.106104,0.115155,0.009789,0.010692,0.0,0.11891
3784,0.137701,0.054155,0.096208,0.009528,0.000745,0.0,0.142005
3785,0.049649,0.059616,0.132398,0.012942,0.010463,0.0,0.055529
3786,0.039675,0.065706,0.10784,0.006755,0.001238,0.0,0.045739
3787,0.046381,0.052189,0.124188,0.006951,0.000189,0.0,0.05161
3788,0.029695,0.067434,0.136527,0.014811,0.285769,0.0,0.036384
3789,0.025475,0.074018,0.109602,0.002416,0.006604,0.0,0.032283
3790,0.048048,0.080668,0.121802,0.002664,0.000334,0.0,0.055344
3791,0.029618,0.109704,0.152157,0.035652,0.018416,0.0,0.039687
3792,0.070056,0.122349,0.086052,0.001266,0.001658,0.0,0.079799
3793,0.067481,0.131367,0.040882,0.00111,0.000264,0.0,0.077302
3794,0.038014,0.077277,0.586804,0.465806,0.832158,0.0,0.052308
3795,0.041983,0.093266,0.034276,0.031065,0.058289,0.0,0.049128
3796,0.037597,0.065643,0.059534,0.005182,0.00098,0.0,0.043013
3797,0.027545,0.10957,0.046845,0.002853,0.015532,0.0,0.036132
3798,0.015702,0.079773,0.024706,0.001708,0.001638,0.0,0.021858
3799,0.026196,0.102751,0.023545,0.002135,0.000308,0.0,0.033968
3800,0.206319,0.252993,0.058067,0.043409,0.293149,1.0,0.22446
3801,0.0832,0.067663,0.009792,0.00153,0.006457,0.0,0.087738
3802,0.254872,0.075779,0.013782,0.001353,0.000305,1.0,0.258761
3803,0.078325,0.193703,0.013861,0.018294,0.119138,0.0,0.092374
3804,0.022298,0.07976,0.007178,0.000846,0.001206,0.0,0.028163
3805,0.113908,0.060335,0.004341,0.00068,0.000157,0.0,0.117591
3806,0.044737,0.113012,0.023813,0.016258,0.585442,0.0,0.053195
3807,0.078274,0.090766,0.007566,0.001158,0.010683,0.0,0.084539
3808,0.078968,0.06353,0.009706,0.001047,0.000248,0.0,0.083229
3809,0.059243,0.150255,0.065885,0.165698,0.172434,0.0,0.071171
3810,0.080946,0.046332,0.030343,0.014124,0.007782,0.0,0.084215
3811,0.091947,0.048905,0.028064,0.001008,0.000227,0.0,0.095269
3812,0.08474,0.367502,0.047897,0.050976,0.490737,0.0,0.112217
3813,0.045954,0.071354,0.011389,0.001391,0.020113,0.0,0.051073
3814,0.081885,0.041169,0.018543,0.000952,0.000608,0.0,0.084579
3815,0.070229,0.227996,0.076116,0.066717,0.03845,0.0,0.087816
3816,0.123714,0.076848,0.024587,0.000901,0.001193,0.0,0.128827
3817,0.078642,0.020261,0.034009,0.000824,0.000131,0.0,0.080014
3818,0.057868,0.05742,0.345995,1.0,0.580566,0.0,0.068185
3819,0.084951,0.061102,0.040373,0.079267,0.071153,0.0,0.089543
3820,0.078426,0.042002,0.014309,0.011558,0.001124,0.0,0.08117
3821,0.055195,0.11802,0.042196,0.03161,0.13441,0.0,0.064196
3822,0.084827,0.047073,0.01977,0.003071,0.009638,0.0,0.087959
3823,0.062087,0.016157,0.033623,0.001911,0.000476,0.0,0.063277
3824,0.06506,0.044258,0.088749,0.151814,0.409075,0.0,0.069355
3825,0.108435,0.07608,0.022056,0.014176,0.011983,0.0,0.113597
3826,0.081364,0.141837,0.028366,0.002458,0.000409,0.0,0.091691
3827,0.057806,0.489608,0.083717,0.016168,0.207812,0.0,0.094985
3828,0.09119,0.150703,0.028282,0.001356,0.002334,0.0,0.102099
3829,0.093097,0.121016,0.023391,0.001775,0.000129,0.0,0.101716
3830,0.143336,0.730404,0.119284,0.144094,0.511272,1.0,0.198512
3831,0.065033,0.087279,0.01511,0.00354,0.011468,0.0,0.071246
3832,0.186052,0.081475,0.024585,0.004505,0.000299,1.0,0.191041
3833,0.07885,0.120665,0.042971,0.006084,0.007916,0.0,0.087825
3834,0.041212,0.109175,0.041641,0.005884,0.001175,0.0,0.0496
3835,0.107209,0.109295,0.03837,0.006445,0.00025,0.0,0.11506
3836,0.109435,0.100893,0.05264,0.018524,0.177784,0.0,0.116869
3837,0.080253,0.080832,0.046327,0.01237,0.007631,0.0,0.086309
3838,0.072289,0.114679,0.063987,0.012574,0.000828,0.0,0.081165
3839,0.072353,0.167582,0.116961,0.053723,0.149773,0.0,0.085966
3840,0.098281,0.186825,0.073958,0.006467,0.00336,0.0,0.112454
3841,0.070751,0.161745,0.071584,0.008812,0.000338,0.0,0.083238
3842,0.071089,0.122092,0.581518,0.573009,0.940223,0.0,0.088589
3843,0.069409,0.131677,0.06206,0.054309,0.043148,0.0,0.079621
3844,0.049155,0.082676,0.066487,0.018781,0.001594,0.0,0.05587
3845,0.062897,0.167364,0.078865,0.017409,0.015187,0.0,0.075977
3846,0.082907,0.132544,0.043325,0.01696,0.00228,0.0,0.092759
3847,0.064318,0.110488,0.038742,0.018666,0.001854,0.0,0.07261
3848,0.1681,0.33253,0.159755,0.089307,0.297758,1.0,0.193913
3849,0.345153,0.068082,0.056917,0.019469,0.00659,1.0,0.348399
3850,0.058503,0.078177,0.05803,0.023638,0.001146,0.0,0.064706
3851,0.0315,0.095336,0.055717,0.030666,0.075087,0.0,0.039171
3852,0.133923,0.044207,0.04934,0.022875,0.003557,0.0,0.136904
3853,0.068235,0.081951,0.044418,0.023084,0.0015,0.0,0.074459
3854,0.067184,0.108591,0.027783,0.030804,0.263534,0.0,0.075202
3855,0.080435,0.196492,0.006896,0.009354,0.011836,0.0,0.094558
3856,0.079341,0.177146,0.011879,0.01272,0.001544,0.0,0.092105
3857,0.060988,0.14046,0.051655,0.122421,0.1087,0.0,0.071901
3858,0.086324,0.161897,0.014155,0.014802,0.00494,0.0,0.097935
3859,0.101162,0.162448,0.010847,0.009136,0.000933,0.0,0.112646
3860,0.080299,0.332137,0.020611,0.034802,0.235484,0.0,0.104764
3861,0.120289,0.128431,0.010611,0.010466,0.012292,0.0,0.129096
3862,0.087161,0.148333,0.011593,0.011138,0.001118,0.0,0.097714
3863,0.105847,0.419133,0.03954,0.043029,0.013989,0.0,0.136851
3864,0.157872,0.178151,0.016151,0.006311,0.001052,0.0,0.17016
3865,0.100501,0.141498,0.018373,0.010525,0.001517,0.0,0.110535
3866,0.071383,0.218947,0.317118,0.82971,0.448823,0.0,0.092921
3867,0.094865,0.250615,0.039152,0.069555,0.071615,0.0,0.113454
3868,0.074646,0.277551,0.015759,0.020329,0.002091,0.0,0.094986
3869,0.054406,0.269654,0.036968,0.06309,0.134346,0.0,0.074683
3870,0.091937,0.307565,0.028192,0.02568,0.013728,0.0,0.114557
3871,0.090599,0.312545,0.0261,0.024699,0.001452,0.0,0.113569
3872,0.0682,0.256159,0.086506,0.131565,0.246697,0.0,0.088166
3873,0.07233,0.301144,0.03907,0.036531,0.011458,0.0,0.094789
3874,0.060159,0.371493,0.04889,0.028192,0.001194,0.0,0.088064
3875,0.087951,0.326938,0.067225,0.073596,0.105591,0.0,0.112663
3876,0.079436,0.331731,0.040069,0.032636,0.00598,0.0,0.104124
3877,0.040663,0.274979,0.03514,0.02779,0.000712,0.0,0.061346
3878,0.050013,0.386202,0.174731,0.174338,0.471988,0.0,0.081084
3879,0.09124,0.03687,0.026565,0.007252,0.016547,0.0,0.093664
3880,0.126233,0.015671,0.053734,0.009715,0.000744,0.0,0.127185
3881,0.024575,0.020588,0.040937,0.006855,0.008353,0.0,0.026489
3882,0.099527,0.02934,0.067175,0.004357,0.001649,0.0,0.101872
3883,0.07545,0.011444,0.082983,0.00527,0.000271,0.0,0.076862
3884,0.024728,0.062046,0.135113,0.013526,0.350034,0.0,0.031037
3885,0.054263,0.023469,0.037906,0.004616,0.007756,0.0,0.056119
3886,0.04574,0.02077,0.039429,0.003183,0.000501,0.0,0.047478
3887,0.062993,0.076318,0.057983,0.024207,0.012343,0.0,0.069024
3888,0.06393,0.05458,0.023866,0.002755,0.001256,0.0,0.067834
3889,0.05973,0.048825,0.047591,0.003031,0.000312,0.0,0.06356
3890,0.055399,0.103994,0.59153,0.798849,0.844913,0.0,0.072198
3891,0.062677,0.036777,0.029902,0.058953,0.071132,0.0,0.065451
3892,0.066527,0.011999,0.005432,0.008299,0.001127,0.0,0.067002
3893,0.054721,0.065288,0.018989,0.004424,0.011394,0.0,0.05943
3894,0.086767,0.042647,0.004801,0.00227,0.002556,0.0,0.08935
3895,0.07583,0.018802,0.00308,0.001842,0.000368,0.0,0.076697
3896,0.100447,0.373266,0.138022,0.038142,0.318233,0.0,0.129424
3897,0.137759,0.036561,0.004474,0.002111,0.009771,0.0,0.139496
3898,0.247466,0.020699,0.001546,0.001852,0.000181,1.0,0.247147
3899,0.032957,0.09073,0.009297,0.00968,0.039461,0.0,0.039605
3900,0.14447,0.067349,0.002951,0.001199,0.001156,0.0,0.148425
3901,0.086394,0.027945,0.001516,0.000945,0.000111,0.0,0.087839
3902,0.050831,0.116352,0.023982,0.016585,0.496789,0.0,0.05949
3903,0.103905,0.049528,0.00364,0.000748,0.017097,0.0,0.106852
3904,0.094242,0.030272,0.001092,0.000555,0.000207,0.0,0.095793
3905,0.025509,0.306943,0.10005,0.113639,0.13188,0.0,0.049726
3906,0.05798,0.054524,0.012173,0.009899,0.00653,0.0,0.06178
3907,0.056726,0.022152,0.003473,0.001025,0.000109,0.0,0.057992
3908,0.058572,0.528738,0.02601,0.017361,0.280794,0.0,0.097881
3909,0.033667,0.084505,0.00924,0.001121,0.015352,0.0,0.039828
3910,0.052714,0.02618,0.001371,0.000811,0.000344,0.0,0.054281
3911,0.076356,0.151523,0.080085,0.038443,0.020089,0.0,0.088208
3912,0.03266,0.049522,0.003423,0.000885,0.000746,0.0,0.036145
3913,0.075039,0.02881,0.001765,0.001035,0.000101,0.0,0.076637
3914,0.062234,0.079686,0.53873,0.885181,0.44823,0.0,0.076581
3915,0.059082,0.044528,0.012572,0.047641,0.056319,0.0,0.062204
3916,0.056594,0.02156,0.002242,0.008067,0.000837,0.0,0.057812
3917,0.03954,0.076775,0.020281,0.016006,0.143773,0.0,0.045265
3918,0.054652,0.057077,0.003549,0.002707,0.010087,0.0,0.058537
3919,0.053052,0.02238,0.003313,0.002269,0.000339,0.0,0.054362
3920,0.055553,0.194038,0.120472,0.089399,0.351622,0.0,0.071386
3921,0.041027,0.097425,0.021984,0.011672,0.006757,0.0,0.048285
3922,0.0463,0.04457,0.013991,0.003358,0.000498,0.0,0.04946
3923,0.05574,0.152747,0.082914,0.015163,0.193372,0.0,0.067849
3924,0.078954,0.043419,0.040487,0.001093,0.003059,0.0,0.082136
3925,0.054695,0.021081,0.0361,0.001452,0.000129,0.0,0.05634
3926,0.044587,0.390476,0.188706,0.062974,0.419949,0.0,0.076008
3927,0.150686,0.064928,0.052048,0.002077,0.01425,1.0,0.155082
3928,0.133617,0.070946,0.057965,0.000996,0.000275,0.0,0.138668
3929,0.041297,0.039769,0.065809,0.002522,0.007478,0.0,0.04484
3930,0.106342,0.036385,0.093193,0.002299,0.001305,0.0,0.10951
3931,0.097556,0.02216,0.108171,0.001877,0.000105,0.0,0.099934
3932,0.038378,0.032242,0.154157,0.012362,0.156186,0.0,0.042609
3933,0.0591,0.03789,0.131976,0.003176,0.005137,0.0,0.063267
3934,0.06216,0.039122,0.150074,0.004381,0.000421,0.0,0.066643
3935,0.073741,0.08253,0.280365,0.043568,0.169294,0.0,0.083214
3936,0.098195,0.049601,0.216407,0.014387,0.005119,0.0,0.104102
3937,0.079428,0.037811,0.232854,0.018351,0.000478,0.0,0.084829
3938,0.057519,0.074719,0.680256,0.387015,0.70293,0.0,0.072596
3939,0.060775,0.089395,0.201167,0.068759,0.0558,0.0,0.06982
3940,0.05189,0.037206,0.235814,0.054563,0.000915,0.0,0.05756
3941,0.045291,0.065602,0.244607,0.039172,0.008451,0.0,0.053218
3942,0.070646,0.049156,0.272934,0.056021,0.002303,0.0,0.077569
3943,0.059049,0.042418,0.331788,0.103024,0.001155,0.0,0.06644
3944,0.06447,0.206276,0.342668,0.153087,0.340292,0.0,0.084272
3945,0.177184,0.066182,0.186799,0.093811,0.016706,1.0,0.183461
3946,0.158248,0.0373,0.238167,0.096054,0.006086,0.0,0.16322
3947,0.039798,0.075054,0.23448,0.183854,0.058117,0.0,0.048589
3948,0.063682,0.054881,0.219792,0.118625,0.007817,0.0,0.070473
3949,0.070591,0.039992,0.295558,0.12536,0.006979,0.0,0.077261
3950,0.036099,0.082693,0.315752,0.136088,0.255728,0.0,0.046518
3951,0.061936,0.045836,0.296246,0.118288,0.018734,0.0,0.069104
3952,0.047801,0.055082,0.330892,0.102736,0.01069,0.0,0.056208
3953,0.053624,0.124549,0.332541,0.326367,0.109359,0.0,0.067577
3954,0.058315,0.064414,0.315845,0.204506,0.011927,0.0,0.067311
3955,0.056699,0.05046,0.301054,0.157132,0.008314,0.0,0.064384
3956,0.044456,0.178338,0.28662,0.212423,0.395794,0.0,0.061677
3957,0.088399,0.064141,0.191131,0.169311,0.017746,0.0,0.095391
3958,0.051118,0.044871,0.314577,0.14012,0.005269,0.0,0.058583
3959,0.050261,0.295578,0.241692,0.199391,0.024091,0.0,0.075509
3960,0.080242,0.04674,0.217477,0.114552,0.005727,0.0,0.086262
3961,0.068194,0.039292,0.187621,0.117701,0.008653,0.0,0.073353
3962,0.0473,0.084464,0.466881,0.815983,0.451318,0.0,0.06102
3963,0.042891,0.06849,0.073422,0.144062,0.061429,0.0,0.048915
3964,0.039337,0.055665,0.142645,0.198676,0.00551,0.0,0.045465
3965,0.04296,0.082981,0.093629,0.308998,0.133852,0.0,0.05063
3966,0.059346,0.046081,0.079306,0.226322,0.021888,0.0,0.063798
3967,0.063251,0.030847,0.068005,0.228014,0.008405,0.0,0.066388
3968,0.058874,0.06948,0.087811,0.370447,0.457904,0.0,0.065466
3969,0.073418,0.085058,0.129728,0.121432,0.023284,0.0,0.081164
3970,0.081452,0.042989,0.072144,0.231924,0.0033,0.0,0.085417
3971,0.0631,0.107093,0.127539,0.263851,0.111885,0.0,0.07279
3972,0.056185,0.068178,0.073395,0.187795,0.005291,0.0,0.062158
3973,0.065015,0.051391,0.0979,0.14182,0.004761,0.0,0.069923
3974,0.121461,0.261698,0.19075,0.230317,0.242987,1.0,0.143022
3975,0.201014,0.128403,0.093699,0.126956,0.019608,1.0,0.210536
3976,0.118575,0.024068,0.152556,0.140018,0.006526,0.0,0.12178
3977,0.031241,0.034133,0.187016,0.169437,0.01351,0.0,0.036379
3978,0.13178,0.055775,0.154489,0.122801,0.006806,0.0,0.13724
3979,0.025117,0.058485,0.14544,0.106628,0.00516,0.0,0.031439
3980,0.040676,0.088133,0.152127,0.105584,0.1984,0.0,0.049188
3981,0.049073,0.101946,0.174423,0.103075,0.012191,0.0,0.058835
3982,0.053182,0.03816,0.215979,0.088992,0.001569,0.0,0.058704
3983,0.052975,0.1765,0.19026,0.100704,0.013438,0.0,0.068468
3984,0.086065,0.188691,0.121271,0.134639,0.002826,0.0,0.101336
3985,0.077379,0.117058,0.162216,0.160954,0.001494,0.0,0.087986
3986,0.035622,0.12125,0.387279,0.752666,0.739315,0.0,0.050996
3987,0.036783,0.122948,0.140615,0.10932,0.055433,0.0,0.047757
3988,0.039558,0.044764,0.128043,0.058359,0.002269,0.0,0.044429
3989,0.055447,0.113188,0.106846,0.109386,0.018632,0.0,0.065093
3990,0.073377,0.052051,0.096618,0.112457,0.003303,0.0,0.0782
3991,0.060397,0.024715,0.141037,0.089224,0.000899,0.0,0.063847
3992,0.110169,0.308245,0.22428,0.214483,0.618078,1.0,0.13573
3993,0.230633,0.039108,0.10563,0.059626,0.014354,1.0,0.233326
3994,0.066842,0.045997,0.139127,0.080814,0.001333,0.0,0.071787
3995,0.043208,0.071287,0.113768,0.122133,0.040712,0.0,0.049946
3996,0.148541,0.070264,0.051643,0.092799,0.002799,0.0,0.153503
3997,0.038723,0.038925,0.040601,0.067638,0.000608,0.0,0.041995
3998,0.03726,0.107021,0.140052,0.101556,0.479075,0.0,0.04705
3999,0.073884,0.08415,0.090855,0.084148,0.017145,0.0,0.080966
4000,0.075558,0.072036,0.07793,0.09401,0.000783,0.0,0.081567
4001,0.036764,0.20937,0.118573,0.270418,0.108878,0.0,0.054157
4002,0.049905,0.070163,0.060117,0.111893,0.008677,0.0,0.05576
4003,0.066528,0.026073,0.054793,0.112883,0.000902,0.0,0.068904
4004,0.06137,0.175429,0.057591,0.169157,0.433404,0.0,0.075065
4005,0.111675,0.083421,0.058721,0.121023,0.028733,0.0,0.118044
4006,0.07119,0.03828,0.045072,0.111531,0.0011,0.0,0.074305
4007,0.0684,0.30629,0.115943,0.105594,0.007527,0.0,0.092435
4008,0.130136,0.06939,0.062768,0.149044,0.001402,0.0,0.135422
4009,0.067913,0.032913,0.077469,0.17466,0.000569,0.0,0.071203
4010,0.082075,0.123593,0.466148,0.725064,0.585953,0.0,0.098282
4011,0.062188,0.099639,0.093263,0.184316,0.074113,0.0,0.070724
4012,0.064052,0.036661,0.085899,0.154816,0.002019,0.0,0.06773
4013,0.078184,0.21563,0.085393,0.19632,0.136025,0.0,0.095149
4014,0.077084,0.101915,0.094123,0.140217,0.010653,0.0,0.085606
4015,0.052878,0.062564,0.148094,0.139236,0.001304,0.0,0.059386
4016,0.025772,0.203016,0.217936,0.385914,0.240183,0.0,0.044335
4017,0.069638,0.092677,0.120198,0.151286,0.012895,0.0,0.077903
4018,0.06781,0.050089,0.054218,0.086487,0.001247,0.0,0.071909
4019,0.068278,0.135307,0.075737,0.122685,0.13971,0.0,0.079081
4020,0.076254,0.056265,0.033541,0.214975,0.005515,0.0,0.080693
4021,0.060728,0.042992,0.045351,0.177987,0.001115,0.0,0.064393
4022,0.061426,0.359395,0.113383,0.287633,0.577036,0.0,0.089787
4023,0.120888,0.063454,0.034338,0.146122,0.020151,0.0,0.125414
4024,0.120718,0.037123,0.056502,0.249104,0.001571,0.0,0.123765
4025,0.065405,0.05493,0.079041,0.181388,0.009687,0.0,0.070386
4026,0.066414,0.022044,0.048505,0.164052,0.003119,0.0,0.068495
4027,0.05578,0.029344,0.026954,0.235088,0.001826,0.0,0.058317
4028,0.051433,0.045601,0.024879,0.178967,0.152646,0.0,0.055096
4029,0.055574,0.052682,0.071049,0.274711,0.012594,0.0,0.060518
4030,0.060928,0.05448,0.066276,0.211941,0.003441,0.0,0.06579
4031,0.105544,0.226781,0.079001,0.248648,0.104777,0.0,0.123134
4032,0.074322,0.159164,0.02753,0.417489,0.008222,0.0,0.086709
4033,0.067147,0.117384,0.03883,0.411351,0.003871,0.0,0.076621
4034,0.047062,0.077967,0.422292,0.437433,0.687191,0.0,0.059046
4035,0.047338,0.081461,0.068336,0.314163,0.058404,0.0,0.054522
4036,0.059489,0.049938,0.049905,0.31952,0.011589,0.0,0.063991
4037,0.043501,0.046753,0.131903,0.297561,0.024332,0.0,0.048963
4038,0.077377,0.057762,0.055158,0.301702,0.013424,0.0,0.082366
4039,0.073683,0.054227,0.079649,0.259625,0.014131,0.0,0.078695
4040,0.110881,0.127913,0.126452,0.33019,0.256883,0.0,0.121868
4041,0.059291,0.07557,0.070041,0.251913,0.032541,0.0,0.065858
4042,0.200382,0.046551,0.035535,0.278917,0.010267,1.0,0.203293
4043,0.069859,0.168465,0.070186,0.284961,0.074285,0.0,0.083322
4044,0.014549,0.084096,0.080898,0.297394,0.023456,0.0,0.022318
4045,0.070882,0.066006,0.142673,0.232189,0.020173,0.0,0.077599
4046,0.05561,0.041582,0.165609,0.383427,0.44125,0.0,0.061228
4047,0.057969,0.06158,0.144133,0.357833,0.039354,0.0,0.064697
4048,0.09107,0.036135,0.122543,0.341219,0.03052,0.0,0.095329
4049,0.139194,0.082875,0.104619,0.512176,0.126867,0.0,0.146627
4050,0.11004,0.040292,0.075554,0.303654,0.043042,0.0,0.113761
4051,0.10279,0.038207,0.05062,0.245151,0.051485,0.0,0.105971
4052,0.072672,0.178128,0.115505,0.376597,0.331016,0.0,0.087625
4053,0.158853,0.064003,0.098307,0.393526,0.035451,0.0,0.164433
4054,0.097875,0.037352,0.065795,0.305566,0.033352,0.0,0.101341
4055,0.106223,0.161901,0.121644,0.34027,0.060567,0.0,0.119716
4056,0.076569,0.082233,0.069747,0.274399,0.023333,0.0,0.083536
4057,0.0864,0.067022,0.10324,0.212596,0.023737,0.0,0.092505
4058,0.094311,0.092359,0.246323,0.690097,0.421778,0.0,0.105046
4059,0.101843,0.038563,0.05284,0.273303,0.143427,0.0,0.105142
4060,0.076803,0.073912,0.032677,0.202975,0.084777,0.0,0.082524
4061,0.078135,0.109156,0.041048,0.196599,0.195027,0.0,0.086578
4062,0.091441,0.12695,0.021596,0.186426,0.089811,0.0,0.100819
4063,0.099225,0.044098,0.018541,0.169974,0.114396,0.0,0.102308
4064,0.108371,0.336549,0.078607,0.376561,0.454392,0.0,0.13435
4065,0.093459,0.082656,0.037167,0.250656,0.145035,0.0,0.099852
4066,0.111565,0.040238,0.02802,0.13434,0.140657,0.0,0.114335
4067,0.097955,0.217208,0.057248,0.175349,0.236643,0.0,0.114475
4068,0.17538,0.209991,0.092204,0.19879,0.093574,0.0,0.19128
4069,0.116505,0.116439,0.075142,0.233327,0.11303,0.0,0.12572
4070,0.120488,0.541371,0.284495,0.227098,0.450261,0.0,0.164152
4071,0.20567,0.146649,0.070213,0.123226,0.110277,0.0,0.216194
4072,0.157438,0.074409,0.036771,0.107337,0.125068,0.0,0.162472
4073,0.121758,0.113546,0.027876,0.105104,0.134047,0.0,0.129853
4074,0.171799,0.083632,0.015651,0.097345,0.084844,0.0,0.177104
4075,0.103032,0.068098,0.020037,0.104254,0.104914,0.0,0.107777
4076,0.061579,0.073585,0.029972,0.11234,0.288971,0.0,0.067209
4077,0.074826,0.052168,0.015146,0.093482,0.087468,0.0,0.078513
4078,0.075056,0.041494,0.015869,0.059955,0.066843,0.0,0.077897
4079,0.072929,0.235482,0.088958,0.133953,0.065297,0.0,0.091346
4080,0.085852,0.170322,0.028373,0.050704,0.046251,0.0,0.098352
4081,0.082869,0.140072,0.010978,0.023038,0.03518,0.0,0.092855
4082,0.057004,0.072559,0.329436,0.430026,0.509007,0.0,0.067227
4083,0.067317,0.026096,0.023201,0.064917,0.088692,0.0,0.069181
4084,0.09395,0.039566,0.007173,0.023326,0.022799,0.0,0.09632
4085,0.107432,0.100128,0.061805,0.040372,0.036392,0.0,0.114978
4086,0.087582,0.109252,0.018779,0.015175,0.019428,0.0,0.095329
4087,0.086255,0.048462,0.011474,0.014945,0.015834,0.0,0.089388
4088,0.172922,0.308228,0.15554,0.257239,0.238545,1.0,0.197123
4089,0.227509,0.158979,0.053364,0.016564,0.018974,0.0,0.238364
4090,0.239802,0.126187,0.02084,0.010871,0.008424,0.0,0.24767
4091,0.119117,0.087637,0.020244,0.021101,0.057871,0.0,0.125048
4092,0.163559,0.119745,0.007442,0.010224,0.013105,0.0,0.171345
4093,0.187166,0.087527,0.003678,0.00703,0.008729,0.0,0.192318
4094,0.05386,0.153789,0.057633,0.064176,0.263985,0.0,0.065807
4095,0.106584,0.223303,0.01726,0.012259,0.017907,0.0,0.12265
4096,0.096228,0.177014,0.00843,0.005538,0.004079,0.0,0.108795
4097,0.0948,0.277939,0.09359,0.124521,0.109971,0.0,0.11626
4098,0.083476,0.177248,0.037373,0.021792,0.012568,0.0,0.096579
4099,0.083714,0.103404,0.014273,0.005752,0.002921,0.0,0.090977
4100,0.076369,0.297928,0.082873,0.066022,0.323599,0.0,0.099223
4101,0.147465,0.088711,0.066833,0.009495,0.019493,0.0,0.153869
4102,0.082925,0.112991,0.035548,0.00636,0.003344,0.0,0.091198
4103,0.11084,0.172769,0.110861,0.083627,0.033828,0.0,0.124508
4104,0.1191,0.243071,0.021635,0.008038,0.003321,0.0,0.136592
4105,0.092778,0.120619,0.008497,0.003131,0.000902,0.0,0.10117
4106,0.058979,0.31466,0.251931,0.487556,0.380245,0.0,0.086247
4107,0.095727,0.314746,0.060814,0.062835,0.063083,0.0,0.119364
4108,0.086435,0.234635,0.013928,0.005937,0.001832,0.0,0.10344
4109,0.08769,0.207128,0.048068,0.02381,0.082359,0.0,0.103138
4110,0.09012,0.109805,0.015976,0.006231,0.012847,0.0,0.097835
4111,0.070187,0.040726,0.009919,0.002294,0.001217,0.0,0.072822
4112,0.109876,0.321274,0.104949,0.117041,0.403895,0.0,0.134607
4113,0.116003,0.207652,0.033432,0.023189,0.01147,0.0,0.131071
4114,0.118804,0.202251,0.017257,0.005551,0.000781,0.0,0.133197
4115,0.075856,0.103331,0.087397,0.0563,0.128329,0.0,0.084262
4116,0.093314,0.076911,0.0299,0.006535,0.0066,0.0,0.098745
4117,0.11408,0.047414,0.019297,0.003008,0.00029,0.0,0.117008
4118,0.078196,0.107404,0.121901,0.147827,0.384847,0.0,0.087532
4119,0.172493,0.099072,0.048704,0.00774,0.013709,0.0,0.179229
4120,0.034617,0.067254,0.015634,0.001414,0.000554,0.0,0.039574
4121,0.037634,0.06111,0.015475,0.015343,0.00955,0.0,0.042134
4122,0.059509,0.119005,0.0143,0.003396,0.002958,0.0,0.068114
4123,0.082257,0.110735,0.009007,0.001693,0.0002,0.0,0.089998
4124,0.123723,0.229282,0.049638,0.024614,0.176192,0.0,0.140574
4125,0.110497,0.220952,0.018474,0.004833,0.006312,0.0,0.126361
4126,0.092253,0.183258,0.009621,0.001293,0.000295,0.0,0.105323
4127,0.105488,0.255,0.101385,0.111529,0.177042,0.0,0.125247
4128,0.09575,0.376771,0.04044,0.009862,0.004126,0.0,0.12363
4129,0.089827,0.217251,0.014251,0.002275,0.000301,0.0,0.10551
4130,0.075473,0.257128,0.344575,0.361561,0.578882,0.0,0.099382
4131,0.069245,0.078753,0.021515,0.055965,0.067953,0.0,0.074974
4132,0.073364,0.087234,0.008598,0.0053,0.001035,0.0,0.079425
4133,0.092231,0.163806,0.031957,0.030019,0.015188,0.0,0.104208
4134,0.089061,0.203059,0.016207,0.006189,0.003618,0.0,0.103727
4135,0.098748,0.187757,0.00632,0.002139,0.000256,0.0,0.11206
4136,0.134746,0.352311,0.118853,0.194361,0.237333,0.0,0.161911
4137,0.170792,0.164601,0.02827,0.015532,0.012355,0.0,0.182154
4138,0.046541,0.18831,0.008903,0.002005,0.000398,0.0,0.060327
4139,0.046996,0.123703,0.037563,0.040199,0.057314,0.0,0.05643
4140,0.033696,0.100195,0.014674,0.00487,0.00378,0.0,0.041105
4141,0.086035,0.044439,0.007134,0.001546,0.000154,0.0,0.088787
4142,0.071068,0.122528,0.036985,0.035868,0.33499,0.0,0.080232
4143,0.084946,0.150252,0.030506,0.01041,0.019866,0.0,0.095916
4144,0.089655,0.105618,0.015889,0.002069,0.000516,0.0,0.097053
4145,0.059746,0.111923,0.069128,0.108622,0.120193,0.0,0.068757
4146,0.093481,0.175814,0.027649,0.010974,0.010249,0.0,0.106251
4147,0.098827,0.080173,0.009131,0.001749,0.00021,0.0,0.104169
4148,0.10832,0.474675,0.032318,0.111399,0.565638,0.0,0.143494
4149,0.172645,0.162255,0.025633,0.010406,0.02699,0.0,0.183775
4150,0.095499,0.110843,0.012103,0.002169,0.000648,0.0,0.10319
4151,0.093706,0.289495,0.0462,0.047563,0.02677,0.0,0.115251
4152,0.150807,0.124521,0.012616,0.005798,0.001462,0.0,0.159108
4153,0.085107,0.050765,0.011578,0.000949,6.2e-05,0.0,0.088396
4154,0.069179,0.076245,0.303117,0.680235,0.461224,0.0,0.079661
4155,0.079457,0.05483,0.066204,0.069695,0.06768,0.0,0.083958
4156,0.091508,0.034382,0.0196,0.007665,0.001362,0.0,0.093649
4157,0.070707,0.121952,0.054297,0.037104,0.071056,0.0,0.080052
4158,0.082771,0.048233,0.015081,0.011193,0.021612,0.0,0.085956
4159,0.091025,0.057621,0.013224,0.002749,0.000499,0.0,0.094804
4160,0.127162,0.265176,0.11575,0.107064,0.410376,0.0,0.147714
4161,0.16175,0.191582,0.069647,0.013215,0.019849,0.0,0.175748
4162,0.12047,0.162283,0.022881,0.002169,0.00056,0.0,0.131945
4163,0.094075,0.249657,0.053674,0.041653,0.100127,0.0,0.112749
4164,0.053613,0.099911,0.027434,0.005642,0.004859,0.0,0.061023
4165,0.063387,0.066918,0.012666,0.001358,0.000245,0.0,0.068059
4166,0.047972,0.166781,0.219293,0.268252,0.381176,0.0,0.06349
4167,0.188511,0.029046,0.065917,0.0114,0.020941,0.0,0.190153
4168,0.137681,0.046011,0.02524,0.001178,0.000308,0.0,0.140401
4169,0.013223,0.031148,0.024373,0.017576,0.003681,0.0,0.015802
4170,0.079425,0.051948,0.015006,0.001594,0.00138,0.0,0.082893
4171,0.040001,0.074482,0.008375,0.001417,0.000107,0.0,0.045357
4172,0.059919,0.08068,0.050924,0.04341,0.281999,0.0,0.066252
4173,0.058153,0.099933,0.018627,0.012947,0.008241,0.0,0.065425
4174,0.060682,0.072404,0.007489,0.001165,0.00016,0.0,0.065712
4175,0.068845,0.232846,0.067013,0.074213,0.046517,0.0,0.086694
4176,0.091657,0.157737,0.042651,0.014389,0.001706,0.0,0.103303
4177,0.061724,0.131229,0.025172,0.001209,6.1e-05,0.0,0.071365
4178,0.061055,0.105769,0.305063,0.38255,0.78652,0.0,0.073322
4179,0.045902,0.11514,0.022895,0.063356,0.081136,0.0,0.05455
4180,0.04725,0.054071,0.00894,0.00499,0.001252,0.0,0.051045
4181,0.058657,0.128757,0.034132,0.033016,0.016172,0.0,0.068316
4182,0.056388,0.10754,0.014856,0.009448,0.003339,0.0,0.064181
4183,0.042206,0.057762,0.00831,0.00165,0.000149,0.0,0.0463
4184,0.075125,0.309617,0.128258,0.12345,0.198631,0.0,0.099567
4185,0.359211,0.112348,0.036923,0.013394,0.010753,1.0,0.365363
4186,0.076564,0.099287,0.010966,0.001338,0.000328,0.0,0.083522
4187,0.068437,0.073688,0.01815,0.012946,0.044119,0.0,0.073672
4188,0.056159,0.095262,0.008842,0.004103,0.003615,0.0,0.062949
4189,0.043906,0.056104,0.004717,0.001636,0.000103,0.0,0.047814
4190,0.015185,0.133303,0.070276,0.058723,0.239047,0.0,0.026062
4191,0.033483,0.129337,0.040161,0.013683,0.015329,0.0,0.043425
4192,0.036612,0.086998,0.015226,0.002266,0.000271,0.0,0.043019
4193,0.041922,0.147554,0.106995,0.122219,0.088603,0.0,0.054257
4194,0.087852,0.143705,0.042674,0.021036,0.008816,0.0,0.098496
4195,0.084399,0.095048,0.01124,0.001398,0.000258,0.0,0.090985
4196,0.086934,0.357873,0.038793,0.083434,0.382431,0.0,0.113605
4197,0.206867,0.072469,0.023557,0.022059,0.033942,1.0,0.211046
4198,0.089662,0.053772,0.007793,0.001777,0.000548,0.0,0.09309
4199,0.060183,0.111014,0.132376,0.11926,0.020867,0.0,0.069994
4200,0.095101,0.118612,0.023316,0.006296,0.000976,0.0,0.103533
4201,0.086721,0.070742,0.010402,0.000822,9.3e-05,0.0,0.091468
4202,0.086915,0.12566,0.318572,0.474771,0.330889,0.0,0.100782
4203,0.054327,0.117952,0.070648,0.063595,0.05504,0.0,0.063766
4204,0.072442,0.076087,0.020607,0.008961,0.000968,0.0,0.077849
4205,0.087535,0.136404,0.026045,0.017917,0.054734,0.0,0.097409
4206,0.110094,0.122957,0.017298,0.008402,0.010439,0.0,0.118658
4207,0.079829,0.082924,0.008951,0.001114,0.000224,0.0,0.085517
4208,0.08553,0.141978,0.121555,0.144915,0.344168,0.0,0.097371
4209,0.122776,0.199578,0.039629,0.033207,0.012207,0.0,0.137292
4210,0.095126,0.128972,0.013305,0.002944,0.000254,0.0,0.104187
4211,0.075602,0.114028,0.051684,0.029861,0.129772,0.0,0.084275
4212,0.104294,0.107665,0.03474,0.007901,0.004698,0.0,0.111999
4213,0.092101,0.11415,0.017998,0.002258,0.000103,0.0,0.100144
4214,0.094684,0.264274,0.183439,0.165443,0.412697,0.0,0.116438
4215,0.091659,0.087287,0.072001,0.018863,0.021486,0.0,0.098469
4216,0.205345,0.123046,0.024922,0.0017,0.000289,1.0,0.213281
4217,0.058128,0.102173,0.033731,0.010554,0.002639,0.0,0.065767
4218,0.041731,0.112311,0.015956,0.00279,0.001563,0.0,0.049994
4219,0.157438,0.063535,0.009461,0.000757,5.8e-05,0.0,0.161097
4220,0.079477,0.118287,0.048851,0.019028,0.09079,0.0,0.088377
4221,0.088308,0.11493,0.023667,0.011043,0.003776,0.0,0.096531
4222,0.106546,0.077437,0.010533,0.00187,0.000101,0.0,0.111644
4223,0.123277,0.088454,0.07053,0.097075,0.098243,0.0,0.130055
4224,0.141035,0.084837,0.051713,0.015875,0.003107,0.0,0.147005
4225,0.123771,0.088167,0.019627,0.001913,0.000159,0.0,0.129661
4226,0.097092,0.081796,0.328726,0.386785,0.628264,0.0,0.107619
4227,0.098116,0.094705,0.037103,0.047481,0.07219,0.0,0.105008
4228,0.075951,0.055311,0.008701,0.004117,0.000923,0.0,0.079615
4229,0.08976,0.0736,0.031433,0.031858,0.01224,0.0,0.095037
4230,0.091358,0.070494,0.017612,0.006822,0.002644,0.0,0.096161
4231,0.088676,0.075932,0.004945,0.002887,0.000228,0.0,0.093724
4232,0.131947,0.149755,0.072193,0.137252,0.254136,0.0,0.143325
4233,0.495579,0.090881,0.031115,0.026658,0.013812,1.0,0.499038
4234,0.034037,0.052761,0.011482,0.002664,0.000403,0.0,0.037866
4235,0.090899,0.064138,0.019284,0.012524,0.058162,0.0,0.095268
4236,0.178163,0.057981,0.008638,0.004257,0.004551,0.0,0.181247
4237,0.031685,0.05442,0.005662,0.003586,0.00032,0.0,0.035577
4238,0.066358,0.071267,0.027045,0.075045,0.350772,0.0,0.071677
4239,0.089582,0.073663,0.022561,0.023275,0.015577,0.0,0.094731
4240,0.075312,0.0575,0.017048,0.004032,0.000459,0.0,0.079257
4241,0.068299,0.110244,0.060672,0.097268,0.133858,0.0,0.076987
4242,0.082043,0.105023,0.043096,0.022952,0.009742,0.0,0.089861
4243,0.078931,0.074952,0.012435,0.003932,0.000461,0.0,0.084084
4244,0.093892,0.36075,0.065565,0.104127,0.290265,0.0,0.121118
4245,0.218672,0.165545,0.055165,0.038684,0.019973,1.0,0.230146
4246,0.077578,0.078072,0.020396,0.005692,0.000644,0.0,0.083085
4247,0.080006,0.250879,0.053694,0.083219,0.033072,0.0,0.098946
4248,0.189265,0.147923,0.020587,0.014934,0.001972,1.0,0.199139
4249,0.092802,0.095207,0.010688,0.003754,0.00026,0.0,0.099333
4250,0.086028,0.154827,0.426922,0.63592,0.313737,0.0,0.103824
4251,0.086346,0.16666,0.05793,0.06298,0.080926,0.0,0.098995
4252,0.091377,0.136819,0.012618,0.00753,0.00218,0.0,0.101049
4253,0.078161,0.125579,0.024632,0.041469,0.0824,0.0,0.087325
4254,0.100918,0.149319,0.011209,0.010791,0.015299,0.0,0.111435
4255,0.088051,0.109092,0.00746,0.003227,0.000882,0.0,0.095607
4256,0.083256,0.221426,0.053269,0.066178,0.216069,0.0,0.099955
4257,0.119355,0.117059,0.056154,0.026294,0.019578,0.0,0.127968
4258,0.096071,0.112998,0.024991,0.006356,0.000472,0.0,0.1041
4259,0.092369,0.150917,0.033585,0.056388,0.086141,0.0,0.103459
4260,0.093966,0.103895,0.030414,0.014199,0.010596,0.0,0.101422
4261,0.041852,0.099321,0.011359,0.002253,0.000473,0.0,0.049084
4262,0.056982,0.255692,0.133113,0.133931,0.381288,0.0,0.077645
4263,0.357052,0.088533,0.045594,0.014089,0.026007,1.0,0.361567
4264,0.151018,0.079688,0.015812,0.00114,0.000477,0.0,0.156015
4265,0.033675,0.093055,0.012403,0.009415,0.005384,0.0,0.040529
4266,0.121293,0.087564,0.006808,0.003841,0.002458,0.0,0.126986
4267,0.036792,0.096991,0.008051,0.00179,0.000184,0.0,0.043844
4268,0.056496,0.07485,0.023356,0.034594,0.214034,0.0,0.062028
4269,0.063062,0.036673,0.019051,0.011066,0.013328,0.0,0.06559
4270,0.072181,0.055128,0.009533,0.002272,0.000376,0.0,0.075868
4271,0.069494,0.083498,0.086482,0.087744,0.044673,0.0,0.07651
4272,0.081511,0.086751,0.044522,0.020701,0.003487,0.0,0.087988
4273,0.084273,0.052321,0.014354,0.001982,0.000143,0.0,0.087724
4274,0.052291,0.043319,0.251315,0.462303,0.83561,0.0,0.05939
4275,0.056886,0.108636,0.034587,0.053685,0.078782,0.0,0.065107
4276,0.054649,0.057153,0.009315,0.00418,0.001436,0.0,0.05862
4277,0.060555,0.079287,0.040106,0.042139,0.013283,0.0,0.066614
4278,0.066536,0.096757,0.035448,0.011773,0.007402,0.0,0.073733
4279,0.078327,0.07145,0.013441,0.002739,0.000307,0.0,0.083236
4280,0.127955,0.248463,0.07743,0.187052,0.297019,1.0,0.146871
4281,0.335108,0.094387,0.046516,0.029151,0.019181,1.0,0.340264
4282,0.22138,0.099335,0.024483,0.003905,0.000348,0.0,0.227427
4283,0.014506,0.201994,0.025385,0.027348,0.046689,0.0,0.029826
4284,0.15623,0.051413,0.019456,0.007163,0.004778,0.0,0.159144
4285,0.057263,0.055482,0.008875,0.002197,0.000105,0.0,0.06108
4286,0.039706,0.097441,0.055866,0.038014,0.304071,0.0,0.0475
4287,0.04188,0.119832,0.047579,0.021481,0.024931,0.0,0.051165
4288,0.04118,0.043376,0.017722,0.004166,0.00047,0.0,0.044343
4289,0.034515,0.10986,0.078825,0.10544,0.132986,0.0,0.043692
4290,0.075589,0.094502,0.059727,0.026735,0.013519,0.0,0.082905
4291,0.071539,0.129887,0.01341,0.004718,0.000357,0.0,0.080852
4292,0.081504,0.359746,0.025883,0.078155,0.27394,0.0,0.108165
4293,0.113706,0.033227,0.015217,0.009886,0.025132,0.0,0.115538
4294,0.057549,0.027961,0.007898,0.002694,0.000624,0.0,0.059304
4295,0.078846,0.37186,0.039897,0.06003,0.020604,0.0,0.106571
4296,0.110399,0.082258,0.020471,0.008453,0.000716,0.0,0.115973
4297,0.086555,0.088875,0.016341,0.001282,6.7e-05,0.0,0.092735
4298,0.061971,0.202859,0.293527,0.410049,0.710697,0.0,0.081344
4299,0.057632,0.204266,0.051511,0.075462,0.065518,0.0,0.073233
4300,0.059937,0.199941,0.006904,0.007074,0.001467,0.0,0.074469
4301,0.059248,0.203991,0.024576,0.057261,0.117944,0.0,0.074421
4302,0.055533,0.078153,0.01974,0.007364,0.018716,0.0,0.061209
4303,0.062529,0.082714,0.011876,0.00346,0.000585,0.0,0.068376
4304,0.065611,0.120849,0.092621,0.126591,0.470004,0.0,0.075614
4305,0.042992,0.084656,0.034866,0.032614,0.029238,0.0,0.049498
4306,0.05428,0.071683,0.01115,0.003114,0.000524,0.0,0.059359
4307,0.059237,0.139417,0.016141,0.038018,0.047313,0.0,0.069451
4308,0.137396,0.129181,0.01582,0.007021,0.006381,1.0,0.146192
4309,0.058572,0.107213,0.007248,0.00127,0.000137,0.0,0.066207
4310,0.080745,0.200529,0.087303,0.18094,0.613174,0.0,0.096596
4311,0.21588,0.065511,0.021942,0.008896,0.03653,1.0,0.219428
4312,0.212871,0.040977,0.008062,0.001199,0.00065,0.0,0.214411
4313,0.018346,0.06838,0.008496,0.010076,0.010808,0.0,0.02343
4314,0.135901,0.08873,0.010503,0.003483,0.003626,0.0,0.141619
4315,0.083327,0.045164,0.020584,0.000937,0.000164,0.0,0.086335
4316,0.055725,0.116757,0.021108,0.014348,0.150971,0.0,0.064312
4317,0.048926,0.036304,0.017693,0.009746,0.013896,0.0,0.051513
4318,0.050072,0.063843,0.009935,0.002156,0.000363,0.0,0.054582
4319,0.056012,0.039482,0.062102,0.112212,0.242512,0.0,0.059578
4320,0.058424,0.027196,0.042629,0.016308,0.010435,0.0,0.060611
4321,0.05492,0.032873,0.014629,0.002112,0.000155,0.0,0.057151
4322,0.06125,0.07562,0.378124,0.287218,0.777711,0.0,0.072094
4323,0.054354,0.089833,0.034845,0.063949,0.095793,0.0,0.061218
4324,0.061782,0.076758,0.012243,0.006603,0.002066,0.0,0.067202
4325,0.061717,0.067602,0.020359,0.027841,0.013006,0.0,0.066605
4326,0.051491,0.105326,0.020578,0.007769,0.002685,0.0,0.059232
4327,0.05353,0.058274,0.00817,0.002543,0.000224,0.0,0.057575
4328,0.087449,0.204311,0.165214,0.161757,0.279582,0.0,0.104533
4329,0.251154,0.126315,0.025637,0.012338,0.021243,1.0,0.259014
4330,0.217421,0.10245,0.014406,0.002819,0.000553,0.0,0.223591
4331,0.045576,0.148868,0.011583,0.018755,0.036238,0.0,0.056502
4332,0.12725,0.122571,0.005673,0.004712,0.003867,0.0,0.13549
4333,0.116344,0.102818,0.00814,0.001281,0.000172,0.0,0.123224
4334,0.045379,0.156789,0.057453,0.049217,0.56541,0.0,0.057605
4335,0.064755,0.113245,0.047168,0.014652,0.020678,0.0,0.073358
4336,0.04415,0.086538,0.016139,0.004674,0.001071,0.0,0.050482
4337,0.047482,0.097059,0.084779,0.182069,0.112078,0.0,0.055821
4338,0.062458,0.103086,0.041905,0.028655,0.012923,0.0,0.070274
4339,0.068115,0.03439,0.016708,0.003649,0.000903,0.0,0.070389
4340,0.059949,0.177428,0.030668,0.066547,0.264696,0.0,0.073248
4341,0.094597,0.096109,0.03178,0.016449,0.033252,0.0,0.101492
4342,0.064519,0.060357,0.011636,0.001558,0.000821,0.0,0.068681
4343,0.06857,0.077855,0.055194,0.057597,0.013916,0.0,0.074693
4344,0.051266,0.092537,0.020152,0.006914,0.001843,0.0,0.058049
4345,0.064489,0.068173,0.008143,0.001412,0.000243,0.0,0.069185
4346,0.065694,0.096715,0.20221,0.576383,0.396149,0.0,0.076171
4347,0.053567,0.153624,0.069239,0.067466,0.096488,0.0,0.065657
4348,0.065277,0.153155,0.013753,0.008423,0.001904,0.0,0.076381
4349,0.065724,0.12565,0.027194,0.045027,0.132627,0.0,0.075032
4350,0.08221,0.101145,0.019296,0.009787,0.0228,0.0,0.089392
4351,0.066873,0.046634,0.007445,0.002502,0.000556,0.0,0.06994
4352,0.050502,0.124121,0.035608,0.049094,0.20978,0.0,0.059938
4353,0.05599,0.06303,0.032419,0.012341,0.028625,0.0,0.060719
4354,0.049519,0.093383,0.019288,0.003418,0.000518,0.0,0.05636
4355,0.063246,0.065541,0.027816,0.034379,0.095797,0.0,0.068086
4356,0.116643,0.05284,0.021453,0.007156,0.005206,0.0,0.119992
4357,0.08073,0.07209,0.012307,0.004376,0.000219,0.0,0.085655
4358,0.086694,0.168571,0.099419,0.154979,0.60127,0.0,0.100238
4359,0.369342,0.045759,0.036373,0.016069,0.029125,1.0,0.370459
4360,0.064101,0.068081,0.026758,0.005096,0.000905,0.0,0.069053
4361,0.118816,0.143077,0.014915,0.008472,0.006745,0.0,0.128779
4362,0.131631,0.09113,0.008205,0.004243,0.003886,0.0,0.137531
4363,0.037433,0.064312,0.008366,0.001917,0.000295,0.0,0.042051
4364,0.068867,0.066529,0.017549,0.021206,0.167777,0.0,0.07358
4365,0.073885,0.076911,0.011104,0.007237,0.014369,0.0,0.079211
4366,0.059073,0.044121,0.009285,0.003992,0.00063,0.0,0.06204
4367,0.058407,0.158561,0.07905,0.127615,0.049826,0.0,0.071063
4368,0.077033,0.08221,0.064568,0.018272,0.004604,0.0,0.083474
4369,0.077475,0.095891,0.029581,0.004413,0.000464,0.0,0.084431
4370,0.080096,0.097396,0.325078,0.391865,0.536601,0.0,0.091867
4371,0.072575,0.110895,0.026486,0.06848,0.0761,0.0,0.080761
4372,0.082754,0.082822,0.006825,0.006813,0.001631,0.0,0.088393
4373,0.082112,0.141318,0.032378,0.032917,0.010343,0.0,0.092503
4374,0.082277,0.134653,0.023409,0.010685,0.006995,0.0,0.09201
4375,0.069806,0.101463,0.01022,0.003259,0.000402,0.0,0.07697
4376,0.073237,0.208317,0.108525,0.216735,0.254498,0.0,0.090053
4377,0.142458,0.111903,0.031659,0.011242,0.02305,0.0,0.150153
4378,0.253897,0.102168,0.015911,0.002558,0.001218,1.0,0.259788
4379,0.034965,0.07313,0.019961,0.010794,0.025668,0.0,0.040433
4380,0.02551,0.067773,0.007602,0.004467,0.003314,0.0,0.030471
4381,0.127566,0.047069,0.010045,0.003009,0.000356,0.0,0.13024
4382,0.066435,0.073078,0.036297,0.045254,0.424666,0.0,0.071967
4383,0.065945,0.074044,0.031565,0.02709,0.033978,0.0,0.071432
4384,0.0603,0.093262,0.021987,0.00704,0.000865,0.0,0.067093
4385,0.066256,0.096562,0.075348,0.117867,0.105327,0.0,0.074174
4386,0.083962,0.086676,0.027419,0.027952,0.015951,0.0,0.090196
4387,0.076179,0.074455,0.007247,0.003672,0.001107,0.0,0.081245
4388,0.080349,0.246758,0.025287,0.092439,0.200763,0.0,0.098621
4389,0.101512,0.072462,0.032668,0.020146,0.022056,0.0,0.106612
4390,0.074737,0.049373,0.02142,0.002464,0.000753,0.0,0.078137
4391,0.075569,0.111908,0.026801,0.083702,0.018191,0.0,0.083835
4392,0.120272,0.106037,0.015707,0.016046,0.002179,0.0,0.12749
4393,0.08561,0.05648,0.006696,0.004088,0.000553,0.0,0.08926
4394,0.072527,0.144609,0.256894,0.599062,0.338837,0.0,0.087295
4395,0.065166,0.187633,0.053684,0.15367,0.070215,0.0,0.079637
4396,0.068049,0.183091,0.012889,0.008589,0.002485,0.0,0.081348
4397,0.078577,0.158311,0.034564,0.0624,0.086831,0.0,0.090345
4398,0.065068,0.130608,0.01144,0.011674,0.020448,0.0,0.074471
4399,0.076921,0.087985,0.011077,0.004037,0.000818,0.0,0.083041
4400,0.082211,0.266382,0.092665,0.141822,0.363248,0.0,0.102941
4401,0.067772,0.088635,0.050007,0.054742,0.033857,0.0,0.07463
4402,0.085871,0.135242,0.016473,0.008584,0.00106,0.0,0.095522
4403,0.075468,0.137032,0.013846,0.029874,0.03706,0.0,0.085335
4404,0.059388,0.141694,0.024639,0.025906,0.004884,0.0,0.069862
4405,0.09517,0.070776,0.010846,0.003424,0.000668,0.0,0.099866
4406,0.101013,0.255118,0.088635,0.162336,0.040193,0.0,0.120722
4407,0.440811,0.070326,0.032646,0.013872,0.001496,1.0,0.443155
4408,0.040547,0.038675,0.018738,0.003475,0.000402,0.0,0.043378
4409,0.09691,0.075688,0.019399,0.047115,0.001078,0.0,0.102152
4410,0.077568,0.05842,0.016317,0.014492,0.000665,0.0,0.081573
4411,0.071144,0.034827,0.012891,0.005025,0.000369,0.0,0.073378
4412,0.037754,0.07064,0.01854,0.01448,0.000665,0.0,0.043001
4413,0.044061,0.091511,0.013462,0.005115,0.000524,0.0,0.050728
4414,0.046058,0.07381,0.00763,0.005864,0.000502,0.0,0.051315
4415,0.05619,0.044072,0.035941,0.100561,0.009754,0.0,0.059707
4416,0.06634,0.07276,0.053905,0.036542,0.002091,0.0,0.072046
4417,0.071439,0.100534,0.031416,0.009223,0.000348,0.0,0.07882
4418,0.064514,0.072986,0.035145,0.013115,0.001044,0.0,0.069955
4419,0.046823,0.071058,0.014481,0.007598,0.000716,0.0,0.051965
4420,0.038306,0.050423,0.015024,0.002346,0.000167,0.0,0.041975
4421,0.042791,0.057844,0.016909,0.041331,0.002005,0.0,0.047073
4422,0.046214,0.047072,0.017555,0.016976,0.000737,0.0,0.049634
4423,0.037622,0.04441,0.008255,0.003739,0.00013,0.0,0.040759
4424,0.052049,0.123349,0.029272,0.073119,0.016818,0.0,0.06136
4425,0.040952,0.144702,0.039325,0.046672,0.002519,0.0,0.052026
4426,0.033969,0.141827,0.02028,0.007534,0.00052,0.0,0.044555
4427,0.035431,0.091372,0.011843,0.010367,0.000547,0.0,0.042141
4428,0.015237,0.084492,0.009946,0.004026,0.000107,0.0,0.021552
4429,0.016041,0.054601,0.005675,0.005431,0.000102,0.0,0.02007
4430,0.015561,0.070298,0.044106,0.048269,0.002158,0.0,0.021359
4431,0.014409,0.135297,0.061562,0.026196,0.000733,0.0,0.025251
4432,0.008858,0.118671,0.019062,0.003257,0.00039,0.0,0.017888
4433,0.013298,0.058587,0.029824,0.01903,0.001068,0.0,0.017995
4434,0.012624,0.087721,0.023818,0.007658,0.000445,0.0,0.019394
4435,0.027255,0.055047,0.010169,0.002216,0.000111,0.0,0.031287
4436,0.025691,0.097525,0.039444,0.092977,0.01795,0.0,0.033453
4437,0.025246,0.125644,0.057018,0.037769,0.002022,0.0,0.035246
4438,0.021001,0.075631,0.022311,0.004316,0.000231,0.0,0.026781
4439,0.023132,0.114642,0.03114,0.042241,0.001767,0.0,0.031986
4440,0.0262,0.196425,0.033271,0.013413,0.000627,0.0,0.041095
4441,0.018693,0.062802,0.010157,0.003194,0.000373,0.0,0.023369
4442,0.019019,0.11553,0.033045,0.091931,0.004971,0.0,0.028083
4443,0.023874,0.088962,0.027716,0.014609,0.000487,0.0,0.030715
4444,0.026692,0.032489,0.015202,0.005442,0.000387,0.0,0.029123
4445,0.030099,0.12861,0.016558,0.031664,0.000794,0.0,0.039722
4446,0.041063,0.100377,0.013818,0.008475,0.000364,0.0,0.048424
4447,0.036971,0.072971,0.013725,0.00313,0.000341,0.0,0.042312
4448,0.040653,0.092335,0.015472,0.003438,0.000475,0.0,0.047432
4449,0.059452,0.050021,0.007391,0.004437,0.000722,0.0,0.06283
4450,0.059532,0.0622,0.007527,0.005363,0.001553,0.0,0.06382
4451,0.068735,0.104842,0.018695,0.020407,0.003946,0.0,0.076305
4452,0.100328,0.115637,0.016922,0.04124,0.010533,1.0,0.108474
4453,0.125578,0.127284,0.008003,0.045534,0.010735,0.0,0.134285
4454,0.212395,0.281816,0.01754,0.052678,0.02031,1.0,0.232085
4455,0.019615,0.05277,0.00578,0.026243,0.033132,0.0,0.02352
4456,0.003332,0.047659,0.005341,0.041105,0.035113,0.0,0.007
4457,0.000764,0.037099,0.004299,0.037541,0.036121,0.0,0.003646
4458,0.000628,0.059806,0.004188,0.042752,0.03563,0.0,0.005208
4459,0.000733,0.062288,0.004737,0.031709,0.034803,0.0,0.005486
4460,0.000265,0.057747,0.007792,0.039471,0.034934,0.0,0.004738
4461,0.000116,0.058711,0.004504,0.02879,0.031,0.0,0.004598
4462,6.1e-05,0.049146,0.003344,0.021756,0.023658,0.0,0.003804
4463,0.000528,0.018068,0.004104,0.026147,0.035872,0.0,0.001972
4464,0.001096,0.007406,0.00309,0.020931,0.029596,0.0,0.001719
4465,0.000674,0.01899,0.00359,0.023488,0.02631,0.0,0.002174
4466,0.00043,0.021318,0.00276,0.018385,0.034605,0.0,0.002085
4467,0.00062,0.010635,0.00317,0.014865,0.019194,0.0,0.001478
4468,0.000179,0.007857,0.003127,0.011106,0.018391,0.0,0.000826
4469,5.5e-05,0.035156,0.004678,0.015439,0.024913,0.0,0.002764
4470,0.000111,0.038304,0.001988,0.010057,0.014939,0.0,0.003006
4471,1.2e-05,0.010901,0.003415,0.01041,0.013089,0.0,0.000888
4472,0.000292,0.016063,0.004684,0.011271,0.011795,0.0,0.001569
4473,0.001062,0.018068,0.002315,0.011078,0.010084,0.0,0.002451
4474,0.000182,0.017601,0.001584,0.008517,0.00516,0.0,0.001527
4475,0.000146,0.023336,0.001152,0.011223,0.007436,0.0,0.001917
4476,0.000157,0.005332,0.001442,0.008171,0.00657,0.0,0.000587
4477,8.9e-05,0.002733,0.001413,0.005871,0.006136,0.0,0.000322
4478,0.000142,0.014374,0.001976,0.008277,0.005374,0.0,0.001253
4479,4.4e-05,0.024268,0.000953,0.00546,0.003684,0.0,0.001873
4480,1.4e-05,0.014732,0.00153,0.006735,0.002879,0.0,0.001144
4481,0.000278,0.020397,0.00114,0.005537,0.002741,0.0,0.001819
4482,0.000526,0.002332,0.001632,0.003481,0.002946,0.0,0.000724
4483,0.000121,0.004279,0.001265,0.003167,0.002786,0.0,0.000461
4484,0.000156,0.011465,0.001342,0.002427,0.001987,0.0,0.001031
4485,0.00056,0.020784,0.001052,0.002852,0.001881,0.0,0.002122
4486,0.000164,0.01727,0.00061,0.002942,0.00123,0.0,0.001461
4487,1.7e-05,0.017903,0.001315,0.0022,0.001479,0.0,0.001372
4488,1.3e-05,0.014179,0.001166,0.002771,0.001617,0.0,0.001089
4489,7e-06,0.007207,0.000427,0.001538,0.001288,0.0,0.000552
4490,8.4e-05,0.009976,0.005124,0.004492,0.000955,0.0,0.000904
4491,0.000228,0.06052,0.076991,0.035524,0.001186,1.0,0.005838
4492,7.4e-05,0.04951,0.128852,0.07955,0.002807,0.0,0.005646
4493,8.2e-05,0.087343,0.138831,0.124304,0.004025,1.0,0.008684
4494,0.000173,0.109287,0.153586,0.091005,0.002796,0.0,0.01055
4495,6.3e-05,0.097811,0.127513,0.05497,0.004733,0.0,0.00917
4496,6e-06,0.042384,0.096405,0.057809,0.001858,0.0,0.004571
4497,6e-06,0.031441,0.109227,0.052929,0.000576,0.0,0.003921
4498,1.4e-05,0.012243,0.241077,0.200113,0.00202,0.0,0.004548
4499,3.7e-05,0.009519,0.180132,0.228273,0.00168,0.0,0.00359
4500,2e-05,0.010672,0.164968,0.229357,0.001592,0.0,0.003455
4501,3e-06,0.005829,0.146804,0.213328,0.00147,0.0,0.002803
4502,1.6e-05,0.008858,0.142764,0.25366,0.000894,0.0,0.003057
4503,4.7e-05,0.012353,0.018403,0.010633,0.000282,0.0,0.001235
4504,5e-06,0.065291,0.029745,0.014944,0.000289,0.0,0.005295
4505,3.8e-05,0.067885,0.032241,0.011516,0.000405,0.0,0.005548
4506,2.1e-05,0.065801,0.026031,0.008694,0.000514,0.0,0.005287
4507,1.7e-05,0.039135,0.013693,0.011369,0.000338,0.0,0.003136
4508,4e-06,0.007398,0.101242,0.008611,0.000379,0.0,0.001943
4509,4e-06,0.008284,0.160086,0.026932,0.000456,0.0,0.00284
4510,3e-06,0.007587,0.189397,0.035533,0.000363,0.0,0.0032
4511,8e-06,0.008732,0.192758,0.047034,0.000818,0.0,0.003356
4512,1e-06,0.009871,0.189126,0.062447,0.000567,0.0,0.003412
4513,1.4e-05,0.007345,0.175247,0.072044,0.000694,0.0,0.003065
4514,2e-06,0.008969,0.172124,0.126095,0.001328,0.0,0.003226
4515,2e-06,0.007822,0.170904,0.087988,0.001798,0.0,0.003058
4516,3e-06,0.007863,0.195874,0.140144,0.001257,0.0,0.003492
4517,4e-06,0.010282,0.258569,0.194693,0.002784,0.0,0.00462
4518,6e-06,0.011092,0.253723,0.214416,0.00379,0.0,0.004651
4519,2e-06,0.010148,0.210581,0.167327,0.004211,0.0,0.003908
4520,2e-06,0.011129,0.221815,0.186225,0.006093,0.0,0.004167
4521,4e-06,0.010676,0.28091,0.150579,0.006473,0.0,0.004875
4522,3e-06,0.011629,0.291486,0.199368,0.004068,0.0,0.005174
4523,4e-06,0.009047,0.24962,0.114232,0.005671,0.0,0.004266
4524,3e-06,0.007482,0.17542,0.154333,0.00735,0.0,0.003211
4525,2e-06,0.007303,0.138222,0.155706,0.005682,0.0,0.002694
4526,7e-06,0.006118,0.13073,0.163172,0.00191,0.0,0.002523
4527,3e-06,0.006637,0.156848,0.130165,0.004379,0.0,0.002854
4528,1e-06,0.00678,0.164654,0.197506,0.001427,0.0,0.003087
4529,3e-06,0.006361,0.166312,0.158291,0.003193,0.0,0.003011
4530,4e-06,0.006942,0.171239,0.174176,0.002148,0.0,0.00315
4531,2e-06,0.014892,0.081657,0.096445,0.000494,0.0,0.002387
4532,6e-06,0.004758,0.061017,0.020281,0.00041,0.0,0.001223
4533,5e-06,0.006574,0.194332,0.114671,0.003309,0.0,0.003333
4534,2e-06,0.00372,0.216141,0.091921,0.003375,0.0,0.003374
4535,2e-06,0.002431,0.237801,0.120812,0.003669,0.0,0.003622
4536,3e-06,0.002094,0.214123,0.088686,0.00289,0.0,0.00322
4537,1e-06,0.001333,0.175102,0.065844,0.00347,0.0,0.002593
4538,1e-06,0.002171,0.228452,0.060282,0.00165,0.0,0.003368
4539,1e-06,0.002041,0.246364,0.045846,0.001244,0.0,0.003577
4540,2e-06,0.001632,0.173423,0.048185,0.001006,0.0,0.002561
4541,1e-06,0.000465,0.175023,0.067179,0.00076,0.0,0.002528
4542,0.0,0.000296,0.205087,0.063541,0.000835,0.0,0.002917
4543,0.0,0.000619,0.243949,0.043484,0.001755,0.0,0.003433
4544,2e-06,0.000382,0.203021,0.021841,0.001699,0.0,0.002824
4545,2e-06,0.000602,0.199325,0.062566,0.002212,0.0,0.002861
4546,3e-06,0.000434,0.17242,0.071299,0.001764,0.0,0.0025
4547,3e-06,0.000461,0.170621,0.062476,0.001129,0.0,0.002462
4548,5e-06,0.0005,0.208505,0.037775,0.001049,0.0,0.002938
4549,2e-06,0.001095,0.157256,0.044384,0.001055,0.0,0.002296
4550,2e-06,0.000732,0.084962,0.022301,0.000889,0.0,0.001248
4551,5e-06,0.001233,0.022235,0.008631,0.00033,0.0,0.000414
4552,7e-06,0.00303,0.054232,0.010374,0.000359,0.0,0.000987
4553,1e-06,0.001408,0.177088,0.01184,0.000875,0.0,0.002529
4554,1e-06,0.0007,0.165207,0.013092,0.001077,0.0,0.002318
4555,1e-06,0.000543,0.174759,0.015911,0.000762,0.0,0.002441
4556,1e-06,0.000873,0.187852,0.01096,0.00061,0.0,0.002635
4557,1e-06,0.001163,0.177559,0.008956,0.000376,0.0,0.002513
4558,1e-06,0.000639,0.147042,0.012495,0.000404,0.0,0.002066
4559,1e-06,0.000793,0.199543,0.014461,0.000381,0.0,0.002793
4560,7e-06,0.00161,0.19569,0.012798,0.000342,0.0,0.002804
4561,1.1e-05,0.00125,0.220203,0.013742,0.000215,0.0,0.003116
4562,6e-06,0.001485,0.169467,0.009156,0.000235,0.0,0.002433
4563,8e-06,0.001509,0.166077,0.010866,0.000137,0.0,0.002393
4564,4e-06,0.001622,0.177576,0.011693,0.000165,0.0,0.002555
4565,1.2e-05,0.001547,0.186975,0.011165,0.000132,0.0,0.002684
4566,7e-06,0.001313,0.188126,0.009346,0.000175,0.0,0.002674
4567,1.3e-05,0.001387,0.17294,0.00572,0.000151,0.0,0.002473
4568,1.4e-05,0.001649,0.159662,0.00462,0.000185,0.0,0.002311
4569,1.1e-05,0.001459,0.133995,0.00533,0.000127,0.0,0.001948
4570,1.4e-05,0.00142,0.129825,0.006467,0.000188,0.0,0.001892
4571,1.2e-05,0.002252,0.148643,0.005381,0.000169,0.0,0.002206
4572,1.3e-05,0.002241,0.114506,0.005031,0.000267,0.0,0.001742
4573,8e-06,0.002065,0.109325,0.003852,0.000159,0.0,0.001652
4574,8e-06,0.001604,0.129127,0.00362,0.000172,0.0,0.001886
4575,1e-05,0.000989,0.154544,0.00296,0.000106,0.0,0.002186
4576,5e-06,0.000497,0.182817,0.003912,7.6e-05,0.0,0.002529
4577,1e-05,0.000312,0.190179,0.005198,9e-05,0.0,0.002623
4578,3e-06,0.000209,0.182357,0.007177,8.3e-05,0.0,0.002506
4579,8e-06,0.000772,0.177308,0.006804,5.7e-05,0.0,0.002483
4580,9e-06,0.000627,0.203595,0.010189,6.9e-05,0.0,0.002836
4581,5e-06,0.000494,0.213057,0.011372,8.6e-05,0.0,0.002953
4582,9e-06,0.000882,0.181807,0.015324,0.000144,0.0,0.002569
4583,9e-06,0.00079,0.188292,0.013932,9.6e-05,0.0,0.002647
4584,1e-05,0.000997,0.196897,0.006832,0.000141,0.0,0.002768
4585,1e-05,0.001057,0.214761,0.007408,0.000129,0.0,0.003016
4586,1.6e-05,0.001047,0.194154,0.011228,6.3e-05,0.0,0.002748
4587,1.5e-05,0.088524,0.061086,0.00312,2.8e-05,1.0,0.007438
4588,1.7e-05,0.123528,0.034197,0.002572,3.7e-05,1.0,0.00968
4589,1.5e-05,0.123743,0.028348,0.00274,4.2e-05,0.0,0.009614
4590,1.5e-05,0.139129,0.019652,0.003154,4.3e-05,0.0,0.010642
4591,3.3e-05,0.14493,0.015647,0.004801,2.7e-05,0.0,0.011041
4592,9e-06,0.1513,0.016477,0.002289,3.2e-05,0.0,0.011498
4593,3e-06,0.110628,0.01561,0.002285,2.7e-05,0.0,0.008453
4594,8e-06,0.059508,0.009075,0.001249,3.2e-05,0.0,0.004563
4595,2e-05,0.039224,0.005219,0.000927,1.7e-05,0.0,0.003012
4596,1.1e-05,0.042553,0.00816,0.000774,3.2e-05,0.0,0.00329
4597,6e-06,0.053681,0.005411,0.000688,3e-05,0.0,0.004077
4598,9e-06,0.033767,0.00417,0.000979,2.7e-05,0.0,0.002581
4599,6e-06,0.033335,0.003085,0.000778,1.7e-05,0.0,0.00253
4600,1e-05,0.038311,0.003151,0.000878,1.7e-05,0.0,0.002905
4601,1.1e-05,0.03253,0.003336,0.000623,1.9e-05,0.0,0.002479
4602,7e-06,0.02558,0.002797,0.000454,1.5e-05,0.0,0.001949
4603,8e-06,0.020542,0.002272,0.000381,1.3e-05,0.0,0.001569
4604,7e-06,0.023303,0.00319,0.000548,1.4e-05,0.0,0.001785
4605,7e-06,0.01616,0.004674,0.000869,1.6e-05,0.0,0.001275
4606,4e-06,0.025329,0.00626,0.000841,1.4e-05,0.0,0.001976
4607,4e-06,0.038516,0.003509,0.000528,1.9e-05,0.0,0.002919
4608,4e-06,0.046671,0.003756,0.000692,2.1e-05,0.0,0.00353
4609,1e-05,0.055469,0.003779,0.000751,2.1e-05,0.0,0.004191
4610,7e-06,0.068674,0.00481,0.00047,2.8e-05,0.0,0.005184
4611,9e-06,0.070117,0.004109,0.000901,2.4e-05,0.0,0.005285
4612,1e-05,0.072713,0.002079,0.000833,2.9e-05,0.0,0.005452
4613,1.1e-05,0.063518,0.00132,0.000769,2.4e-05,0.0,0.004758
4614,9e-06,0.057644,0.001856,0.000391,1.4e-05,0.0,0.004326
4615,6e-06,0.045544,0.004652,0.000774,1.5e-05,0.0,0.00346
4616,8e-06,0.026012,0.010967,0.000531,1.5e-05,0.0,0.002094
4617,7e-06,0.03772,0.005158,0.000431,1.4e-05,0.0,0.002886
4618,7e-06,0.04012,0.005112,0.000296,2.3e-05,0.0,0.003063
4619,8e-06,0.023366,0.005999,0.000343,2e-05,0.0,0.001829
4620,7e-06,0.032408,0.004819,0.000575,1.7e-05,0.0,0.002485
4621,2e-06,0.045938,0.009329,0.000692,2.2e-05,0.0,0.003549
4622,3e-06,0.06744,0.01717,0.000699,1.5e-05,0.0,0.005257
4623,2e-06,0.075302,0.023325,0.000895,1.8e-05,0.0,0.005925
4624,1e-05,0.098253,0.030249,0.000633,2e-05,1.0,0.007735
4625,4e-06,0.070464,0.03347,0.001396,2.6e-05,0.0,0.005705
4626,2e-06,0.064931,0.034564,0.001781,2.5e-05,0.0,0.005307
4627,2e-06,0.09184,0.02456,0.002091,2.8e-05,0.0,0.007175
4628,3e-06,0.08585,0.031159,0.003874,2.8e-05,0.0,0.006823
4629,2e-06,0.079465,0.051816,0.002879,2.8e-05,0.0,0.006625
4630,1e-06,0.073488,0.050407,0.004618,3.4e-05,0.0,0.006163
4631,2e-06,0.083082,0.053268,0.003632,3.4e-05,0.0,0.006915
4632,4e-06,0.064227,0.065045,0.005682,4e-05,0.0,0.005677
4633,2e-06,0.061819,0.071959,0.005897,5.1e-05,0.0,0.00559
4634,2e-06,0.08327,0.050998,0.005777,3.5e-05,0.0,0.006902
4635,5e-06,0.109514,0.055278,0.004714,2.6e-05,0.0,0.008915
4636,5e-06,0.097023,0.044795,0.005877,2.5e-05,0.0,0.007845
4637,1.6e-05,0.064417,0.022954,0.002229,3.3e-05,0.0,0.005126
4638,8e-06,0.030255,0.010591,0.000946,3.3e-05,0.0,0.002405
4639,2.3e-05,0.009492,0.005291,0.000829,3.4e-05,0.0,0.000803
4640,9e-06,0.047116,0.005852,0.001393,2.9e-05,0.0,0.003597
4641,3e-06,0.071078,0.008235,0.001693,3.5e-05,0.0,0.005408
4642,2e-06,0.109839,0.013837,0.002336,5.5e-05,0.0,0.00837
4643,3e-06,0.097813,0.014727,0.002509,2.7e-05,0.0,0.007488
4644,2e-06,0.114743,0.018192,0.001869,3.1e-05,0.0,0.008793
4645,4e-06,0.108182,0.018968,0.001609,4.7e-05,0.0,0.008316
4646,1e-06,0.0198,0.004269,0.000528,2.2e-05,0.0,0.001534
4647,2e-06,0.011319,0.012033,0.000627,1.2e-05,0.0,0.001009
4648,2e-06,0.016541,0.017643,0.000561,1.4e-05,0.0,0.001473
4649,2e-06,0.009378,0.01189,0.000415,1.7e-05,0.0,0.000862
4650,5e-06,0.027085,0.01285,0.000539,2.8e-05,0.0,0.002196
4651,2e-06,0.028115,0.010454,0.000506,2.7e-05,0.0,0.002238
4652,2e-06,0.02711,0.014404,0.000404,3.6e-05,0.0,0.002216
4653,4e-06,0.025837,0.013264,0.000455,2.7e-05,0.0,0.002108
4654,6e-06,0.027777,0.009675,0.000569,2.6e-05,0.0,0.002206
4655,5e-06,0.01653,0.004904,0.000536,2.8e-05,0.0,0.001303
4656,6e-06,0.011447,0.005873,0.000433,2.3e-05,0.0,0.000938
4657,3e-06,0.00544,0.004995,0.000335,2.1e-05,0.0,0.000476
4658,3e-06,0.004742,0.003526,0.000313,2.5e-05,0.0,0.000405
4659,3e-06,0.00328,0.00259,0.000351,2e-05,0.0,0.000283
4660,2e-06,0.012708,0.003882,0.000739,2.9e-05,0.0,0.001002
4661,2e-06,0.006143,0.001831,0.000324,2.9e-05,0.0,0.000485
4662,2e-06,0.004115,0.001733,0.000372,2.2e-05,0.0,0.000333
4663,6e-06,0.004123,0.002015,0.000294,2.3e-05,0.0,0.000341
4664,7e-06,0.002657,0.002481,0.000291,1.9e-05,0.0,0.000239
4665,2e-06,0.001217,0.001029,0.000238,1.4e-05,0.0,0.000107
4666,4e-06,0.001386,0.000731,0.00022,1.4e-05,0.0,0.000117
4667,3e-06,0.001476,0.000682,0.000205,2.2e-05,0.0,0.000123
4668,7e-06,0.00179,0.00107,0.000207,3.4e-05,0.0,0.000155
4669,8e-06,0.001643,0.000704,0.000314,3.4e-05,0.0,0.000141
4670,6e-06,0.001938,0.000854,0.000349,2.5e-05,0.0,0.000162
4671,1e-05,0.002657,0.000769,0.000159,2.9e-05,0.0,0.000218
4672,7e-06,0.004219,0.000256,0.000203,1.2e-05,0.0,0.000324
4673,3e-06,0.003628,0.00042,0.000162,1.2e-05,0.0,0.000279
4674,7e-06,0.003883,0.000359,0.000132,1.7e-05,0.0,0.000301
4675,9e-06,0.001661,0.000388,0.000124,1e-05,0.0,0.000138
4676,8e-06,0.001582,0.000194,9.4e-05,1.1e-05,0.0,0.000128
4677,7e-06,0.00198,0.000254,0.000189,1e-05,0.0,0.000158
4678,4e-06,0.004169,0.00025,0.000141,9e-06,0.0,0.000318
4679,4e-06,0.002501,0.000495,0.000132,1e-05,0.0,0.000197
4680,3e-06,0.002505,0.00061,0.000123,2e-05,0.0,0.000198
4681,6e-06,0.002781,0.000254,0.000117,1e-05,0.0,0.000216
4682,2e-06,0.001685,0.000446,8.7e-05,1.1e-05,0.0,0.000134
4683,3e-06,0.002565,0.000533,9.3e-05,9e-06,0.0,0.000201
4684,3e-06,0.003191,0.000138,8.7e-05,1.1e-05,0.0,0.000243
4685,3e-06,0.00231,0.000454,8.3e-05,6e-06,0.0,0.000181
4686,5e-06,0.003519,0.000463,9.8e-05,5e-06,0.0,0.000273
4687,5e-06,0.002749,0.000415,0.000101,5e-06,0.0,0.000215
4688,5e-06,0.001613,0.000366,6.4e-05,4e-06,0.0,0.000131
4689,5e-06,0.001637,0.00032,9.5e-05,5e-06,0.0,0.000131
4690,5e-06,0.001474,0.000191,5.4e-05,5e-06,0.0,0.000118
4691,6e-06,0.001447,0.000117,6.9e-05,8e-06,0.0,0.000115
4692,6e-06,0.001253,0.00011,0.000107,6e-06,0.0,0.000101
4693,5e-06,0.001727,0.000362,6e-05,7e-06,0.0,0.000139
4694,6e-06,0.002228,7.3e-05,5.9e-05,6e-06,0.0,0.000173
4695,7e-06,0.002492,0.000102,5.7e-05,5e-06,0.0,0.000193
4696,5e-06,0.002148,9.3e-05,5.5e-05,5e-06,0.0,0.000166
4697,4e-06,0.001734,0.000296,8.4e-05,1e-05,0.0,0.000138
4698,5e-06,0.001804,0.000281,7.9e-05,6e-06,0.0,0.000144
4699,4e-06,0.002242,0.0001,6.5e-05,9e-06,0.0,0.000172
4700,4e-06,0.004097,0.000131,7.1e-05,6e-06,1.0,0.000311
4701,1.8e-05,0.00404,0.000233,3.4e-05,3e-06,0.0,0.000322
4702,1.4e-05,0.003544,0.0004,3.3e-05,5e-06,0.0,0.000283
4703,1.7e-05,0.002839,0.000165,3.8e-05,5e-06,0.0,0.00023
4704,9e-06,0.002875,0.000109,4.3e-05,4e-06,0.0,0.000225
4705,1.1e-05,0.002202,0.000102,3e-05,4e-06,0.0,0.000176
4706,1e-05,0.002643,9.7e-05,2.6e-05,5e-06,0.0,0.000208
4707,1.1e-05,0.002701,6e-05,3.9e-05,4e-06,0.0,0.000213
4708,1e-05,0.003209,9.8e-05,2.6e-05,4e-06,0.0,0.000251
4709,1e-05,0.002999,7e-05,2.7e-05,5e-06,0.0,0.000234
4710,1e-05,0.004241,7.1e-05,2.1e-05,2e-06,0.0,0.000326
4711,7e-06,0.004659,2.6e-05,4.2e-05,3e-06,0.0,0.000354
4712,3e-06,0.004033,3.5e-05,2.1e-05,3e-06,0.0,0.000304
4713,7e-06,0.003023,7.1e-05,2.9e-05,4e-06,0.0,0.000233
4714,9e-06,0.003031,5.6e-05,2.4e-05,5e-06,0.0,0.000235
4715,7e-06,0.002661,6e-05,3.1e-05,4e-06,0.0,0.000206
4716,9e-06,0.002971,4.8e-05,1.4e-05,1e-06,0.0,0.000231
4717,1e-05,0.003099,5.1e-05,1.3e-05,1e-06,0.0,0.000242
4718,1.4e-05,0.01249,0.001634,4.1e-05,4e-06,1.0,0.000966
4719,1e-05,0.028081,0.007335,0.000285,1.7e-05,1.0,0.0022
4720,1.7e-05,0.041499,0.014704,0.001394,2.8e-05,1.0,0.003307
4721,1.6e-05,0.047818,0.025072,0.004688,5.7e-05,0.0,0.003924
4722,1.2e-05,0.072712,0.03597,0.007704,6.2e-05,1.0,0.005925
4723,2.8e-05,0.107034,0.042622,0.019736,0.000174,1.0,0.008607
4724,2.1e-05,0.120749,0.06674,0.025175,0.000139,0.0,0.009959
4725,2.5e-05,0.11178,0.062271,0.034235,0.000139,0.0,0.00925
4726,1.9e-05,0.141614,0.086084,0.053729,0.000701,0.0,0.011821
4727,7e-06,0.120394,0.096774,0.050286,0.000752,0.0,0.01037
4728,6e-06,0.134851,0.095933,0.058774,0.000879,0.0,0.011448
4729,1.3e-05,0.150898,0.112209,0.056482,0.001042,0.0,0.012867
4730,9e-06,0.122982,0.109557,0.03086,0.000296,0.0,0.010703
4731,3e-06,0.062037,0.011259,0.003998,3.5e-05,0.0,0.00478
4732,7e-06,0.173746,0.075809,0.057643,0.000271,0.0,0.014069
4733,1e-06,0.157637,0.06472,0.060997,0.000616,0.0,0.01272
4734,4e-06,0.15014,0.045419,0.037606,0.000726,0.0,0.011861
4735,5e-06,0.116663,0.031695,0.053582,0.000876,0.0,0.009213
4736,7e-06,0.088521,0.02574,0.056021,0.000677,0.0,0.007044
4737,9e-06,0.095943,0.025484,0.055167,0.00058,0.0,0.007593
4738,8e-06,0.119415,0.026625,0.055353,0.000502,0.0,0.009355
4739,6e-06,0.098039,0.03361,0.066754,0.000682,0.0,0.007877
4740,4e-06,0.109553,0.026472,0.072938,0.000582,0.0,0.008645
4741,8e-06,0.091675,0.026238,0.091197,0.000625,0.0,0.007348
4742,8e-06,0.115878,0.030937,0.085449,0.000973,0.0,0.009202
4743,5.2e-05,0.237078,0.027868,0.049937,0.000624,0.0,0.018163
4744,2e-06,0.041444,0.020048,0.010865,0.00035,0.0,0.003377
4745,3e-06,0.148627,0.118045,0.04413,0.002214,0.0,0.012745
4746,8e-06,0.263071,0.125316,0.076395,0.000782,1.0,0.021423
4747,5e-06,0.162929,0.107624,0.06386,0.000562,0.0,0.013704
4748,2e-06,0.159001,0.107422,0.074885,0.000515,0.0,0.013425
4749,3e-06,0.165139,0.103327,0.068706,0.000528,0.0,0.013817
4750,1e-06,0.166133,0.102554,0.049263,0.00079,0.0,0.013844
4751,1e-06,0.110318,0.126927,0.079682,0.001057,0.0,0.010074
4752,2e-06,0.021903,0.00698,0.009423,6.8e-05,0.0,0.001744
4753,1e-06,0.064181,0.053123,0.033756,0.000133,0.0,0.005558
4754,9e-06,0.088368,0.05588,0.020406,0.000181,0.0,0.00738
4755,5e-06,0.088557,0.055722,0.033605,0.000117,0.0,0.007412
4756,1.3e-05,0.076526,0.050297,0.014609,0.000131,0.0,0.006417
4757,1e-06,0.060719,0.044517,0.015634,0.000149,0.0,0.005152
4758,1e-06,0.06715,0.045115,0.016957,0.000101,0.0,0.005641
4759,2e-06,0.047154,0.048674,0.008209,0.000102,0.0,0.004186
4760,1e-06,0.030894,0.03869,0.00887,0.000145,0.0,0.002842
4761,2e-06,0.014753,0.010684,0.004314,6.8e-05,0.0,0.001252
4762,2e-06,0.057741,0.012483,0.006918,5.6e-05,0.0,0.004481
4763,8e-06,0.055959,0.015707,0.00393,4.4e-05,0.0,0.004393
4764,1e-06,0.046011,0.011236,0.003647,4.4e-05,0.0,0.003585
4765,4e-06,0.054842,0.008093,0.003888,5.3e-05,0.0,0.004202
4766,3e-06,0.068548,0.005715,0.00272,7e-05,0.0,0.005187
4767,2e-06,0.053185,0.008658,0.002096,6.1e-05,0.0,0.004081
4768,1e-06,0.05853,0.009202,0.003712,4.1e-05,0.0,0.004489
4769,1e-06,0.053139,0.006497,0.003574,5.1e-05,0.0,0.004051
4770,3e-06,0.05246,0.004639,0.002026,4.7e-05,0.0,0.003975
4771,1e-06,0.044384,0.004677,0.001219,3.2e-05,0.0,0.00337
4772,0.0,0.038417,0.006197,0.000639,4e-05,0.0,0.002945
4773,1e-06,0.027009,0.004139,0.002373,5.7e-05,0.0,0.002072
4774,2e-06,0.018475,0.003489,0.001615,4.8e-05,0.0,0.001427
4775,3e-06,0.014356,0.003172,0.001388,6.2e-05,0.0,0.001117
4776,5e-06,0.012235,0.001903,0.00133,4.3e-05,0.0,0.000943
4777,4e-06,0.010779,0.002695,0.001334,2.9e-05,0.0,0.000845
4778,3e-06,0.00817,0.001205,0.001489,3.2e-05,0.0,0.000631
4779,1e-06,0.009235,0.001453,0.001178,7e-05,0.0,0.00071
4780,6e-06,0.013056,0.001094,0.000881,4.4e-05,0.0,0.000994
4781,3e-06,0.010931,0.001551,0.000762,3.3e-05,0.0,0.000839
4782,2e-06,0.007567,0.001946,0.000603,2.3e-05,0.0,0.000592
4783,1.3e-05,0.011181,0.000785,0.000651,3e-05,0.0,0.000857
4784,2e-06,0.004675,0.002117,0.001517,3e-05,0.0,0.000381
4785,3e-06,0.004551,0.00182,0.000727,2.4e-05,0.0,0.000368
4786,6e-06,0.005457,0.001462,0.000932,3e-05,0.0,0.000434
4787,4e-06,0.010757,0.001146,0.000704,4.2e-05,0.0,0.000821
4788,2e-06,0.010024,0.001482,0.000496,2.3e-05,0.0,0.000769
4789,7e-06,0.009519,0.001718,0.000927,2.1e-05,0.0,0.00074
4790,7e-06,0.009222,0.001247,0.00059,3.1e-05,0.0,0.000711
4791,5e-06,0.012005,0.001254,0.000437,2.5e-05,0.0,0.000916
4792,8e-06,0.008148,0.001263,0.000481,2.2e-05,0.0,0.000632
4793,4e-06,0.010865,0.001506,0.000409,1.6e-05,0.0,0.000834
4794,9e-06,0.008077,0.001831,0.000354,1.6e-05,0.0,0.000635
4795,1e-05,0.008417,0.000991,0.000298,1.1e-05,0.0,0.00065
4796,1e-05,0.009792,0.001117,0.000325,1.6e-05,0.0,0.000755
4797,5e-06,0.009652,0.001995,0.000278,1.3e-05,0.0,0.000751
4798,1.1e-05,0.010031,0.001632,0.000437,1e-05,0.0,0.00078
4799,7e-06,0.011438,0.001639,0.000529,1.2e-05,0.0,0.000881
4800,1e-05,0.016826,0.002063,0.000288,1.1e-05,0.0,0.001291
4801,4e-06,0.01894,0.001915,0.000409,1e-05,0.0,0.001441
4802,7e-06,0.023061,0.002026,0.000359,1.1e-05,0.0,0.001752
4803,1e-05,0.017497,0.003027,0.000509,1.2e-05,0.0,0.001355
4804,1e-05,0.020978,0.00402,0.0004,9e-06,0.0,0.001627
4805,8e-06,0.023275,0.003414,0.000336,1e-05,0.0,0.001787
4806,5e-06,0.018621,0.003785,0.000391,8e-06,0.0,0.001443
4807,4e-06,0.021681,0.004378,0.000452,1e-05,0.0,0.001678
4808,7e-06,0.020632,0.003925,0.000265,1e-05,0.0,0.001596
4809,7e-06,0.024999,0.003832,0.000304,5e-06,0.0,0.001921
4810,1e-06,0.022146,0.004068,0.000362,8e-06,0.0,0.001705
4811,3e-06,0.025862,0.003798,0.000283,6e-06,0.0,0.00198
4812,3e-06,0.02258,0.004355,0.000303,9e-06,0.0,0.001744
4813,3e-06,0.025669,0.004329,0.000317,8e-06,0.0,0.001972
4814,5e-06,0.025291,0.003872,0.000333,9e-06,0.0,0.001941
4815,1.2e-05,0.030048,0.004801,0.000355,5e-06,0.0,0.002314
4816,1.1e-05,0.033261,0.004622,0.000161,4e-06,0.0,0.002549
4817,1e-05,0.031874,0.004818,0.00023,6e-06,0.0,0.002448
4818,3e-06,0.034547,0.005372,0.000218,6e-06,0.0,0.002648
4819,4e-06,0.032031,0.005389,0.000307,7e-06,0.0,0.002462
4820,4e-06,0.035534,0.005171,0.000305,6e-06,0.0,0.00272
4821,7e-06,0.032572,0.004867,0.000143,7e-06,0.0,0.002497
4822,6e-06,0.034401,0.005064,0.000258,4e-06,0.0,0.002636
4823,8e-06,0.03916,0.004362,0.000237,5e-06,0.0,0.002982
4824,5e-06,0.04306,0.00473,0.00043,6e-06,0.0,0.003275
4825,3e-06,0.038084,0.005472,0.000357,6e-06,0.0,0.002913
4826,3e-06,0.044487,0.007596,0.000327,6e-06,0.0,0.003418
4827,2e-06,0.048992,0.007802,0.000467,7e-06,0.0,0.003756
4828,3e-06,0.052983,0.008684,0.000382,5e-06,0.0,0.004065
4829,2e-06,0.054007,0.007611,0.000459,5e-06,0.0,0.004126
4830,2e-06,0.04506,0.00701,0.000377,4e-06,0.0,0.003451
4831,1e-06,0.052148,0.007001,0.000484,5e-06,0.0,0.003978
4832,1e-06,0.056313,0.008345,0.000524,6e-06,0.0,0.004307
4833,3e-06,0.076018,0.012386,0.00054,4e-06,0.0,0.00583
4834,1e-05,0.064111,0.013329,0.000889,7e-06,0.0,0.004964
4835,1.3e-05,0.07728,0.01253,0.001053,6e-06,0.0,0.005937
4836,2e-06,0.067262,0.012867,0.001103,8e-06,0.0,0.005185
4837,3e-06,0.076544,0.011832,0.001479,9e-06,0.0,0.005864
4838,8e-06,0.077782,0.01215,0.001478,7e-06,0.0,0.005965
4839,2e-06,0.094912,0.01665,0.00119,8e-06,0.0,0.007294
4840,7e-06,0.087989,0.022056,0.001445,1.2e-05,0.0,0.006858
4841,8e-06,0.086433,0.024912,0.002,1.3e-05,0.0,0.006783
4842,6e-06,0.090974,0.027161,0.001787,1.7e-05,0.0,0.007149
4843,5e-06,0.084159,0.026671,0.00202,2.6e-05,0.0,0.006635
4844,8e-06,0.070807,0.0263,0.002014,2.7e-05,0.0,0.005638
4845,6e-06,0.094529,0.022173,0.002036,1.4e-05,0.0,0.007346
4846,1e-06,0.097025,0.023937,0.001097,2.4e-05,0.0,0.00755
4847,2e-06,0.106455,0.026635,0.000742,1.8e-05,0.0,0.008288
4848,2.5e-05,0.094988,0.026473,0.001388,2.1e-05,0.0,0.007456
4849,1.3e-05,0.122578,0.02385,0.001502,1.4e-05,0.0,0.009462
4850,1.4e-05,0.107949,0.03977,0.001802,2.7e-05,0.0,0.008591
4851,6e-06,0.09709,0.037256,0.001436,2.6e-05,0.0,0.007741
4852,1e-06,0.105133,0.037952,0.003204,3e-05,0.0,0.008347
4853,3e-06,0.112829,0.03889,0.003218,2.8e-05,0.0,0.008934
4854,3e-06,0.095977,0.037111,0.004658,3.1e-05,0.0,0.007658
4855,8e-06,0.097952,0.03543,0.002311,4e-05,0.0,0.007784
4856,1e-06,0.099437,0.036853,0.002241,2e-05,0.0,0.007906
4857,6e-06,0.101045,0.019681,0.004078,3.1e-05,0.0,0.007801
4858,7e-06,0.127963,0.015561,0.002613,4.4e-05,0.0,0.009747
4859,1e-05,0.072287,0.030491,0.001884,5.7e-05,0.0,0.005807
4860,5e-06,0.056346,0.038397,0.00293,5.1e-05,0.0,0.004725
4861,2e-05,0.053357,0.045146,0.001817,3.9e-05,0.0,0.004607
4862,9e-06,0.084356,0.052885,0.002528,2.2e-05,0.0,0.00701
4863,3e-06,0.080077,0.040038,0.004884,3.3e-05,0.0,0.006515
4864,1.8e-05,0.111925,0.045545,0.003283,2.5e-05,0.0,0.008972
4865,7e-06,0.094274,0.043041,0.004678,3.5e-05,0.0,0.007617
4866,4e-06,0.071722,0.048992,0.002597,2.9e-05,0.0,0.006012
4867,1.7e-05,0.093293,0.043376,0.004424,3.2e-05,0.0,0.007557
4868,1.4e-05,0.095863,0.026836,0.003391,3e-05,0.0,0.007519
4869,7e-06,0.092456,0.024192,0.005474,3.2e-05,0.0,0.007226
4870,8e-06,0.092541,0.027106,0.006213,5.1e-05,0.0,0.007274
4871,1.6e-05,0.102257,0.031441,0.011194,4.8e-05,0.0,0.008074
4872,8e-06,0.109799,0.014352,0.009875,5.4e-05,0.0,0.008392
4873,5e-06,0.130379,0.022633,0.00843,6.3e-05,0.0,0.010031
4874,5e-06,0.09962,0.055669,0.006867,5.1e-05,0.0,0.008187
4875,9e-06,0.099968,0.056981,0.00458,8.2e-05,0.0,0.008231
4876,2.2e-05,0.118634,0.059067,0.002155,3.8e-05,0.0,0.009657
4877,1.9e-05,0.10333,0.050508,0.004018,4.4e-05,0.0,0.008402
4878,8e-06,0.096415,0.050729,0.004256,3.8e-05,0.0,0.00788
4879,8e-06,0.082679,0.044816,0.005252,3.2e-05,0.0,0.006779
4880,1.9e-05,0.070271,0.031554,0.003667,4.5e-05,0.0,0.005684
4881,2.6e-05,0.048498,0.031958,0.00253,2.9e-05,0.0,0.004073
4882,3.3e-05,0.055869,0.025781,0.00323,2.4e-05,0.0,0.004546
4883,4e-06,0.048721,0.041455,0.001042,3.4e-05,0.0,0.004195
4884,1.1e-05,0.064063,0.060744,0.002951,1.9e-05,0.0,0.005609
4885,7e-06,0.037162,0.067964,0.001486,2.3e-05,0.0,0.003697
4886,1e-05,0.045218,0.064511,0.003276,2.8e-05,0.0,0.004257
4887,1.9e-05,0.023836,0.085589,0.001263,3.5e-05,0.0,0.002957
4888,1.9e-05,0.028858,0.081859,0.001984,1.6e-05,0.0,0.003281
4889,7e-06,0.035091,0.055554,0.001561,1.6e-05,0.0,0.003375
4890,8e-06,0.018753,0.08679,0.002223,2.7e-05,0.0,0.002585
4891,4e-06,0.020297,0.056548,0.00143,3.7e-05,0.0,0.002285
4892,1.1e-05,0.016833,0.027807,0.001934,3.4e-05,0.0,0.001645
4893,1.4e-05,0.00924,0.060569,0.001521,2.5e-05,0.0,0.001526
4894,9e-06,0.004072,0.055519,0.001463,3.9e-05,0.0,0.001068
4895,1.2e-05,0.006505,0.080442,0.00199,5.4e-05,0.0,0.001591
4896,1.3e-05,0.007851,0.09248,0.001846,3.7e-05,0.0,0.001856
4897,8e-06,0.011293,0.110612,0.001529,5.5e-05,0.0,0.002353
4898,1.8e-05,0.008607,0.139366,0.001437,6.4e-05,0.0,0.002552
4899,9e-06,0.005199,0.136494,0.003608,8.9e-05,0.0,0.002255
4900,1.1e-05,0.004066,0.141104,0.002637,7.5e-05,0.0,0.002233
4901,2.9e-05,0.004643,0.167178,0.003282,0.000113,0.0,0.002649
4902,5e-06,0.005883,0.195459,0.002489,0.00016,0.0,0.0031
4903,9e-06,0.006814,0.164029,0.002086,0.000136,0.0,0.002745
4904,9e-06,0.007211,0.167655,0.004582,0.00017,0.0,0.002829
4905,9e-06,0.011293,0.157505,0.005622,0.000181,0.0,0.002997
4906,6e-06,0.007368,0.172007,0.001921,0.000165,0.0,0.002892
4907,8e-06,0.004542,0.185984,0.004782,0.000158,0.0,0.002879
4908,6e-06,0.004873,0.259256,0.00592,0.000217,0.0,0.003898
4909,1e-05,0.008465,0.199309,0.006569,0.000338,0.0,0.003356
4910,1e-05,0.01208,0.244301,0.004544,0.000252,0.0,0.004233
4911,9e-06,0.010048,0.287563,0.006185,0.000212,0.0,0.00467
4912,9e-06,0.007696,0.273839,0.006793,0.000355,0.0,0.00431
4913,2.1e-05,0.006844,0.244758,0.010959,0.000256,0.0,0.003871
4914,8e-06,0.004564,0.262928,0.007178,0.000232,0.0,0.003929
4915,2.6e-05,0.008651,0.24837,0.005472,0.000128,0.0,0.00405
4916,3.2e-05,0.01203,0.193726,0.011032,0.000199,0.0,0.003576
4917,3e-05,0.012966,0.293805,0.009961,0.000205,0.0,0.004999
4918,2.3e-05,0.008708,0.310172,0.014155,0.000165,0.0,0.004905
4919,1.5e-05,0.015294,0.216083,0.011524,0.000361,0.0,0.004106
4920,1.8e-05,0.012668,0.297367,0.010355,0.000444,0.0,0.005015
4921,2.1e-05,0.014434,0.322996,0.006368,0.000288,0.0,0.005489
4922,3e-06,0.008628,0.220874,0.007555,0.000584,0.0,0.003656
4923,1e-05,0.007027,0.226128,0.008012,0.000381,0.0,0.003616
4924,1.4e-05,0.008442,0.262436,0.012368,0.000237,0.0,0.004225
4925,5e-06,0.008281,0.231757,0.005778,0.000166,0.0,0.003777
4926,1e-06,0.010637,0.233169,0.010211,0.000178,0.0,0.003975
4927,4e-06,0.010795,0.202341,0.007429,0.000177,0.0,0.003567
4928,2e-06,0.015438,0.263826,0.006464,0.000133,0.0,0.004743
4929,6e-06,0.014799,0.211515,0.004434,0.000128,0.0,0.003986
4930,2e-06,0.01588,0.060835,0.00301,0.000114,0.0,0.002015
4931,1.8e-05,0.008488,0.014022,0.002705,4.8e-05,0.0,0.000844
4932,2e-05,0.010701,0.011054,0.001823,4.8e-05,0.0,0.00097
4933,0.000268,0.017369,0.019571,0.004313,5.2e-05,0.0,0.001832
4934,0.006378,0.107562,0.054093,0.044593,0.130623,1.0,0.015155
4935,0.528639,0.298561,0.036221,0.024889,0.058854,1.0,0.547374
4936,0.206782,0.176634,0.019593,0.029364,0.027818,0.0,0.218673
4937,0.130987,0.161875,0.026775,0.037149,0.038721,0.0,0.142469
4938,0.140374,0.093929,0.025578,0.037116,0.041593,0.0,0.146711
4939,0.095272,0.056204,0.033683,0.034721,0.042315,0.0,0.09925
4940,0.031696,0.048918,0.044233,0.044846,0.111253,0.0,0.035781
4941,0.045358,0.07021,0.070334,0.05491,0.098279,0.0,0.051295
4942,0.044314,0.106128,0.080116,0.038237,0.061582,0.0,0.053033
4943,0.044303,0.124336,0.104258,0.064522,0.055715,0.0,0.054751
4944,0.046756,0.145199,0.067588,0.041018,0.056097,0.0,0.0582
4945,0.045696,0.111664,0.100065,0.046885,0.040688,0.0,0.055102
4946,0.039114,0.167559,0.194642,0.147344,0.321687,0.0,0.054207
4947,0.030259,0.156648,0.088562,0.126462,0.160973,0.0,0.043121
4948,0.042374,0.160613,0.039859,0.027291,0.035416,0.0,0.054597
4949,0.043285,0.187556,0.036273,0.019853,0.039652,0.0,0.057444
4950,0.048822,0.144842,0.033725,0.026287,0.031687,0.0,0.059736
4951,0.03029,0.125301,0.027445,0.020407,0.017235,0.0,0.039795
4952,0.037021,0.119651,0.032136,0.070585,0.107497,0.0,0.046211
4953,0.362492,0.215904,0.050494,0.018953,0.04307,1.0,0.376522
4954,0.205204,0.16774,0.045284,0.029949,0.013938,0.0,0.216795
4955,0.134045,0.21539,0.060323,0.019995,0.039838,0.0,0.149912
4956,0.085901,0.223083,0.053824,0.023066,0.022916,0.0,0.102623
4957,0.108984,0.221697,0.067356,0.030069,0.019197,0.0,0.125623
4958,0.03969,0.167279,0.040281,0.030046,0.126177,0.0,0.052445
4959,0.066123,0.152753,0.058254,0.050867,0.080994,0.0,0.077874
4960,0.055349,0.21249,0.049511,0.030557,0.022605,0.0,0.07147
4961,0.054627,0.213966,0.050085,0.063443,0.092314,0.0,0.070933
4962,0.06198,0.188822,0.038509,0.045118,0.058143,0.0,0.076167
4963,0.063481,0.194383,0.039007,0.032722,0.014074,0.0,0.078054
4964,0.076784,0.167692,0.030265,0.037289,0.187743,0.0,0.089168
4965,0.164569,0.279573,0.034513,0.025266,0.051952,0.0,0.184641
4966,0.042736,0.168701,0.065157,0.019988,0.00966,0.0,0.055887
4967,0.045312,0.156232,0.038567,0.029244,0.026344,0.0,0.057172
4968,0.20186,0.275136,0.031191,0.039575,0.011411,1.0,0.221295
4969,0.044986,0.179465,0.062714,0.020183,0.010537,0.0,0.058888
4970,0.071364,0.150986,0.12839,0.18378,0.146359,0.0,0.084132
4971,0.047816,0.183009,0.097362,0.126356,0.143608,0.0,0.062624
4972,0.054841,0.193771,0.076429,0.027064,0.012251,0.0,0.069931
4973,0.048384,0.219382,0.096376,0.030507,0.0379,0.0,0.065708
4974,0.046364,0.29727,0.085452,0.025981,0.044991,0.0,0.069345
4975,0.054449,0.267962,0.036184,0.020212,0.006022,0.0,0.074506
4976,0.050016,0.343168,0.040549,0.034964,0.072364,0.0,0.075793
4977,0.047022,0.306194,0.033863,0.075096,0.053149,0.0,0.070049
4978,0.050576,0.233212,0.045133,0.023162,0.007361,0.0,0.068203
4979,0.048496,0.35892,0.044589,0.01842,0.022936,0.0,0.07548
4980,0.097298,0.262074,0.040649,0.019132,0.018391,0.0,0.11665
4981,0.054683,0.181627,0.024747,0.017503,0.00514,0.0,0.068152
4982,0.058872,0.274511,0.096947,0.071984,0.177733,0.0,0.080309
4983,0.392495,0.227408,0.053774,0.018752,0.043805,1.0,0.407198
4984,0.198908,0.092216,0.059619,0.016825,0.00519,0.0,0.205096
4985,0.117827,0.197452,0.039553,0.021249,0.007943,0.0,0.1322
4986,0.116767,0.187203,0.053029,0.031421,0.014744,0.0,0.130587
4987,0.095902,0.131436,0.073413,0.033534,0.007525,0.0,0.10601
4988,0.044489,0.158642,0.0461,0.033564,0.078449,0.0,0.056648
4989,0.076935,0.237346,0.0373,0.028884,0.035789,0.0,0.094574
4990,0.068587,0.246392,0.04349,0.016385,0.005502,0.0,0.087023
4991,0.049148,0.199331,0.080204,0.02145,0.047513,0.0,0.064739
4992,0.06402,0.212506,0.131974,0.019669,0.02938,0.0,0.081177
4993,0.069689,0.226894,0.06445,0.023537,0.005964,0.0,0.086962
4994,0.05243,0.122945,0.206453,0.110513,0.254412,0.0,0.064192
4995,0.042517,0.111974,0.175803,0.111975,0.117323,0.0,0.053117
4996,0.049482,0.092404,0.124593,0.044316,0.010792,0.0,0.057752
4997,0.069171,0.096572,0.155101,0.042928,0.017491,0.0,0.078013
4998,0.056195,0.115519,0.240962,0.072363,0.010736,0.0,0.067763
4999,0.060532,0.109107,0.243789,0.084455,0.007295,0.0,0.071649
5000,0.082711,0.161985,0.179928,0.135245,0.096516,0.0,0.096823
5001,0.269348,0.208864,0.124304,0.0572,0.038294,1.0,0.284633
5002,0.216597,0.102193,0.158621,0.074106,0.011331,0.0,0.224837
5003,0.130019,0.137945,0.136572,0.079899,0.021867,0.0,0.141291
5004,0.141934,0.205164,0.14904,0.090982,0.022575,0.0,0.158307
5005,0.162223,0.247781,0.171583,0.096538,0.01315,0.0,0.181928
5006,0.051616,0.197496,0.124361,0.090866,0.201679,0.0,0.067782
5007,0.055846,0.079651,0.033061,0.034075,0.050046,0.0,0.06186
5008,0.088839,0.146037,0.066389,0.078226,0.011147,0.0,0.100071
5009,0.059877,0.141094,0.058778,0.182585,0.069474,0.0,0.071045
5010,0.054069,0.15589,0.063747,0.125035,0.034475,0.0,0.066346
5011,0.043277,0.16913,0.059019,0.103287,0.005853,0.0,0.056519
5012,0.053057,0.198285,0.064384,0.101003,0.102708,0.0,0.068468
5013,0.084634,0.147905,0.063492,0.093682,0.05142,0.0,0.096027
5014,0.029442,0.140017,0.046871,0.093453,0.005483,0.0,0.040439
5015,0.030385,0.15107,0.039326,0.091644,0.017666,0.0,0.042094
5016,0.097976,0.222626,0.04229,0.096159,0.012179,0.0,0.114543
5017,0.035143,0.202252,0.053482,0.076416,0.005808,0.0,0.050789
5018,0.060184,0.116299,0.11278,0.279045,0.123306,0.0,0.070409
5019,0.038167,0.11972,0.062707,0.168206,0.13728,0.0,0.047942
5020,0.047608,0.161421,0.054528,0.039114,0.007204,0.0,0.060069
5021,0.043294,0.106173,0.031433,0.053735,0.029259,0.0,0.05139
5022,0.03812,0.109704,0.026631,0.029305,0.03258,0.0,0.04641
5023,0.049173,0.191737,0.030991,0.021127,0.00441,0.0,0.063528
5024,0.053492,0.187124,0.030976,0.035745,0.078216,0.0,0.0675
5025,0.045125,0.170598,0.044761,0.033784,0.056511,0.0,0.058149
5026,0.040311,0.229929,0.039255,0.030608,0.003203,0.0,0.057704
5027,0.046254,0.161541,0.036876,0.022971,0.00989,0.0,0.058467
5028,0.139904,0.139254,0.036543,0.019675,0.00994,1.0,0.149734
5029,0.059555,0.093227,0.041072,0.022058,0.002614,0.0,0.066636
5030,0.086344,0.170354,0.062664,0.037288,0.055545,0.0,0.099285
5031,0.188513,0.139072,0.05844,0.02863,0.037119,1.0,0.198274
5032,0.214338,0.196874,0.048129,0.050244,0.002984,0.0,0.228101
5033,0.019413,0.142808,0.047312,0.058568,0.005339,0.0,0.030639
5034,0.01986,0.159299,0.034101,0.037216,0.010064,0.0,0.032094
5035,0.080074,0.162305,0.031994,0.027315,0.001164,0.0,0.092027
5036,0.028282,0.099046,0.041358,0.032124,0.037564,0.0,0.036058
5037,0.05307,0.186351,0.04714,0.032615,0.026445,0.0,0.067235
5038,0.062788,0.097176,0.026435,0.021235,0.001465,0.0,0.069939
5039,0.062734,0.072393,0.035838,0.025759,0.012223,0.0,0.068176
5040,0.070864,0.11985,0.033164,0.027188,0.007489,0.0,0.079743
5041,0.062008,0.111664,0.044818,0.019399,0.000433,0.0,0.070489
5042,0.052357,0.060539,0.069856,0.104105,0.135118,0.0,0.057603
5043,0.029339,0.103153,0.067557,0.128665,0.195647,0.0,0.037948
5044,0.051334,0.121007,0.045007,0.035854,0.004375,0.0,0.060623
5045,0.055558,0.119731,0.046596,0.022637,0.001811,0.0,0.064718
5046,0.043872,0.153866,0.080752,0.010407,0.007299,0.0,0.056105
5047,0.046063,0.162987,0.057121,0.012974,0.000736,0.0,0.058641
5048,0.053965,0.253306,0.073586,0.028107,0.049543,0.0,0.073459
5049,0.194048,0.176722,0.048181,0.015795,0.073412,1.0,0.20641
5050,0.139936,0.096775,0.01839,0.007381,0.00178,0.0,0.146336
5051,0.035959,0.102751,0.024569,0.008261,0.005986,0.0,0.043682
5052,0.068698,0.129484,0.021287,0.007348,0.007427,0.0,0.078115
5053,0.050676,0.067774,0.034696,0.008909,0.000382,0.0,0.055821
5054,0.047091,0.066873,0.030802,0.015524,0.076643,0.0,0.052159
5055,0.063263,0.121191,0.024259,0.009673,0.043425,0.0,0.07215
5056,0.065687,0.118615,0.018893,0.004579,0.001564,0.0,0.074279
5057,0.055187,0.083146,0.023517,0.026406,0.035854,0.0,0.061323
5058,0.086595,0.201268,0.044286,0.028629,0.027875,0.0,0.101569
5059,0.062071,0.219649,0.036353,0.003764,0.000658,0.0,0.078447
5060,0.079208,0.171056,0.027693,0.012956,0.105697,0.0,0.091742
5061,0.056761,0.197292,0.017809,0.006198,0.05481,0.0,0.071269
5062,0.062814,0.111432,0.021162,0.003019,0.002425,0.0,0.070922
5063,0.051949,0.128261,0.024934,0.010325,0.008629,0.0,0.061457
5064,0.087287,0.126956,0.021729,0.005411,0.005399,0.0,0.096376
5065,0.044811,0.103736,0.014963,0.004301,0.000359,0.0,0.052401
5066,0.053333,0.104626,0.079407,0.13713,0.067583,0.0,0.062036
5067,0.056328,0.133666,0.032952,0.151444,0.120138,0.0,0.066568
5068,0.048443,0.071906,0.015771,0.021767,0.003746,0.0,0.053679
5069,0.052975,0.10694,0.025819,0.014935,0.01225,0.0,0.060909
5070,0.060513,0.145606,0.017319,0.008956,0.023433,0.0,0.071142
5071,0.051285,0.083287,0.013322,0.003508,0.000609,0.0,0.05728
5072,0.046987,0.102509,0.014752,0.016607,0.050288,0.0,0.054491
5073,0.051295,0.077522,0.031738,0.049327,0.035918,0.0,0.057194
5074,0.07468,0.103665,0.011815,0.010209,0.000704,0.0,0.082005
5075,0.067984,0.069539,0.011164,0.010001,0.004471,0.0,0.072811
5076,0.195571,0.240688,0.009238,0.003612,0.009801,1.0,0.212129
5077,0.093079,0.16495,0.005721,0.001987,0.000236,0.0,0.104729
5078,0.064028,0.18505,0.021844,0.035317,0.117516,0.0,0.077679
5079,0.309587,0.078632,0.020157,0.009063,0.066977,1.0,0.313376
5080,0.08046,0.115579,0.004798,0.003988,0.002084,0.0,0.088522
5081,0.095464,0.107314,0.007406,0.003404,0.001602,0.0,0.102831
5082,0.097138,0.164445,0.010765,0.003244,0.009788,0.0,0.10879
5083,0.028736,0.136377,0.013227,0.001984,0.000461,0.0,0.038851
5084,0.044002,0.062684,0.014848,0.003218,0.016016,0.0,0.048541
5085,0.070518,0.140639,0.011884,0.005437,0.025657,0.0,0.080622
5086,0.056237,0.115624,0.005497,0.00277,0.001056,0.0,0.064494
5087,0.049272,0.120726,0.010508,0.007922,0.005809,0.0,0.058039
5088,0.055857,0.12587,0.025775,0.008825,0.009583,0.0,0.065167
5089,0.052913,0.10055,0.013109,0.003225,0.000474,0.0,0.060178
5090,0.054228,0.090509,0.03674,0.088928,0.065178,0.0,0.06121
5091,0.056111,0.028437,0.027291,0.148446,0.112536,0.0,0.058438
5092,0.055484,0.04626,0.010902,0.016264,0.003683,0.0,0.058681
5093,0.049341,0.041196,0.008565,0.006853,0.001605,0.0,0.05216
5094,0.090131,0.132366,0.009695,0.003386,0.009597,0.0,0.099435
5095,0.071351,0.062757,0.00521,0.001893,0.000364,0.0,0.075552
5096,0.066126,0.074328,0.028964,0.029615,0.053311,0.0,0.071603
5097,0.450741,0.118309,0.013416,0.015796,0.071709,1.0,0.456329
5098,0.045799,0.069689,0.006475,0.002756,0.001781,0.0,0.05073
5099,0.155134,0.053954,0.003044,0.00449,0.00736,0.0,0.158018
5100,0.071508,0.046847,0.006035,0.004374,0.007081,0.0,0.07454
5101,0.030462,0.043335,0.003548,0.002632,0.00026,0.0,0.033508
5102,0.07334,0.116641,0.015277,0.012208,0.048167,0.0,0.081695
5103,0.053864,0.211504,0.037685,0.05572,0.074787,0.0,0.06981
5104,0.052085,0.170681,0.043395,0.067122,0.003071,0.0,0.065099
5105,0.054392,0.132562,0.055046,0.10708,0.039837,0.0,0.064782
5106,0.095585,0.154598,0.051811,0.072549,0.03225,0.0,0.107196
5107,0.069186,0.112869,0.055052,0.075,0.003851,0.0,0.077938
5108,0.052914,0.088205,0.048183,0.064026,0.063026,0.0,0.059846
5109,0.094006,0.085363,0.048749,0.05749,0.066928,0.0,0.10041
5110,0.050817,0.09536,0.04205,0.079543,0.006361,0.0,0.058238
5111,0.062509,0.126671,0.0369,0.095233,0.014935,0.0,0.07213
5112,0.253351,0.053678,0.035174,0.051979,0.021895,1.0,0.255987
5113,0.039832,0.09406,0.040952,0.055896,0.004254,0.0,0.047184
5114,0.052153,0.063451,0.07175,0.172495,0.057566,0.0,0.057759
5115,0.042971,0.106522,0.053666,0.192249,0.132271,0.0,0.051645
5116,0.048449,0.111043,0.045478,0.080749,0.006835,0.0,0.057104
5117,0.048642,0.152308,0.039045,0.069849,0.01646,0.0,0.060261
5118,0.070022,0.207497,0.049245,0.043002,0.028375,0.0,0.085678
5119,0.054463,0.126221,0.036773,0.044488,0.001835,0.0,0.064021
5120,0.061359,0.109604,0.042481,0.051495,0.040245,0.0,0.069719
5121,0.055969,0.106113,0.041261,0.029935,0.050704,0.0,0.064056
5122,0.047599,0.171479,0.028482,0.048937,0.00214,0.0,0.060472
5123,0.057237,0.200145,0.028767,0.052711,0.010433,0.0,0.072182
5124,0.05702,0.073944,0.035472,0.046009,0.010968,0.0,0.062652
5125,0.04153,0.066813,0.03842,0.054913,0.003552,0.0,0.046805
5126,0.038969,0.05658,0.065087,0.109381,0.148687,0.0,0.043968
5127,0.445932,0.261412,0.079323,0.056926,0.069721,1.0,0.463174
5128,0.175412,0.085126,0.062461,0.060046,0.011365,0.0,0.181365
5129,0.035101,0.105271,0.062936,0.098807,0.007048,0.0,0.043697
5130,0.0684,0.0936,0.07714,0.106555,0.015703,0.0,0.07608
5131,0.055561,0.046085,0.082952,0.090376,0.006253,0.0,0.059853
5132,0.028625,0.048306,0.084827,0.119549,0.040373,0.0,0.033366
5133,0.060501,0.084117,0.139844,0.162201,0.058791,0.0,0.068487
5134,0.042896,0.101,0.104306,0.104984,0.007396,0.0,0.051687
5135,0.050157,0.064465,0.132739,0.090859,0.014523,0.0,0.056534
5136,0.121305,0.091211,0.070297,0.090204,0.020137,0.0,0.128283
5137,0.082009,0.070742,0.071959,0.101648,0.007166,0.0,0.087805
5138,0.060848,0.142078,0.121778,0.168178,0.143145,0.0,0.072916
5139,0.057431,0.166759,0.113142,0.218465,0.13773,0.0,0.071333
5140,0.043417,0.116057,0.061881,0.105303,0.020331,0.0,0.05275
5141,0.054343,0.075253,0.074421,0.076396,0.013203,0.0,0.060675
5142,0.069203,0.111044,0.047713,0.068373,0.016403,0.0,0.077709
5143,0.072568,0.060357,0.038005,0.027031,0.00153,0.0,0.077071
5144,0.068684,0.115848,0.058418,0.069991,0.068924,0.0,0.077703
5145,0.307123,0.091163,0.040896,0.041506,0.057644,1.0,0.312201
5146,0.214682,0.079152,0.028947,0.024483,0.00221,0.0,0.219374
5147,0.049529,0.083431,0.02598,0.028455,0.009238,0.0,0.055765
5148,0.093564,0.083897,0.034965,0.022056,0.009602,0.0,0.09961
5149,0.07541,0.091677,0.048593,0.01951,0.00148,0.0,0.082353
5150,0.03642,0.083859,0.031041,0.014751,0.065544,0.0,0.042835
5151,0.082882,0.100795,0.029265,0.027536,0.078418,0.0,0.090204
5152,0.050525,0.049782,0.030207,0.021024,0.002957,0.0,0.054293
5153,0.060339,0.098245,0.040065,0.050311,0.034233,0.0,0.067826
5154,0.068375,0.174874,0.061869,0.067751,0.045494,0.0,0.081831
5155,0.053463,0.136489,0.065865,0.012675,0.000594,0.0,0.064131
5156,0.063309,0.094534,0.041574,0.023198,0.066041,0.0,0.070472
5157,0.063975,0.059951,0.013567,0.01853,0.081709,0.0,0.068172
5158,0.048207,0.054457,0.024517,0.009687,0.001559,0.0,0.052242
5159,0.053457,0.101203,0.049907,0.027515,0.008002,0.0,0.061308
5160,0.160228,0.151515,0.022732,0.019269,0.004508,1.0,0.170627
5161,0.080345,0.100401,0.007663,0.016568,0.000445,0.0,0.087339
5162,0.056649,0.090509,0.080405,0.14533,0.087923,0.0,0.064306
5163,0.052674,0.147944,0.052473,0.213218,0.109819,0.0,0.064377
5164,0.055055,0.078041,0.014974,0.039501,0.004122,0.0,0.060717
5165,0.066916,0.11704,0.007775,0.017301,0.012046,0.0,0.075254
5166,0.074986,0.118721,0.011974,0.018596,0.025207,0.0,0.083448
5167,0.068281,0.092688,0.008688,0.01553,0.000727,0.0,0.074805
5168,0.064621,0.067691,0.014588,0.049925,0.037436,0.0,0.069455
5169,0.062835,0.071565,0.037335,0.054382,0.041011,0.0,0.068288
5170,0.057573,0.073381,0.029781,0.019917,0.001527,0.0,0.063036
5171,0.070623,0.071857,0.009988,0.022993,0.004623,0.0,0.07561
5172,0.083353,0.163381,0.013889,0.02612,0.010095,0.0,0.095114
5173,0.058134,0.105652,0.007246,0.027431,0.000831,0.0,0.065702
5174,0.060753,0.165818,0.025871,0.061586,0.086401,0.0,0.073097
5175,0.288086,0.185303,0.011488,0.049705,0.07161,1.0,0.299932
5176,0.194211,0.11905,0.005475,0.017928,0.001891,0.0,0.201698
5177,0.086165,0.127383,0.009451,0.016093,0.00252,0.0,0.095147
5178,0.056058,0.146183,0.007902,0.022956,0.008009,0.0,0.06666
5179,0.124199,0.112001,0.010994,0.02858,0.00104,0.0,0.131789
5180,0.030672,0.130262,0.017214,0.025448,0.026771,0.0,0.040414
5181,0.059023,0.126366,0.01806,0.029822,0.049666,0.0,0.06828
5182,0.057696,0.098991,0.023481,0.040085,0.001445,0.0,0.065013
5183,0.075627,0.092629,0.020852,0.04595,0.013122,0.0,0.08231
5184,0.071172,0.147628,0.014352,0.048878,0.014097,0.0,0.081899
5185,0.08078,0.109557,0.022366,0.043219,0.002814,0.0,0.088699
5186,0.055205,0.16901,0.047133,0.103886,0.05078,0.0,0.068189
5187,0.057779,0.126427,0.042714,0.195718,0.137927,0.0,0.06768
5188,0.050616,0.107268,0.020379,0.059504,0.005478,0.0,0.058596
5189,0.050539,0.076541,0.014717,0.053443,0.00503,0.0,0.056145
5190,0.060425,0.085189,0.020517,0.091726,0.018472,0.0,0.066746
5191,0.060189,0.10181,0.027609,0.086987,0.003724,0.0,0.067836
5192,0.044913,0.133446,0.043121,0.154868,0.074097,0.0,0.055365
5193,0.377008,0.138263,0.054744,0.09107,0.066397,1.0,0.385335
5194,0.160478,0.099095,0.037051,0.135377,0.012573,0.0,0.167372
5195,0.164906,0.132969,0.053975,0.128286,0.015713,0.0,0.174506
5196,0.029226,0.11466,0.0775,0.171041,0.031909,0.0,0.038891
5197,0.131877,0.084323,0.097875,0.251284,0.030505,0.0,0.13892
5198,0.046558,0.123058,0.088339,0.222807,0.097257,0.0,0.056958
5199,0.052675,0.098214,0.077446,0.116767,0.093537,0.0,0.060845
5200,0.050637,0.089609,0.077552,0.157729,0.018109,0.0,0.058251
5201,0.039737,0.126752,0.089702,0.280891,0.056431,0.0,0.050582
5202,0.054623,0.17075,0.078727,0.225773,0.057347,0.0,0.068383
5203,0.041103,0.13943,0.077283,0.217014,0.021497,0.0,0.052598
5204,0.055283,0.103149,0.156321,0.218481,0.079374,0.0,0.065049
5205,0.096531,0.121943,0.094945,0.17253,0.066735,0.0,0.106467
5206,0.056675,0.07678,0.077496,0.254704,0.02389,0.0,0.063458
5207,0.06571,0.062966,0.101034,0.293087,0.037073,0.0,0.071783
5208,0.095965,0.129038,0.089813,0.268945,0.027629,0.0,0.106531
5209,0.063852,0.052586,0.10106,0.233574,0.011266,0.0,0.069061
5210,0.048502,0.070675,0.083107,0.400321,0.110429,0.0,0.055229
5211,0.051452,0.069658,0.05319,0.240213,0.193566,0.0,0.0574
5212,0.05701,0.097066,0.065828,0.099179,0.008183,0.0,0.064868
5213,0.05339,0.091653,0.084099,0.110281,0.023928,0.0,0.061141
5214,0.051579,0.148776,0.096364,0.137305,0.041072,0.0,0.06381
5215,0.044617,0.116549,0.101214,0.143658,0.006952,0.0,0.054578
5216,0.037703,0.088749,0.104577,0.155747,0.027642,0.0,0.045715
5217,0.046667,0.043857,0.127993,0.166974,0.069619,0.0,0.05161
5218,0.028191,0.020328,0.15066,0.173912,0.011884,0.0,0.031839
5219,0.029828,0.023433,0.148279,0.109234,0.01102,0.0,0.033549
5220,0.14392,0.067436,0.105415,0.050529,0.010262,1.0,0.149363
5221,0.078557,0.01363,0.024018,0.021151,0.00155,0.0,0.079336
5222,0.053525,0.08879,0.038291,0.05211,0.047375,0.0,0.06034
5223,0.380331,0.184229,0.046917,0.021813,0.072778,1.0,0.391826
5224,0.028086,0.145253,0.026627,0.03058,0.004585,0.0,0.039098
5225,0.14315,0.252813,0.045129,0.032961,0.005205,0.0,0.161547
5226,0.071747,0.114144,0.04252,0.037345,0.008982,0.0,0.080339
5227,0.022932,0.160693,0.044995,0.030168,0.001985,0.0,0.035382
5228,0.059201,0.100118,0.040232,0.023895,0.018629,0.0,0.066791
5229,0.03425,0.123061,0.027505,0.057175,0.031595,0.0,0.043624
5230,0.045176,0.153512,0.039281,0.056657,0.002757,0.0,0.05689
5231,0.054416,0.138087,0.055191,0.060063,0.009419,0.0,0.065134
5232,0.059252,0.142476,0.034752,0.060525,0.015042,0.0,0.069984
5233,0.065527,0.142055,0.04781,0.041527,0.001725,0.0,0.076323
5234,0.05217,0.166234,0.048619,0.086713,0.060189,0.0,0.064961
5235,0.046703,0.203224,0.057936,0.163868,0.135956,0.0,0.062555
5236,0.054117,0.143025,0.03438,0.047844,0.006901,0.0,0.064902
5237,0.043615,0.139962,0.054728,0.048755,0.004906,0.0,0.054529
5238,0.062824,0.15903,0.025752,0.031531,0.010808,0.0,0.074588
5239,0.059677,0.122117,0.030356,0.030017,0.001474,0.0,0.068777
5240,0.052178,0.086318,0.052631,0.06522,0.048132,0.0,0.059037
5241,0.489558,0.139101,0.026575,0.035369,0.066025,1.0,0.496609
5242,0.136837,0.07133,0.028046,0.017012,0.00398,0.0,0.141515
5243,0.094095,0.087424,0.045605,0.024479,0.003862,0.0,0.100548
5244,0.036682,0.092157,0.035981,0.049819,0.010321,0.0,0.043838
5245,0.083738,0.134542,0.035848,0.049358,0.003191,0.0,0.093688
5246,0.052102,0.106423,0.022814,0.065324,0.034264,0.0,0.060052
5247,0.058624,0.083605,0.015684,0.035085,0.069605,0.0,0.064679
5248,0.057511,0.073995,0.035584,0.073839,0.004036,0.0,0.063193
5249,0.070233,0.101589,0.046388,0.109009,0.040331,0.0,0.078082
5250,0.056031,0.199269,0.039819,0.077711,0.064539,0.0,0.071117
5251,0.069161,0.181154,0.052821,0.069291,0.004274,0.0,0.082956
5252,0.061395,0.102019,0.027592,0.079414,0.092321,0.0,0.06904
5253,0.09082,0.118785,0.016391,0.038861,0.046959,0.0,0.099263
5254,0.051803,0.096018,0.018174,0.036549,0.001949,0.0,0.058866
5255,0.071009,0.102752,0.049125,0.048891,0.006588,0.0,0.078868
5256,0.169698,0.114474,0.030341,0.054311,0.009197,1.0,0.177434
5257,0.059203,0.126889,0.043791,0.071168,0.001631,0.0,0.068916
5258,0.067441,0.145234,0.051098,0.19825,0.07368,0.0,0.078783
5259,0.04895,0.138365,0.087143,0.207907,0.112885,0.0,0.06043
5260,0.051654,0.105313,0.076753,0.171318,0.017388,0.0,0.060442
5261,0.057848,0.104969,0.052007,0.116944,0.024828,0.0,0.066132
5262,0.067718,0.162989,0.02875,0.10339,0.048473,0.0,0.079908
5263,0.061364,0.142376,0.058875,0.095324,0.008351,0.0,0.07246
5264,0.058394,0.108113,0.086969,0.088956,0.04283,0.0,0.067335
5265,0.063207,0.102918,0.110814,0.080862,0.051741,0.0,0.072035
5266,0.046868,0.056315,0.064533,0.06651,0.007428,0.0,0.051696
5267,0.066217,0.071761,0.064402,0.069074,0.014134,0.0,0.07205
5268,0.086564,0.044245,0.072603,0.069541,0.020119,0.0,0.090307
5269,0.050047,0.028844,0.094478,0.065733,0.012519,0.0,0.053211
5270,0.06499,0.052272,0.083957,0.143607,0.101867,0.0,0.069783
5271,0.469323,0.068608,0.08436,0.088786,0.083227,1.0,0.472161
5272,0.154081,0.03205,0.072291,0.128465,0.010272,0.0,0.1565
5273,0.091161,0.032613,0.075407,0.084427,0.016232,0.0,0.094067
5274,0.035576,0.069304,0.090096,0.083723,0.025367,0.0,0.041835
5275,0.07893,0.066308,0.078928,0.106518,0.012025,0.0,0.084523
5276,0.055087,0.060638,0.056431,0.106921,0.031934,0.0,0.060136
5277,0.029346,0.078564,0.04017,0.108415,0.051904,0.0,0.035708
5278,0.044371,0.131926,0.041177,0.115754,0.01559,0.0,0.054615
5279,0.058162,0.074281,0.08736,0.13204,0.031946,0.0,0.064667
5280,0.12679,0.247014,0.114623,0.153385,0.024685,0.0,0.146036
5281,0.076488,0.186961,0.156669,0.071814,0.017189,0.0,0.092075
5282,0.080897,0.286923,0.068983,0.139586,0.06867,0.0,0.102822
5283,0.049167,0.189905,0.047685,0.229504,0.159599,0.0,0.063987
5284,0.053934,0.081027,0.039282,0.101874,0.021188,0.0,0.060267
5285,0.051792,0.085995,0.03856,0.072637,0.019553,0.0,0.05845
5286,0.05324,0.091668,0.04047,0.094276,0.020072,0.0,0.060374
5287,0.054072,0.072126,0.060039,0.118146,0.011368,0.0,0.060052
5288,0.047318,0.087392,0.092741,0.124189,0.043365,0.0,0.054941
5289,0.320811,0.115511,0.063947,0.095588,0.053812,1.0,0.328004
5290,0.22351,0.063887,0.030997,0.084096,0.00982,0.0,0.227132
5291,0.015327,0.087294,0.026744,0.127522,0.010876,0.0,0.022294
5292,0.027085,0.080323,0.036418,0.107083,0.022303,0.0,0.033541
5293,0.087636,0.104888,0.055727,0.123603,0.01358,0.0,0.095749
5294,0.026112,0.068967,0.038071,0.094695,0.028906,0.0,0.03173
5295,0.028124,0.090164,0.047781,0.052604,0.058188,0.0,0.035365
5296,0.043762,0.120634,0.045459,0.084333,0.007839,0.0,0.053173
5297,0.027644,0.0911,0.067716,0.089781,0.021739,0.0,0.035291
5298,0.035257,0.07841,0.05816,0.079505,0.02895,0.0,0.041755
5299,0.039981,0.07324,0.036658,0.049026,0.003088,0.0,0.045712
5300,0.035991,0.054008,0.033074,0.043176,0.03851,0.0,0.040263
5301,0.069871,0.04945,0.060111,0.08199,0.043607,0.0,0.073982
5302,0.050724,0.0376,0.048694,0.02011,0.001666,0.0,0.053832
5303,0.039563,0.036877,0.048978,0.039094,0.004563,0.0,0.04274
5304,0.04941,0.110186,0.079903,0.054719,0.005657,0.0,0.058416
5305,0.04201,0.215978,0.028228,0.028052,0.00181,0.0,0.058198
5306,0.053081,0.105308,0.037134,0.085246,0.032383,0.0,0.06117
5307,0.040465,0.038204,0.124835,0.299956,0.13596,0.0,0.045228
5308,0.030915,0.098779,0.054736,0.064453,0.008041,0.0,0.038888
5309,0.033175,0.092335,0.06453,0.058501,0.021045,0.0,0.040774
5310,0.032131,0.037645,0.061688,0.050477,0.048725,0.0,0.035617
5311,0.038615,0.047717,0.042821,0.030368,0.006555,0.0,0.042508
5312,0.048512,0.04128,0.029827,0.034263,0.021058,0.0,0.051681
5313,0.04687,0.077627,0.01859,0.021563,0.051052,0.0,0.052585
5314,0.064296,0.081373,0.021475,0.021794,0.002101,0.0,0.070193
5315,0.061536,0.052195,0.036368,0.03061,0.006789,0.0,0.065499
5316,0.086455,0.120682,0.025781,0.024104,0.009836,0.0,0.095171
5317,0.051857,0.064992,0.02413,0.020238,0.001449,0.0,0.056662
5318,0.068166,0.109863,0.033279,0.037873,0.034833,0.0,0.076344
5319,0.293483,0.250867,0.072553,0.035796,0.086068,1.0,0.310973
5320,0.232873,0.173458,0.020538,0.021116,0.004305,0.0,0.244326
5321,0.129276,0.178652,0.041794,0.020184,0.003896,0.0,0.142191
5322,0.082336,0.133171,0.056938,0.024298,0.013229,0.0,0.092437
5323,0.064065,0.07692,0.033292,0.033299,0.001783,0.0,0.069813
5324,0.039006,0.064961,0.021147,0.02883,0.021793,0.0,0.043883
5325,0.032785,0.114336,0.062275,0.035397,0.049627,0.0,0.041956
5326,0.056928,0.154197,0.058957,0.014949,0.001856,0.0,0.068798
5327,0.07331,0.098721,0.044632,0.025226,0.003324,0.0,0.080749
5328,0.099281,0.174532,0.055827,0.037657,0.015299,0.0,0.11234
5329,0.052272,0.098716,0.022297,0.00982,0.001935,0.0,0.059541
5330,0.069692,0.117915,0.034357,0.054466,0.088327,0.0,0.078505
5331,0.060767,0.093621,0.068283,0.230703,0.167461,0.0,0.068613
5332,0.063421,0.137059,0.043174,0.02852,0.004714,0.0,0.073776
5333,0.069291,0.101761,0.032456,0.022302,0.003592,0.0,0.076817
5334,0.060489,0.106149,0.039689,0.012232,0.020006,0.0,0.06849
5335,0.067358,0.078898,0.031898,0.010501,0.00118,0.0,0.073169
5336,0.050233,0.117933,0.052741,0.040761,0.046234,0.0,0.059418
5337,0.446101,0.242271,0.055218,0.038081,0.105831,1.0,0.461559
5338,0.103108,0.132786,0.027192,0.011323,0.002414,0.0,0.112596
5339,0.028658,0.118289,0.0357,0.008272,0.004115,0.0,0.037744
5340,0.047823,0.126355,0.025857,0.008335,0.012343,0.0,0.057229
5341,0.018175,0.073971,0.010874,0.007728,0.000595,0.0,0.023703
5342,0.027275,0.064584,0.013287,0.008203,0.018888,0.0,0.03207
5343,0.039707,0.119269,0.032044,0.016969,0.062573,0.0,0.04875
5344,0.047978,0.112908,0.024953,0.012155,0.002678,0.0,0.056376
5345,0.047567,0.106274,0.014059,0.01952,0.008452,0.0,0.055341
5346,0.094435,0.177262,0.057405,0.037389,0.056103,0.0,0.107757
5347,0.084836,0.174456,0.021593,0.007165,0.001337,0.0,0.097481
5348,0.070336,0.151989,0.016074,0.012276,0.021737,0.0,0.081354
5349,0.181977,0.203816,0.048285,0.013585,0.073713,1.0,0.196444
5350,0.063535,0.049725,0.030707,0.003524,0.001603,0.0,0.067176
5351,0.065637,0.045839,0.025199,0.010658,0.002009,0.0,0.06891
5352,0.074591,0.058262,0.052999,0.021426,0.007615,0.0,0.079116
5353,0.110296,0.063922,0.021741,0.005898,0.000687,0.0,0.114519
5354,0.071341,0.060858,0.025875,0.065168,0.0489,0.0,0.075796
5355,0.068669,0.113787,0.08605,0.168215,0.158349,0.0,0.078088
5356,0.06444,0.085615,0.018567,0.025676,0.006047,0.0,0.070619
5357,0.070338,0.093261,0.020667,0.013217,0.008026,0.0,0.077048
5358,0.070334,0.099142,0.026613,0.026341,0.038994,0.0,0.077587
5359,0.069545,0.101517,0.019596,0.004728,0.001238,0.0,0.076846
5360,0.074271,0.068485,0.019639,0.01342,0.020815,0.0,0.079094
5361,0.076487,0.099771,0.084852,0.063236,0.037685,0.0,0.084596
5362,0.062906,0.04066,0.020072,0.007175,0.000915,0.0,0.065739
5363,0.060517,0.040441,0.016147,0.007931,0.002087,0.0,0.0633
5364,0.062664,0.016118,0.013859,0.005936,0.012094,0.0,0.063586
5365,0.088907,0.0145,0.004555,0.001966,0.000418,0.0,0.089374
5366,0.083822,0.03117,0.017293,0.020529,0.033752,0.0,0.085777
5367,0.438992,0.183967,0.039289,0.022662,0.098989,1.0,0.449921
5368,0.067968,0.030732,0.019117,0.002689,0.003071,0.0,0.070002
5369,0.131774,0.046574,0.00644,0.002243,0.000795,0.0,0.134328
5370,0.069418,0.036833,0.010662,0.00371,0.011153,0.0,0.071783
5371,0.130699,0.066597,0.007273,0.002246,0.000307,0.0,0.134763
5372,0.071411,0.034309,0.004731,0.002412,0.007546,0.0,0.073489
5373,0.062339,0.040462,0.010428,0.006973,0.028336,0.0,0.065031
5374,0.069977,0.025666,0.006366,0.002292,0.001007,0.0,0.071445
5375,0.079992,0.02549,0.007575,0.007006,0.002058,0.0,0.081395
5376,0.087794,0.07834,0.046301,0.015462,0.016144,0.0,0.093613
5377,0.084649,0.075143,0.019749,0.003553,0.000383,0.0,0.089871
5378,0.070115,0.036599,0.017128,0.026223,0.02963,0.0,0.072585
5379,0.064721,0.078225,0.030811,0.194185,0.177432,0.0,0.07082
5380,0.06551,0.043816,0.010006,0.023178,0.005177,0.0,0.068449
5381,0.070936,0.030575,0.006977,0.013158,0.000815,0.0,0.072789
5382,0.071555,0.039703,0.023901,0.012795,0.018255,0.0,0.074313
5383,0.072848,0.039099,0.004595,0.003232,0.000397,0.0,0.075271
5384,0.060043,0.034657,0.009806,0.016634,0.020582,0.0,0.062329
5385,0.443873,0.117531,0.062816,0.040596,0.097247,1.0,0.45017
5386,0.083612,0.111114,0.020485,0.003253,0.002868,0.0,0.09153
5387,0.163272,0.092164,0.006982,0.002919,0.003001,0.0,0.168989
5388,0.072432,0.065071,0.003871,0.002257,0.012831,0.0,0.076781
5389,0.127246,0.058641,0.003207,0.00197,0.000509,0.0,0.130689
5390,0.098824,0.050788,0.002537,0.002726,0.023442,0.0,0.101892
5391,0.079566,0.084712,0.018931,0.015556,0.062549,0.0,0.085553
5392,0.074179,0.03799,0.005339,0.002648,0.002371,0.0,0.076519
5393,0.062984,0.019431,0.004382,0.008325,0.008116,0.0,0.064025
5394,0.08298,0.086549,0.038177,0.033702,0.044856,0.0,0.08937
5395,0.092372,0.116173,0.012455,0.003647,0.000987,0.0,0.10049
5396,0.10444,0.089055,0.006829,0.008601,0.033908,0.0,0.110383
5397,0.109759,0.209539,0.041145,0.022614,0.108496,0.0,0.125124
5398,0.090393,0.05552,0.010779,0.002162,0.002469,0.0,0.093988
5399,0.083998,0.067562,0.006538,0.005233,0.003589,0.0,0.088485
5400,0.263572,0.133122,0.031981,0.013314,0.010881,1.0,0.271931
5401,0.073545,0.075916,0.005266,0.001746,0.000248,0.0,0.078709
5402,0.093482,0.080717,0.011679,0.064603,0.029459,0.0,0.099052
5403,0.042917,0.137801,0.077956,0.257572,0.151143,0.0,0.054365
5404,0.057979,0.122423,0.009975,0.019391,0.006298,0.0,0.066819
5405,0.097348,0.099728,0.006427,0.008346,0.004158,0.0,0.104131
5406,0.084499,0.139702,0.012205,0.019659,0.0512,0.0,0.094457
5407,0.104543,0.090654,0.003493,0.002762,0.001317,0.0,0.110547
5408,0.096876,0.048247,0.002869,0.0054,0.008316,0.0,0.099778
5409,0.081097,0.083891,0.021033,0.041363,0.091057,0.0,0.087087
5410,0.074334,0.069612,0.008185,0.002841,0.001953,0.0,0.079065
5411,0.063232,0.069453,0.006467,0.004483,0.003522,0.0,0.068016
5412,0.233816,0.084324,0.012519,0.013337,0.019033,1.0,0.238506
5413,0.07722,0.028043,0.00513,0.001909,0.000413,0.0,0.078793
5414,0.110581,0.051838,0.008275,0.012726,0.051873,0.0,0.113735
5415,0.490665,0.193877,0.043774,0.041666,0.098497,1.0,0.502032
5416,0.235347,0.060656,0.009242,0.001329,0.002247,0.0,0.238197
5417,0.020962,0.035898,0.005667,0.001481,0.000477,0.0,0.023553
5418,0.039237,0.074819,0.007227,0.004341,0.00785,0.0,0.044613
5419,0.078116,0.060876,0.002237,0.00144,0.000392,0.0,0.082085
5420,0.040337,0.039898,0.002905,0.002752,0.011426,0.0,0.043044
5421,0.073119,0.041031,0.020469,0.014125,0.0377,0.0,0.075921
5422,0.082632,0.022635,0.003797,0.001464,0.00074,0.0,0.083741
5423,0.070348,0.028423,0.00268,0.00492,0.003522,0.0,0.071973
5424,0.076415,0.091535,0.053557,0.029297,0.017341,0.0,0.083425
5425,0.069928,0.053645,0.013713,0.001855,0.000827,0.0,0.073577
5426,0.056489,0.022571,0.011388,0.031476,0.033687,0.0,0.05795
5427,0.045972,0.037019,0.047946,0.210759,0.210533,0.0,0.04941
5428,0.062423,0.016128,0.007326,0.021384,0.006538,0.0,0.063285
5429,0.050881,0.015287,0.002985,0.008227,0.000944,0.0,0.051686
5430,0.059681,0.048153,0.011692,0.020778,0.023063,0.0,0.063007
5431,0.07048,0.028397,0.003164,0.002537,0.000523,0.0,0.072104
5432,0.049749,0.03609,0.005224,0.008455,0.015292,0.0,0.052143
5433,0.359279,0.15142,0.054466,0.043659,0.133843,1.0,0.368637
5434,0.019275,0.081818,0.017623,0.002495,0.002699,0.0,0.025461
5435,0.18662,0.070851,0.005023,0.002347,0.001786,1.0,0.190545
5436,0.061506,0.064062,0.006705,0.003788,0.014799,0.0,0.065904
5437,0.050897,0.05601,0.00169,0.000806,0.000289,0.0,0.054702
5438,0.087529,0.047684,0.001377,0.001356,0.006626,0.0,0.090434
5439,0.078721,0.061586,0.036999,0.039622,0.055705,0.0,0.083281
5440,0.081762,0.060344,0.011411,0.006566,0.001968,0.0,0.085798
5441,0.07891,0.035144,0.006994,0.008966,0.011176,0.0,0.081036
5442,0.088489,0.116569,0.061496,0.068244,0.05402,0.0,0.097449
5443,0.092717,0.08713,0.013692,0.004431,0.000845,0.0,0.09869
5444,0.080165,0.053258,0.008852,0.007085,0.022227,0.0,0.083653
5445,0.083603,0.095907,0.046554,0.052382,0.094863,0.0,0.090835
5446,0.079781,0.05301,0.011408,0.003131,0.001501,0.0,0.08328
5447,0.106452,0.064057,0.007933,0.005971,0.001491,0.0,0.110527
5448,0.21124,0.103638,0.028697,0.066671,0.007843,1.0,0.217852
5449,0.069616,0.076214,0.012008,0.004898,0.000257,0.0,0.07493
5450,0.083071,0.067361,0.01704,0.047493,0.018587,0.0,0.087768
5451,0.061326,0.158915,0.067397,0.245823,0.164317,0.0,0.074043
5452,0.068562,0.130768,0.020264,0.023556,0.00409,0.0,0.07809
5453,0.071804,0.099374,0.00844,0.007491,0.00299,0.0,0.078781
5454,0.086191,0.094563,0.014452,0.032221,0.040334,0.0,0.092828
5455,0.076472,0.072188,0.004139,0.004641,0.000725,0.0,0.081327
5456,0.078614,0.03537,0.003955,0.008718,0.010368,0.0,0.080718
5457,0.075423,0.121901,0.047132,0.105942,0.056041,0.0,0.08475
5458,0.074463,0.088447,0.02443,0.010824,0.001268,0.0,0.08083
5459,0.090924,0.059917,0.00935,0.003409,0.001594,0.0,0.094824
5460,0.146288,0.136407,0.018375,0.012854,0.011759,0.0,0.155599
5461,0.072757,0.081999,0.005087,0.001876,0.000349,0.0,0.078378
5462,0.078789,0.066475,0.009036,0.007711,0.037988,0.0,0.083275
5463,0.303527,0.151055,0.037472,0.045643,0.088997,1.0,0.313053
5464,0.166991,0.036111,0.009746,0.002134,0.001905,0.0,0.168543
5465,0.064827,0.028455,0.00523,0.001949,0.000478,0.0,0.066526
5466,0.129442,0.089999,0.009726,0.015263,0.01269,0.0,0.135314
5467,0.063871,0.055892,0.003643,0.003166,0.000373,0.0,0.0676
5468,0.059391,0.028058,0.001611,0.003084,0.009701,0.0,0.061055
5469,0.084202,0.029383,0.012935,0.018228,0.047007,0.0,0.085958
5470,0.093731,0.024993,0.003306,0.003012,0.001138,0.0,0.094927
5471,0.095461,0.019024,0.003382,0.004135,0.002208,0.0,0.096203
5472,0.112683,0.099798,0.042315,0.043035,0.020468,0.0,0.119904
5473,0.090316,0.064785,0.005813,0.003524,0.000707,0.0,0.094535
5474,0.090682,0.049553,0.007362,0.016635,0.017135,0.0,0.09381
5475,0.084191,0.060645,0.047853,0.150394,0.179675,0.0,0.088988
5476,0.070986,0.034506,0.008669,0.030368,0.006482,0.0,0.073185
5477,0.06071,0.023495,0.004771,0.015342,0.00131,0.0,0.062088
5478,0.072996,0.045401,0.034151,0.03343,0.014867,0.0,0.076342
5479,0.076645,0.018142,0.015139,0.007307,0.001787,0.0,0.07763
5480,0.091572,0.01652,0.011229,0.017103,0.040407,0.0,0.092289
5481,0.559998,0.156869,0.058556,0.079311,0.16755,1.0,0.568353
5482,0.036941,0.066909,0.031903,0.010526,0.012323,0.0,0.042092
5483,0.186645,0.07401,0.014087,0.009358,0.008232,0.0,0.190941
5484,0.069692,0.078274,0.009932,0.012853,0.021191,0.0,0.075146
5485,0.084293,0.055061,0.003445,0.00893,0.007946,0.0,0.087812
5486,0.097416,0.042364,0.002415,0.008541,0.019502,0.0,0.099877
5487,0.097617,0.08595,0.023178,0.070418,0.074756,0.0,0.103713
5488,0.07787,0.04294,0.011524,0.021688,0.01256,0.0,0.080668
5489,0.093956,0.044887,0.007888,0.022571,0.015518,0.0,0.096729
5490,0.106073,0.134036,0.033651,0.102471,0.072154,0.0,0.115882
5491,0.115021,0.110279,0.013619,0.018508,0.020635,0.0,0.122572
5492,0.104484,0.090866,0.013397,0.01596,0.049778,0.0,0.110665
5493,0.164345,0.199657,0.094395,0.063603,0.157111,0.0,0.179356
5494,0.080484,0.072772,0.030431,0.022929,0.04685,0.0,0.085743
5495,0.097501,0.057411,0.019144,0.028037,0.057831,0.0,0.101344
5496,0.226198,0.107586,0.012979,0.07564,0.058408,1.0,0.232796
5497,0.083722,0.060232,0.006426,0.020408,0.032196,0.0,0.087693
5498,0.083553,0.05415,0.010037,0.042069,0.059121,0.0,0.087161
5499,0.063928,0.145782,0.110134,0.289598,0.182552,0.0,0.076305
5500,0.081937,0.105416,0.021004,0.056041,0.051251,0.0,0.089546
5501,0.074881,0.113447,0.014324,0.025355,0.052109,0.0,0.082996
5502,0.074293,0.093848,0.019908,0.09183,0.085362,0.0,0.081148
5503,0.059809,0.063385,0.00553,0.039022,0.051667,0.0,0.064218
5504,0.05538,0.038562,0.003656,0.043862,0.068081,0.0,0.057959
5505,0.055748,0.062406,0.033551,0.116138,0.147609,0.0,0.060637
5506,0.060163,0.034019,0.01233,0.087873,0.14545,0.0,0.062568
5507,0.063238,0.032773,0.007129,0.068569,0.157022,0.0,0.065423
5508,0.095877,0.040046,0.015571,0.115872,0.184927,0.0,0.098553
5509,0.06716,0.055224,0.006618,0.090193,0.179276,0.0,0.071018
5510,0.060039,0.039104,0.006871,0.064305,0.164149,0.0,0.062708
5511,0.047482,0.085245,0.057675,0.208058,0.200084,0.0,0.054625
5512,0.049064,0.036802,0.021943,0.079067,0.157794,0.0,0.051876
5513,0.061507,0.042633,0.011768,0.070276,0.125622,0.0,0.064503
5514,0.054632,0.026026,0.015295,0.07806,0.159347,0.0,0.056507
5515,0.054573,0.02859,0.008181,0.049061,0.152307,0.0,0.056492
5516,0.051566,0.018592,0.004549,0.042481,0.095726,0.0,0.052699
5517,0.053164,0.022898,0.01096,0.078207,0.139325,0.0,0.054758
5518,0.054881,0.012651,0.004046,0.055656,0.105934,0.0,0.055563
5519,0.053756,0.013051,0.003279,0.058403,0.077933,0.0,0.054469
5520,0.061469,0.065305,0.04394,0.103644,0.068565,0.0,0.066644
5521,0.062295,0.030767,0.015665,0.039722,0.073621,0.0,0.064398
5522,0.053658,0.019999,0.010628,0.03178,0.073483,0.0,0.054942
5523,0.062126,0.025202,0.00706,0.037505,0.057981,0.0,0.063694
5524,0.072743,0.026384,0.003383,0.025628,0.050645,0.0,0.074247
5525,0.060388,0.009427,0.00175,0.024131,0.03935,0.0,0.060698
5526,0.050438,0.044692,0.077634,0.047617,0.043988,0.0,0.05452
5527,0.067027,0.027154,0.018812,0.021723,0.029962,0.0,0.068833
5528,0.06903,0.023103,0.006948,0.020132,0.039078,0.0,0.070355
5529,0.059078,0.134823,0.100155,0.103983,0.062968,0.0,0.070209
5530,0.050444,0.068748,0.029633,0.026521,0.024457,0.0,0.055627
5531,0.054991,0.057908,0.009541,0.022774,0.017134,0.0,0.059053
5532,0.05097,0.069606,0.007186,0.019174,0.018788,0.0,0.055895
5533,0.047601,0.04044,0.003619,0.015473,0.020569,0.0,0.050326
5534,0.042685,0.04532,0.002167,0.014656,0.021657,0.0,0.045789
5535,0.050204,0.083048,0.047754,0.066973,0.028137,0.0,0.05677
5536,0.050731,0.03643,0.009701,0.022081,0.016099,0.0,0.053228
5537,0.044561,0.032859,0.006772,0.017377,0.014991,0.0,0.046791
5538,0.046847,0.109593,0.052743,0.089089,0.022765,0.0,0.055521
5539,0.046934,0.085662,0.021661,0.014977,0.010845,0.0,0.053274
5540,0.085328,0.037759,0.006756,0.014466,0.008135,0.0,0.087606
5541,0.068953,0.105682,0.078418,0.04979,0.013583,0.0,0.077446
5542,0.053449,0.042273,0.030039,0.015902,0.011453,0.0,0.056625
5543,0.062049,0.025522,0.009779,0.015692,0.00847,0.0,0.063637
5544,0.064009,0.067544,0.058244,0.053339,0.00705,0.0,0.069433
5545,0.049699,0.052573,0.02169,0.014834,0.005878,0.0,0.053554
5546,0.057669,0.051831,0.006994,0.011948,0.00627,0.0,0.061204
5547,0.071056,0.17426,0.062365,0.051755,0.005176,0.0,0.084422
5548,0.082229,0.095501,0.012988,0.016878,0.003919,0.0,0.088917
5549,0.088112,0.067298,0.003731,0.010938,0.004646,0.0,0.09252
5550,0.131159,0.080223,0.01169,0.027622,0.006916,0.0,0.136339
5551,0.098406,0.065194,0.002831,0.007711,0.004406,0.0,0.102562
5552,0.094292,0.04047,0.00181,0.00733,0.005344,0.0,0.096624
5553,0.075789,0.041363,0.042817,0.047097,0.006086,0.0,0.078954
5554,0.084384,0.0286,0.014351,0.008085,0.003506,0.0,0.086079
5555,0.074141,0.023939,0.005226,0.007407,0.003788,0.0,0.075442
5556,0.123248,0.096389,0.022979,0.020866,0.004111,0.0,0.129832
5557,0.123701,0.072926,0.004523,0.006009,0.002806,0.0,0.128259
5558,0.078995,0.040592,0.003632,0.006054,0.002501,0.0,0.081475
5559,0.076741,0.078729,0.054431,0.079294,0.006709,0.0,0.082894
5560,0.077574,0.047746,0.012379,0.008215,0.002159,0.0,0.080719
5561,0.083046,0.034544,0.005177,0.003961,0.001509,0.0,0.085062
5562,0.07932,0.038844,0.00753,0.009365,0.002003,0.0,0.081726
5563,0.09904,0.048334,0.003193,0.004156,0.001148,0.0,0.101934
5564,0.09178,0.017258,0.002085,0.002085,0.000881,0.0,0.092397
5565,0.076918,0.095508,0.014945,0.009293,0.001226,0.0,0.08366
5566,0.079298,0.040923,0.002538,0.003397,0.000889,0.0,0.08178
5567,0.087333,0.027813,0.001235,0.002984,0.000908,0.0,0.08876
5568,0.090521,0.201987,0.071947,0.076075,0.008656,0.0,0.105976
5569,0.081543,0.104089,0.01092,0.004584,0.001067,0.0,0.088826
5570,0.072944,0.063336,0.011362,0.00279,0.0006,0.0,0.077262
5571,0.068142,0.049865,0.007981,0.006662,0.000845,0.0,0.071454
5572,0.075441,0.014037,0.002687,0.002712,0.000577,0.0,0.075952
5573,0.084425,0.01392,0.001556,0.001901,0.000462,0.0,0.084843
5574,0.083339,0.104365,0.04856,0.046471,0.00297,0.0,0.091212
5575,0.079025,0.051437,0.014289,0.003158,0.000518,0.0,0.082451
5576,0.098028,0.051798,0.004556,0.001883,0.000587,0.0,0.101202
5577,0.09202,0.131015,0.075359,0.075923,0.004571,0.0,0.102227
5578,0.070969,0.09566,0.031763,0.005246,0.000526,0.0,0.077989
5579,0.07849,0.104722,0.012744,0.001905,0.000469,0.0,0.085863
5580,0.099555,0.084705,0.008932,0.00348,0.000385,0.0,0.105229
5581,0.090322,0.041547,0.002994,0.001017,0.000167,0.0,0.092769
5582,0.07396,0.037786,0.001515,0.000964,0.000154,0.0,0.076232
5583,0.085856,0.121599,0.045938,0.031171,0.002628,0.0,0.094931
5584,0.074916,0.058662,0.014402,0.003623,0.000208,0.0,0.078913
5585,0.074877,0.063153,0.008739,0.002002,0.000252,0.0,0.079129
5586,0.078866,0.074429,0.042368,0.092396,0.004474,0.0,0.084542
5587,0.059215,0.065833,0.018699,0.008058,0.000329,0.0,0.063932
5588,0.069814,0.033711,0.0072,0.002382,0.000176,0.0,0.071893
5589,0.075251,0.099072,0.069259,0.095934,0.005239,0.0,0.083161
5590,0.064766,0.044251,0.031526,0.002904,0.000307,0.0,0.068
5591,0.079349,0.035579,0.012074,0.002135,0.000161,0.0,0.08156
5592,0.050358,0.052483,0.033891,0.018466,0.000753,0.0,0.054373
5593,0.070373,0.036564,0.00987,0.00259,0.000151,0.0,0.072697
5594,0.056888,0.025377,0.006397,0.001696,0.000146,0.0,0.058434
5595,0.061994,0.324544,0.054759,0.044303,0.004147,0.0,0.086499
5596,0.079301,0.170037,0.020261,0.004402,0.000195,0.0,0.091636
5597,0.062465,0.135471,0.010057,0.004207,0.000152,0.0,0.072217
5598,0.08478,0.109916,0.029663,0.028333,0.002745,0.0,0.092768
5599,0.083037,0.059582,0.008216,0.002986,0.000141,0.0,0.086957
5600,0.07735,0.052855,0.003939,0.002857,0.000114,0.0,0.080753
5601,0.071423,0.060556,0.016822,0.008159,0.000356,0.0,0.075629
5602,0.080327,0.028222,0.010184,0.002446,9.5e-05,0.0,0.081958
5603,0.068552,0.026206,0.007767,0.002054,0.00014,0.0,0.070089
5604,0.082091,0.087501,0.018312,0.015385,0.000781,0.0,0.088254
5605,0.066285,0.057905,0.008694,0.003356,5.5e-05,0.0,0.070214
5606,0.072101,0.042908,0.003582,0.001275,0.000176,0.0,0.074796
5607,0.068721,0.089065,0.077181,0.076646,0.00939,0.0,0.076009
5608,0.07093,0.044437,0.030128,0.00373,0.000231,0.0,0.074113
5609,0.075549,0.038523,0.011619,0.001461,0.000105,0.0,0.078001
5610,0.072484,0.05205,0.010483,0.006707,0.00036,0.0,0.07596
5611,0.081457,0.060063,0.004775,0.001923,6.6e-05,0.0,0.085376
5612,0.080029,0.033183,0.001608,0.000872,8.9e-05,0.0,0.081912
5613,0.078751,0.074346,0.016153,0.011979,0.000858,0.0,0.083925
5614,0.093993,0.029218,0.0047,0.002677,5.3e-05,0.0,0.09552
5615,0.070673,0.024745,0.002625,0.001048,6.8e-05,0.0,0.072014
5616,0.089622,0.13132,0.081323,0.052594,0.00458,0.0,0.09991
5617,0.092089,0.107576,0.028827,0.003731,0.000152,0.0,0.099792
5618,0.083099,0.071578,0.011695,0.000749,0.000157,0.0,0.087954
5619,0.078529,0.05897,0.008209,0.007007,0.00104,0.0,0.082444
5620,0.088057,0.029871,0.003878,0.001788,7e-05,0.0,0.089665
5621,0.074422,0.024366,0.002384,0.0017,0.000118,0.0,0.075704
5622,0.068077,0.126142,0.038926,0.035406,0.002027,0.0,0.077538
5623,0.07543,0.052643,0.011398,0.003405,9.4e-05,0.0,0.078935
5624,0.079298,0.030001,0.00511,0.001549,8e-05,0.0,0.080999
5625,0.097858,0.128943,0.096838,0.102013,0.022391,0.0,0.108205
5626,0.078472,0.091717,0.048974,0.021842,0.000435,0.0,0.085404
5627,0.082253,0.097708,0.018673,0.00454,0.000227,0.0,0.089161
5628,0.085537,0.121517,0.009037,0.005654,0.000211,0.0,0.094063
5629,0.081555,0.094311,0.004423,0.001609,9.7e-05,0.0,0.088016
5630,0.084281,0.059302,0.00269,0.001704,0.000114,0.0,0.088093
5631,0.08974,0.115822,0.032019,0.043572,0.005231,0.0,0.098188
5632,0.071446,0.065428,0.01173,0.004001,0.000147,0.0,0.075938
5633,0.086637,0.04723,0.011275,0.003921,0.000144,0.0,0.089652
5634,0.087125,0.095038,0.043018,0.055569,0.01105,0.0,0.094217
5635,0.083885,0.06257,0.017313,0.01451,0.000681,0.0,0.088164
5636,0.08239,0.063548,0.011438,0.00275,0.000169,0.0,0.086653
5637,0.066242,0.069559,0.072647,0.069447,0.00633,0.0,0.072023
5638,0.08122,0.045711,0.033739,0.007428,0.000384,0.0,0.084474
5639,0.075056,0.044346,0.017094,0.003608,0.000235,0.0,0.078023
5640,0.075217,0.092569,0.040778,0.054967,0.008421,0.0,0.082184
5641,0.080393,0.057416,0.020749,0.015567,0.00068,0.0,0.084363
5642,0.063483,0.04779,0.019103,0.007838,0.000346,0.0,0.066829
5643,0.073212,0.175445,0.090239,0.108472,0.00777,0.0,0.087129
5644,0.067253,0.134055,0.030217,0.021447,0.000547,0.0,0.077166
5645,0.084211,0.109127,0.020513,0.01091,0.000368,0.0,0.09199
5646,0.082297,0.091067,0.019274,0.021693,0.001807,0.0,0.088748
5647,0.082344,0.083697,0.008868,0.005022,0.000385,0.0,0.088076
5648,0.072214,0.046312,0.002239,0.002792,0.000133,0.0,0.075146
5649,0.086066,0.105551,0.041006,0.064791,0.015111,0.0,0.093938
5650,0.093719,0.04135,0.035816,0.016499,0.000796,0.0,0.096598
5651,0.060762,0.042011,0.021772,0.00395,0.000695,0.0,0.063729
5652,0.067798,0.124091,0.020167,0.024535,0.000854,0.0,0.076834
5653,0.059703,0.057756,0.014634,0.008176,0.000683,0.0,0.06376
5654,0.075847,0.049406,0.006632,0.005258,0.000726,0.0,0.079046
5655,0.095052,0.102396,0.057784,0.15574,0.061382,0.0,0.103011
5656,0.073703,0.071961,0.026309,0.039579,0.005428,0.0,0.078925
5657,0.078121,0.058891,0.0152,0.01698,0.002123,0.0,0.082145
5658,0.101706,0.050026,0.020501,0.038166,0.014081,0.0,0.105001
5659,0.084133,0.029267,0.008907,0.024216,0.004639,0.0,0.085834
5660,0.059686,0.023555,0.011687,0.015244,0.002194,0.0,0.06117
5661,0.055678,0.038645,0.023388,0.021292,0.00329,0.0,0.058485
5662,0.078754,0.041057,0.011145,0.012161,0.001823,0.0,0.081383
5663,0.065073,0.041883,0.00657,0.008235,0.001577,0.0,0.067798
5664,0.101259,0.098273,0.068524,0.126433,0.102977,0.0,0.10896
5665,0.076323,0.05633,0.028525,0.037136,0.011437,0.0,0.080387
5666,0.083225,0.033457,0.01854,0.017851,0.003984,0.0,0.085365
5667,0.085309,0.059304,0.014496,0.038162,0.013971,0.0,0.089338
5668,0.087851,0.054637,0.010991,0.02182,0.004293,0.0,0.091436
5669,0.061169,0.040479,0.00645,0.013927,0.004322,0.0,0.063828
5670,0.073982,0.118114,0.027199,0.061468,0.026131,0.0,0.082688
5671,0.079059,0.079592,0.010368,0.033162,0.015739,0.0,0.084581
5672,0.073011,0.056762,0.009371,0.015796,0.015905,0.0,0.076836
5673,0.087139,0.166885,0.055717,0.133819,0.107412,0.0,0.099894
5674,0.056675,0.075679,0.03735,0.074823,0.048821,0.0,0.062518
5675,0.059908,0.07557,0.018678,0.056895,0.017532,0.0,0.065431
5676,0.062797,0.081164,0.02026,0.044946,0.01554,0.0,0.068715
5677,0.056669,0.067363,0.010261,0.029762,0.012822,0.0,0.061443
5678,0.069989,0.039522,0.007652,0.020447,0.014181,0.0,0.072538
5679,0.053505,0.091865,0.018454,0.077757,0.060335,0.0,0.060326
5680,0.058123,0.050851,0.012907,0.047529,0.034233,0.0,0.061726
5681,0.062933,0.060538,0.012574,0.03387,0.028233,0.0,0.067191
5682,0.069023,0.124062,0.042613,0.125171,0.076482,0.0,0.078534
5683,0.052845,0.078743,0.022292,0.060006,0.032113,0.0,0.058713
5684,0.050372,0.035768,0.016789,0.035005,0.026424,0.0,0.052942
5685,0.064988,0.074358,0.052234,0.12526,0.196133,0.0,0.070968
5686,0.054959,0.059613,0.026469,0.06671,0.11164,0.0,0.059461
5687,0.043769,0.040688,0.022142,0.040982,0.027984,0.0,0.046838
5688,0.058807,0.073015,0.05667,0.134336,0.128414,0.0,0.064807
5689,0.056312,0.060903,0.036006,0.058039,0.033476,0.0,0.061008
5690,0.050498,0.059158,0.01987,0.042476,0.026194,0.0,0.054862
5691,0.060831,0.175842,0.024967,0.10931,0.197233,0.0,0.073998
5692,0.055397,0.13626,0.014155,0.072977,0.087298,0.0,0.065442
5693,0.050225,0.078126,0.009002,0.057509,0.05639,0.0,0.055884
5694,0.037761,0.0992,0.021599,0.079179,0.102555,0.0,0.045296
5695,0.051873,0.086418,0.012891,0.055919,0.052447,0.0,0.058186
5696,0.04903,0.053891,0.01148,0.042654,0.040714,0.0,0.052901
5697,0.050868,0.06711,0.015553,0.119738,0.077107,0.0,0.055902
5698,0.051653,0.049107,0.009142,0.06889,0.056308,0.0,0.055163
5699,0.03248,0.025722,0.008223,0.040895,0.038116,0.0,0.034333
5700,0.009147,0.062311,0.027683,0.085245,0.082257,0.0,0.014246
5701,0.00273,0.039287,0.014836,0.064618,0.071493,0.0,0.005952
5702,0.000249,0.036706,0.010485,0.043926,0.037158,0.0,0.0032
5703,0.025151,0.132982,0.049334,0.064628,0.070447,0.0,0.035644
5704,0.012443,0.085892,0.018194,0.034464,0.029847,0.0,0.01905
5705,0.009062,0.058681,0.006268,0.024324,0.02068,0.0,0.013489
5706,0.011933,0.100155,0.00947,0.032544,0.016561,0.0,0.019483
5707,0.005811,0.038189,0.006376,0.019545,0.014241,0.0,0.008731
5708,0.003266,0.018149,0.004626,0.018924,0.012735,0.0,0.004689
5709,0.007395,0.058599,0.027734,0.032619,0.024604,0.0,0.012136
5710,0.004601,0.043303,0.009934,0.017095,0.013952,0.0,0.007954
5711,0.003125,0.029205,0.005311,0.013632,0.012156,0.0,0.005372
5712,0.011046,0.073372,0.031329,0.043758,0.013283,0.0,0.016926
5713,0.004477,0.066808,0.009501,0.017198,0.007725,0.0,0.009575
5714,0.003436,0.040506,0.004292,0.016215,0.008021,0.0,0.006512
5715,0.008046,0.043917,0.010474,0.032431,0.01433,0.0,0.011454
5716,0.004452,0.042769,0.004658,0.013149,0.006381,0.0,0.007688
5717,0.001735,0.010331,0.003548,0.011071,0.006468,0.0,0.002559
5718,0.001021,0.024535,0.011592,0.022327,0.007199,0.0,0.003036
5719,0.001121,0.012255,0.004722,0.010742,0.003589,0.0,0.002108
5720,0.000749,0.005725,0.004006,0.010546,0.00609,0.0,0.001242
5721,0.020281,0.120798,0.019965,0.041848,0.005646,1.0,0.029462
5722,0.010732,0.064608,0.006172,0.009594,0.003426,0.0,0.01556
5723,0.006695,0.041555,0.001371,0.005621,0.001857,0.0,0.009766
5724,0.020792,0.10442,0.004267,0.004766,0.002297,1.0,0.028472
5725,0.009516,0.044533,0.000833,0.002122,0.000899,0.0,0.012773
5726,0.000858,0.005082,0.000451,0.001587,0.000586,0.0,0.001239
5727,0.017924,0.084443,0.00546,0.00304,0.000489,1.0,0.024152
5728,0.010268,0.052827,0.001578,0.001233,0.000356,0.0,0.014145
5729,0.001782,0.011686,0.00039,0.001869,0.000278,0.0,0.002647
5730,0.012274,0.093711,0.030192,0.020365,0.000866,0.0,0.019601
5731,0.00706,0.044409,0.004012,0.001191,0.000416,0.0,0.010368
5732,0.003751,0.023667,0.001422,0.001004,0.000289,0.0,0.005505
5733,0.006144,0.038605,0.002675,0.002357,0.000465,0.0,0.009011
5734,0.004954,0.023546,0.000909,0.001306,0.000372,0.0,0.006684
5735,0.001653,0.007586,0.000285,0.000974,0.000241,0.0,0.00221
5736,0.005341,0.027205,0.0036,0.003535,0.000624,0.0,0.00738
5737,0.001227,0.007748,0.000445,0.000789,0.000365,0.0,0.001802
5738,0.000219,0.001562,7.4e-05,0.000385,0.000148,0.0,0.000335
5739,0.012367,0.088527,0.006174,0.007571,0.000375,1.0,0.018959
5740,0.008108,0.031971,0.001435,0.00097,0.00015,0.0,0.010447
5741,0.004865,0.011011,0.000362,0.000843,8.9e-05,0.0,0.005654
5742,0.014254,0.081229,0.004175,0.001229,0.000171,1.0,0.02025
5743,0.009014,0.037284,0.000976,0.000417,5.3e-05,0.0,0.011735
5744,0.003026,0.009793,0.000234,0.000249,5.4e-05,0.0,0.003735
5745,0.00043,0.056884,0.024101,0.019539,0.000395,0.0,0.005022
5746,0.00083,0.030638,0.012011,0.000607,4e-05,0.0,0.003268
5747,0.001794,0.019522,0.003361,0.000413,4e-05,0.0,0.00328
5748,0.004796,0.041565,0.007398,0.001563,5.5e-05,0.0,0.007956
5749,0.004454,0.019738,0.001426,0.000509,2.4e-05,0.0,0.00591
5750,0.001768,0.006239,0.000199,0.000285,2e-05,0.0,0.002222
5751,0.000487,0.026429,0.040532,0.016925,0.000345,0.0,0.00303
5752,0.000391,0.016052,0.005192,0.000563,1.6e-05,0.0,0.001654
5753,0.000192,0.007558,0.00138,0.000239,2e-05,0.0,0.000773
5754,0.004417,0.052212,0.004264,0.001274,4.7e-05,0.0,0.008329
5755,0.002663,0.019803,0.001339,0.00037,2.2e-05,0.0,0.004136
5756,0.001959,0.006443,0.000398,0.000224,1.8e-05,0.0,0.00243
5757,0.004059,0.029772,0.00673,0.001447,2e-05,0.0,0.006338
5758,0.003336,0.010722,0.000982,0.000145,9e-06,0.0,0.004122
5759,0.001092,0.003384,6.7e-05,0.000112,7e-06,0.0,0.001337
5760,0.013382,0.13376,0.03628,0.010895,0.000277,1.0,0.023747
5761,0.008853,0.040834,0.008379,0.000906,1e-05,0.0,0.01194
5762,0.002874,0.016632,0.002244,0.000204,9e-06,0.0,0.004121
5763,0.008959,0.035724,0.002584,0.001047,2.2e-05,0.0,0.011587
5764,0.005898,0.016953,0.000848,0.000155,1e-05,0.0,0.007127
5765,0.000738,0.001306,9.6e-05,0.000117,1e-05,0.0,0.000831
5766,0.01681,0.062712,0.007681,0.000873,2.2e-05,1.0,0.021456
5767,0.004251,0.013237,0.00085,0.000133,5e-06,0.0,0.005215
5768,0.001194,0.004008,0.000288,6.8e-05,5e-06,0.0,0.001487
5769,0.04027,0.185086,0.025655,0.013822,0.000516,1.0,0.054111
5770,0.021227,0.090658,0.003534,0.000133,5e-06,0.0,0.027862
5771,0.00927,0.039831,0.000207,6.8e-05,3e-06,0.0,0.012167
5772,0.018406,0.098554,0.004669,0.000433,1.3e-05,0.0,0.025666
5773,0.010513,0.043891,0.000664,7.3e-05,4e-06,0.0,0.013708
5774,0.003663,0.013839,8e-05,4.2e-05,3e-06,0.0,0.004666
5775,0.003824,0.012691,0.001927,0.000656,1.9e-05,0.0,0.004767
5776,0.001461,0.003969,0.000558,3.8e-05,4e-06,0.0,0.001753
5777,0.001127,0.002541,0.000158,3.4e-05,4e-06,0.0,0.00131
5778,0.009865,0.068233,0.039828,0.02365,0.000239,0.0,0.01545
5779,0.003901,0.023234,0.012113,0.000273,5e-06,0.0,0.005766
5780,0.002133,0.018131,0.004139,9.5e-05,2e-06,0.0,0.003522
5781,0.010218,0.051738,0.00305,0.000532,7e-06,0.0,0.014033
5782,0.005566,0.024991,0.00124,6.4e-05,3e-06,0.0,0.007401
5783,0.000968,0.004075,6.5e-05,4e-05,3e-06,0.0,0.001264
5784,0.008979,0.039382,0.006314,0.000865,1.6e-05,0.0,0.011929
5785,0.005463,0.020328,0.001314,4.3e-05,3e-06,0.0,0.006953
5786,0.00228,0.009124,0.000419,2.6e-05,3e-06,0.0,0.002948
5787,0.033261,0.173606,0.01129,0.005344,0.000278,1.0,0.046092
5788,0.016628,0.081713,0.003723,0.00014,2e-06,0.0,0.022634
5789,0.007362,0.034015,0.000248,2.1e-05,2e-06,0.0,0.009841
5790,0.011656,0.074004,0.007499,0.001291,1.5e-05,0.0,0.01718
5791,0.013345,0.057819,0.001256,9.1e-05,3e-06,0.0,0.017564
5792,0.003125,0.015789,0.000171,2.2e-05,1e-06,0.0,0.004279
5793,0.005019,0.043262,0.032962,0.03023,0.000774,0.0,0.008701
5794,0.000679,0.009275,0.011181,0.000701,2e-05,0.0,0.001517
5795,0.000199,0.004168,0.005041,9.6e-05,1e-06,0.0,0.000576
5796,0.009897,0.076357,0.011286,0.001432,8e-06,0.0,0.015661
5797,0.010643,0.029857,0.002457,5.5e-05,2e-06,0.0,0.012818
5798,0.006695,0.012504,0.000288,1.8e-05,1e-06,0.0,0.007579
5799,0.000188,0.001566,0.000715,2.1e-05,2e-06,0.0,0.000313
5800,0.0001,0.000725,0.000443,1e-05,1e-06,0.0,0.00016
5801,7.3e-05,0.000702,0.00019,6e-06,1e-06,0.0,0.000127
5802,0.000169,0.003416,0.000842,0.000204,1.7e-05,0.0,0.000434
5803,3.2e-05,0.000898,0.000245,2.1e-05,1e-06,0.0,0.000102
5804,1.1e-05,0.000539,0.00015,7e-06,1e-06,0.0,5.3e-05
5805,0.000446,0.002681,0.000567,2.1e-05,5e-06,0.0,0.00065
5806,0.000415,0.002085,0.000139,1.2e-05,1e-06,0.0,0.000569
5807,0.000182,0.000768,2.5e-05,8e-06,1e-06,0.0,0.000239
5808,0.000253,0.001819,0.000433,3.5e-05,2e-06,0.0,0.000392
5809,0.000215,0.001202,5.6e-05,6e-06,2e-06,0.0,0.000303
5810,6.9e-05,0.000376,1.6e-05,6e-06,2e-06,0.0,9.7e-05
5811,3.4e-05,0.000319,0.000276,2.9e-05,5e-06,0.0,6.1e-05
5812,2e-05,0.000127,0.000159,7e-06,1e-06,0.0,3.1e-05
5813,1e-05,0.000102,9.7e-05,3e-06,1e-06,0.0,1.9e-05
5814,6.9e-05,0.000752,0.000125,2.5e-05,1e-06,0.0,0.000126
5815,7.8e-05,0.00053,2.1e-05,5e-06,1e-06,0.0,0.000117
5816,2.2e-05,9.6e-05,2e-06,3e-06,1e-06,0.0,2.9e-05
5817,3.5e-05,0.000252,5e-05,1.6e-05,1e-06,0.0,5.4e-05
5818,1.3e-05,5.2e-05,1.3e-05,3e-06,1e-06,0.0,1.7e-05
5819,1e-05,5e-05,5e-06,3e-06,1e-06,0.0,1.3e-05
5820,2e-05,0.000132,4.1e-05,1.1e-05,3e-06,0.0,3e-05
5821,1.9e-05,8.7e-05,1.1e-05,4e-06,2e-06,0.0,2.5e-05
5822,8e-06,3.5e-05,6e-06,3e-06,3e-06,0.0,1.1e-05
5823,6.1e-05,0.000315,1.8e-05,8e-06,3e-06,1.0,8.5e-05
5824,3.2e-05,0.000152,7e-06,2e-06,2e-06,0.0,4.4e-05
5825,1.5e-05,6.5e-05,1e-06,2e-06,1e-06,0.0,2e-05
5826,1e-05,6.9e-05,1.4e-05,8e-06,1e-06,0.0,1.5e-05
5827,7e-06,3.9e-05,5e-06,3e-06,1e-06,0.0,1e-05
5828,6e-06,2.8e-05,2e-06,3e-06,2e-06,0.0,8e-06
5829,5e-06,2.4e-05,1.5e-05,5e-06,2e-06,0.0,7e-06
5830,6e-06,2.2e-05,9e-06,2e-06,1e-06,0.0,7e-06
5831,3e-06,7e-06,3e-06,3e-06,1e-06,0.0,3e-06
5832,5e-06,3e-05,7e-06,3e-06,1e-06,0.0,8e-06
5833,5e-06,2.6e-05,2e-06,2e-06,1e-06,0.0,7e-06
5834,2e-06,7e-06,1e-06,2e-06,1e-06,0.0,3e-06
5835,5e-06,1.3e-05,1e-05,5e-06,1e-06,0.0,6e-06
5836,2e-06,8e-06,4e-06,2e-06,1e-06,0.0,3e-06
5837,3e-06,8e-06,1e-06,3e-06,1e-06,0.0,3e-06
5838,5e-06,1.5e-05,2e-06,4e-06,1e-06,0.0,6e-06
5839,5e-06,1.6e-05,1e-06,2e-06,1e-06,0.0,6e-06
5840,3e-06,1.1e-05,0.0,3e-06,1e-06,0.0,4e-06
5841,4e-06,1.4e-05,1e-06,4e-06,1e-06,0.0,5e-06
5842,3e-06,1e-05,0.0,3e-06,1e-06,0.0,4e-06
5843,4e-06,1.1e-05,1e-06,2e-06,1e-06,0.0,5e-06
5844,2e-06,6e-06,1e-06,2e-06,2e-06,0.0,2e-06
5845,2e-06,7e-06,1e-06,3e-06,1e-06,0.0,2e-06
5846,1e-06,2e-06,0.0,2e-06,1e-06,0.0,1e-06
5847,1e-06,5e-06,0.0,1e-06,0.0,0.0,2e-06
5848,1e-06,2e-06,0.0,1e-06,0.0,0.0,1e-06
5849,1e-06,3e-06,0.0,1e-06,1e-06,0.0,2e-06
5850,1e-06,3e-06,0.0,2e-06,1e-06,0.0,1e-06
5851,1e-06,2e-06,0.0,2e-06,1e-06,0.0,1e-06
5852,1e-06,2e-06,0.0,2e-06,1e-06,0.0,1e-06
5853,1e-06,2e-06,0.0,1e-06,1e-06,0.0,1e-06
5854,1e-06,1e-06,0.0,1e-06,1e-06,0.0,1e-06
5855,0.0,1e-06,0.0,1e-06,1e-06,0.0,0.0
5856,1e-06,2e-06,0.0,1e-06,1e-06,0.0,1e-06
5857,1e-06,2e-06,0.0,1e-06,1e-06,0.0,1e-06
5858,0.0,1e-06,0.0,1e-06,1e-06,0.0,0.0
5859,0.0,0.0,0.0,1e-06,0.0,0.0,0.0
5860,0.0,1e-06,0.0,1e-06,1e-06,0.0,0.0
5861,0.0,1e-06,0.0,1e-06,0.0,0.0,0.0
5862,0.0,0.0,0.0,1e-06,1e-06,0.0,0.0
5863,0.0,0.0,0.0,1e-06,1e-06,0.0,0.0
5864,0.0,0.0,0.0,1e-06,1e-06,0.0,0.0
5865,0.0,1e-06,0.0,1e-06,1e-06,0.0,0.0
5866,0.0,0.0,0.0,1e-06,1e-06,0.0,0.0
5867,0.0,0.0,0.0,1e-06,1e-06,0.0,0.0
5868,0.0,0.0,0.0,1e-06,1e-06,0.0,0.0
5869,0.0,0.0,0.0,1e-06,1e-06,0.0,0.0
5870,0.0,0.0,0.0,1e-06,1e-06,0.0,0.0
5871,0.0,0.0,0.0,1e-06,1e-06,0.0,0.0
5872,0.0,0.0,0.0,1e-06,1e-06,0.0,0.0
5873,0.0,0.0,0.0,1e-06,1e-06,0.0,0.0
5874,0.0,0.0,0.0,1e-06,1e-06,0.0,0.0
5875,0.0,0.0,0.0,1e-06,1e-06,0.0,0.0
5876,0.0,0.0,0.0,1e-06,1e-06,0.0,0.0
5877,0.0,0.0,0.0,1e-06,1e-06,0.0,0.0
5878,0.0,0.0,0.0,1e-06,1e-06,0.0,0.0
5879,0.0,0.0,0.0,1e-06,1e-06,0.0,0.0
5880,0.0,0.0,0.0,1e-06,1e-06,0.0,0.0
5881,0.0,0.0,0.0,1e-06,1e-06,1.0,0.0
5882,0.0,0.0,0.0,1e-06,1e-06,0.0,0.0
5883,0.0,0.0,0.0,1e-06,1e-06,0.0,0.0
5884,0.0,0.0,0.0,1e-06,1e-06,0.0,0.0
5885,0.0,0.0,0.0,1e-06,1e-06,1.0,0.0
5886,0.0,0.0,0.0,1e-06,1e-06,0.0,0.0
5887,1e-06,0.0,0.0,2e-06,1e-06,1.0,1e-06
5888,1e-06,0.0,0.0,1e-06,1e-06,0.0,1e-06
5889,0.0,0.0,0.0,1e-06,1e-06,0.0,0.0
5890,1e-06,0.0,0.0,1e-06,1e-06,0.0,1e-06
5891,0.0,0.0,0.0,1e-06,1e-06,0.0,0.0
5892,0.0,0.0,0.0,1e-06,1e-06,0.0,0.0
5893,0.0,0.0,0.0,1e-06,1e-06,0.0,0.0
5894,1e-06,0.0,0.0,1e-06,1e-06,0.0,1e-06
5895,0.0,0.0,0.0,1e-06,1e-06,0.0,0.0
5896,0.0,0.0,0.0,1e-06,1e-06,0.0,0.0
5897,0.0,0.0,0.0,1e-06,1e-06,0.0,0.0
5898,0.0,0.0,0.0,1e-06,1e-06,0.0,0.0
5899,0.0,0.0,0.0,0.0,1e-06,0.0,0.0
